ticket_text,category,priority,cleaned_text
File Share Access - [TICKET ID] - [NAME]. [NAME] ([COMPANY]. [LOCATION]),Technical Issue,Medium,file share access ticket company location
File Share Access - [TICKET ID] - [NAME] ([COMPANY]A. [LOCATION]),Technical Issue,Medium,file share access ticket company location
[TICKET ID] - A Support Ticket was forwarded to your role  - Leaving Employee - [TICKET ID] - [NAME] ([COMPANY]. [LOCATION]),General Query,Medium,ticket support ticket forwarded role leaving employee ticket company location
[TICKET ID] - A Support Ticket was forwarded to your role  - check_mk SD Hostalarm: ([LOCATION]-WSUS01) [COMPANY] [SERVER] -[LOCATION]Server - UP -> DOWN,General Query,High,ticket support ticket forwarded role check hostalarm location wsus company server location server
LVS not respondingLVS will not except my password to let me log on. ,Technical Issue,Medium,lvs respondinglvs password let log
[TICKET ID] - New Support Ticket received  - Phone user message,General Query,Medium,ticket new support ticket received phone user message
File Share Access - [TICKET ID] -Service Request: File Share Access     Grant access to file share for the following user:   (Username: )  Access Type: (RW) Read / Write  File Share:  J:/[COMPANY]/HR     Requestor: [NAME] ([COMPANY]. [LOCATION])  Comment:,Technical Issue,Medium,file share access ticket service request file share access grant access file share following user username access type read write file share company requestor company location comment
Java Installation on [SERVER],Technical Issue,Medium,java installation server
Shared Mailbox Access - [TICKET ID] - [EMAIL],General Query,Medium,shared mailbox access ticket email
[TICKET ID] - A Support Ticket was forwarded to your role  - Alteração de aprovador,General Query,Medium,ticket support ticket forwarded role altera aprovador
File Share Access - [TICKET ID] - [NAME] ([COMPANY]. [LOCATION]),Technical Issue,Medium,file share access ticket company location
[TICKET ID] - New Support Ticket received  - Basis User - [USERNAME] - [NAME] ([COMPANY]. [LOCATION]),General Query,Medium,ticket new support ticket received basis user username company location
Basis User - [TICKET ID] -Service Request: Basis User     Create Windows account for internal user       Firstname:  [NAME]  Lastname:  [NAME]  Cost Center:  813330  Company:    Department:  [ADDRESS]-[ADDRESS]:    ZIP:    City:    Country:    Office:       Important: Please set the EA10 to the following value: 13672 (leave blank. when empty)  Please create Exchange and Skype account.  The user needs at least the following access permissions:  Access to [SOFTWARE] ([SERVER])  Requestor:  [NAME] ([COMPANY]. [LOCATION])     Desired date:  Jan 15 2019 12:00AM     Additional information:,General Query,Medium,basis user ticket service request basis user create windows account internal user firstname lastname cost center company department address address zip city country office important set following value leave blank create exchange skype account user needs following access permissions access software server requestor company location desired date jan additional information
[TICKET ID] - New Support Ticket received  - [NAME] Access,Technical Issue,Medium,ticket new support ticket received access
Remove File Share Access - [TICKET ID] - [NAME] ([COMPANY]A. [LOCATION]),Technical Issue,Medium,remove file share access ticket company location
The following system must be set to End Of Life in Nexthink and checked for[LOCATION]reservations:  [SERVER]  -Automated ticket creation-Please remove the system from Nexthink according to the[LOCATION]process and please verify if any[LOCATION]reservations exist. If yes. please remove reservations and note down the corresponding IP(s) and inform [COMPANY] network team to remove firewall rules if there are any.,Technical Issue,High,following set end life nexthink checked location reservations server automated ticket creation remove nexthink according location process verify location reservations exist yes remove reservations note corresponding inform company network team remove firewall rules
File Share Access - [TICKET ID] - [NAME] ([COMPANY] [LOCATION]),Technical Issue,Medium,file share access ticket company location
[TICKET ID] - New Support Ticket received  - Light User for external - [TICKET ID] - [NAME],General Query,Medium,ticket new support ticket received light user external ticket
[TICKET ID] - A Support Ticket was forwarded to your role  - merge mailgroup [EMAIL] with invoice-uk,Technical Issue,Medium,ticket support ticket forwarded role merge mailgroup email invoice
File Share Access - [TICKET ID] - [NAME] (EXTERNAL. [LOCATION]),Technical Issue,Medium,file share access ticket external location
[TICKET ID] - A Support Ticket was forwarded to your role  -[LOCATION]1.0 deactivation on [IP_ADDRESS] (DNS: [COMPANY].de / Netbios: [COMPANY]UP/[SERVER]) ,General Query,Medium,ticket support ticket forwarded role location deactivation address dns company netbios company server
Recover File on Fileserver,Technical Issue,Medium,recover file fileserver
[TICKET ID] - New Support Ticket received  - Create[LOCATION]entry [COMPANY]up.ads.dir  ,General Query,Medium,ticket new support ticket received create location entry company ads dir
Emails undeliverableEmails sent to [EMAIL] mailto:[EMAIL] are not working.,Technical Issue,Medium,emails undeliverableemails sent email mailto email working
Acesso Admin no AD,Account,Medium,acesso admin
File Share Access - [TICKET ID] - [NAME] ([COMPANY]. [LOCATION])Service Request: File Share Access     Grant access to file share for the following user:  [NAME] ([COMPANY]. [LOCATION]) (Username: [USERNAME])  Access Type: (RW) Read / Write  File Share:    Outlook Verteiler [COMPANY] aktualisieren und [NAME] hinzufügen       Verteiler [COMPANY]-BS und [COMPANY] aktualisieren und [NAME] entfernen        Requestor: [NAME] ([COMPANY]. [LOCATION])  Comment:  Abteilungswechsel!,Technical Issue,Medium,file share access ticket company location service request file share access grant access file share following user company location username username access type read write file share outlook verteiler company aktualisieren und hinzuf gen verteiler company und company aktualisieren und entfernen requestor company location comment abteilungswechsel
Light User for external - [TICKET ID] - [USERNAME]. [NAME]Service Request: Light User for external  Create Light user for [USERNAME]. [NAME]      Firstname: [NAME]   Lastname: [NAME]ailaddress: [EMAIL]  Phone: 0  Cost Center: 47050  Function:[LOCATION]Consultant  Company: [COMPANY]  Department: GIT-[ADDRESS]  ZIP: [ADDRESS]  City: [ADDRESS]  Country: [ADDRESS]  Location:[LOCATION] Office:   Expiration date: Not defined     Important: Please indicate in EA14 that it is an external user.     Requestor: [NAME] ([COMPANY]. [LOCATION])     Desired date: Dec 18 2018 12:00AM     Additional information:  NameMailZugänge Witali [EMAIL] Citrix.[LOCATION]BW User (inkl. Entwicklerschlüssel). Zugang BO/BI Launchpad  [NAME] [EMAIL] Citrix.[LOCATION]BW User (inkl. Entwicklerschlüssel). Zugang BO/BI Launchpad  [NAME] [EMAIL] Citrix.[LOCATION]BW User (inkl. Entwicklerschlüssel). Zugang BO/BI Launchpad + lokale und server Lumira Designer Version zum Erstellen und upload von dem Dashboard  [NAME] [EMAIL] Citrix.[LOCATION]BW User (inkl. Entwicklerschlüssel). Zugang BO/BI Launchpad,General Query,Medium,light user external ticket username service request light user external create light user username firstname lastname ailaddress email phone cost center function location consultant company company department git address zip address city address country address location location office expiration date defined important indicate external user requestor company location desired date dec additional information namemailzug nge witali email citrix location user inkl entwicklerschl ssel zugang launchpad email citrix location user inkl entwicklerschl ssel zugang launchpad email citrix location user inkl entwicklerschl ssel zugang launchpad lokale und server lumira designer version zum erstellen und upload von dem dashboard email citrix location user inkl entwicklerschl ssel zugang launchpad
Outllook - Senden im Auftrag von [EMAIL] nicht mehr möglich,General Query,Medium,outllook senden auftrag von email nicht mehr glich
[TICKET ID] - A Support Ticket was forwarded to your role  - Problem sending emails to address [EMAIL].,Technical Issue,Medium,ticket support ticket forwarded role problem sending emails address email
[TICKET ID] - A Support Ticket was forwarded to your role  - CREACIÓN DE CORREO [NAME],Account,Medium,ticket support ticket forwarded role creaci correo
Initiated by GIT: Missing connection to all securitytools on system [SERVER],Technical Issue,Medium,initiated git missing connection securitytools server
Instalacion de carpeta J en Red,Technical Issue,Medium,instalacion carpeta red
[TICKET ID] - A Support Ticket was forwarded to you  - Access [EMAIL],Technical Issue,Medium,ticket support ticket forwarded access email
[TICKET ID] - New Support Ticket received  - Cannot access files,Technical Issue,Medium,ticket new support ticket received access files
[TICKET ID] - New Support Ticket received  - Computer troubles,General Query,Medium,ticket new support ticket received computer troubles
access to public folder,Technical Issue,Medium,access public folder
Shared Mailbox Access - [ADDRESS] - [EMAIL],General Query,Medium,shared mailbox access address email
[COMPANY] Intranet Editor Rights User  Internal- [TICKET ID]Service Request: Intranet Editor Rights     Set Intranet Editor Rights only user for [NAME] ([COMPANY]A. [LOCATION])     Firstname: [NAME]  Lastname: [NAME]  Cost Center: 22008  Company: [COMPANY] SE & Co. KGaA  Department: [COMPANY]-SC  [ADDRESS]: [ADDRESS]  ZIP: [ADDRESS]  City: [ADDRESS]  Country: Germany  Office: [LOCATION]. IG VI. 3.24     Editor Rights required  Publish News :False  Publish News and Content Pages: True   I dont know: False     Requestor: [NAME] ([COMPANY]A. [LOCATION])  Additional information:,Account,Medium,company intranet editor rights user internal ticket service request intranet editor rights set intranet editor rights user company location firstname lastname cost center company company kgaa department company address address zip address city address country germany office location editor rights required publish news false publish news content pages true dont know false requestor company location additional information
Need administrative rights for [LOCATION],Technical Issue,Medium,need administrative rights location
Shared Mailbox Access - [AWS_ACCESS_KEY] - [EMAIL],General Query,Medium,shared mailbox access aws access key email
Light User for external - [TICKET ID] - [USERNAME]-[NAME] Service Request: Light User for external  Create Light user for [USERNAME]. Firstname: [NAME]  Lastname: [NAME]ailaddress: [EMAIL]  Phone: [PHONE]  Cost Center: 32151  Function: Geschäftsführer  /  Managing director  Company: [COMPANY] GmbH  Department: SB-SP  [ADDRESS]: [ADDRESS]  ZIP: [ADDRESS]  City: [ADDRESS]  Country: [ADDRESS]  Location:[LOCATION] Office:   Expiration date: Feb  4 2020 12:00AM     Important: Please indicate in EA14 that it is an external user.     Requestor: [NAME] ([COMPANY]. [LOCATION])     Desired date: Feb  4 2019 12:00AM     Additional information:  [NAME] wird die Leererkennung im Regal realisieren.,General Query,Medium,light user external ticket username service request light user external create light user username firstname lastname ailaddress email phone phone cost center function gesch ftsf hrer managing director company company gmbh department address address zip address city address country address location location office expiration date feb important indicate external user requestor company location desired date feb additional information wird die leererkennung regal realisieren
[TICKET ID] - New Support Ticket received  - Basis User - [USERNAME] - [USERNAME] ([COMPANY]. [LOCATION])  ,General Query,Medium,ticket new support ticket received basis user username username company location
Problem with my user,Account,Medium,problem user
access to s3 bucket,Technical Issue,Medium,access bucket
Light User for external - [TICKET ID] - [NAME]Service Request: Light User for external  Create Light user for [NAME]      Firstname: [NAME]   Lastname: [NAME]ailaddress: [EMAIL]  Phone: [PHONE]  Cost Center: 47003  Function: Praktikantin  Company: Praktikantin  Department: GMC-[ADDRESS]  ZIP: [ADDRESS]  City: [ADDRESS]  Country: Germany  Location:[LOCATION] Office:   Expiration date: Mar 31 2019 12:00AM     Important: Please indicate in EA14 that it is an external user.     Requestor: [USERNAME] ([COMPANY]. [LOCATION])     Desired date: Feb  4 2019 12:00AM     Additional information:,General Query,Medium,light user external ticket service request light user external create light user firstname lastname ailaddress email phone phone cost center function praktikantin company praktikantin department gmc address zip address city address country germany location location office expiration date mar important indicate external user requestor username company location desired date feb additional information
Preciso que libere acesso à pasta J/RH,Technical Issue,Medium,preciso que libere acesso pasta
[TICKET ID] - New Support Ticket received  - Request access to [NAME]s email  ,Technical Issue,Medium,ticket new support ticket received request access email
Create AD group for [COMPANY] Scandinavia for myHR,Account,Medium,create group company scandinavia myhr
[TICKET ID] - New Support Ticket received  - Instalação software para ponto eletrônico,Technical Issue,Medium,ticket new support ticket received instala software para ponto eletr nico
[TICKET ID] - A Support Ticket was forwarded to your role  - Initiated by [COMPANY][LOCATION]- Vulnerable Adobe Flash on [SERVER],General Query,Medium,ticket support ticket forwarded role initiated company location vulnerable adobe flash server
No funciona SkypeBuenas tardes.  Me dejo de funcionar el Slype desde el viernes.  Gracias.,Technical Issue,Medium,funciona skypebuenas tardes dejo funcionar slype desde viernes gracias
missing emailsMissing emails from 9/2018 to 9/2017              [Image],Technical Issue,Medium,missing emailsmissing emails image
Erro pacote office,Technical Issue,Medium,erro pacote office
File Share Access - [TICKET ID] - [NAME] ([COMPANY]. [LOCATION])Service Request: File Share Access     Grant access to file share for the following user:  [NAME] ([COMPANY]. [LOCATION]) (Username: [USERNAME])  Access Type: (RW) Read / Write  File Share:  //[COMPANY]up.ads.dir/[COMPANY]ein01-ems01/[LOCATION]/Groups/ESBA     Requestor: [NAME] ([COMPANY]. [LOCATION])  Comment:,Technical Issue,Medium,file share access ticket company location service request file share access grant access file share following user company location username username access type read write file share company ads dir company ein ems location groups esba requestor company location comment
Create Shared Mailbox - [EMAIL] - [EMAIL],General Query,Medium,create shared mailbox email email
[TICKET ID] - A Support Ticket was forwarded to your role  - Expend service account permissons for [SOFTWARE] AD access,General Query,Medium,ticket support ticket forwarded role expend service account permissons software access
Unable to access missed conversations in OutlookHello.  When I click on a missed conversation in Outlook. it will not open it and give an error message.  See attachment....  Thanks!,Technical Issue,Medium,unable access missed conversations outlookhello click missed conversation outlook open error message attachment thanks
File Share Access - [TICKET ID] - [ADDRESS] ([COMPANY]A. [LOCATION]),Technical Issue,Medium,file share access ticket address company location
File Share Access - [TICKET ID] - [NAME] ([COMPANY]-[PASSWORD]. [LOCATION]),Technical Issue,Medium,file share access ticket company password location
Fileserver Migration[LOCATION](From [SERVER] to [SERVER]),Technical Issue,Medium,fileserver migration location server server
Initiated by GIT: Missing connection to AV on system [SERVER],Technical Issue,Medium,initiated git missing connection server
create new OUs North_America and South_America,Account,Medium,create new ous north america south america
Users [USERNAME] and Yock need help with VPN,General Query,Medium,users username yock need help vpn
Shared Mailbox Access - [PASSWORD] - [EMAIL],General Query,Medium,shared mailbox access password email
[COMPANY] - Security - Standard Change Add Member to Group Permission for mtx_service,General Query,Medium,company security standard change add member group permission mtx service
File Share Access - [TICKET ID] - [NAME] ([COMPANY]A. External),Technical Issue,Medium,file share access ticket company external
Guest wireless issues,General Query,Medium,guest wireless issues
Temporärer Zugang zur Mailgruppe [COMPANY] Standort Einbeck um eine wichtige Mitteilung zur Datennutzung zu verschicken,General Query,Medium,tempor rer zugang zur mailgruppe company standort einbeck eine wichtige mitteilung zur datennutzung verschicken
File Share Access - [TICKET ID] - [NAME] ([COMPANY]. [LOCATION])Service Request: File Share Access     Grant access to file share for the following user:  [NAME] ([COMPANY]. [LOCATION]) (Username: [USERNAME])  Access Type: (RW) Read / Write  File Share:      N:/MA55/      please create the folder and give R/W access for this and all subfolders.        Requestor: [NAME] ([COMPANY]. [LOCATION])  Comment:,Technical Issue,Medium,file share access ticket company location service request file share access grant access file share following user company location username username access type read write file share create folder access subfolders requestor company location comment
impressora com erro,Technical Issue,Medium,impressora com erro
[TICKET ID] - New Support Ticket received  - File Share Access - [TICKET ID] - [NAME] ([COMPANY]. [LOCATION]),Technical Issue,Medium,ticket new support ticket received file share access ticket company location
[TICKET ID] - This Support Ticket was reopened  - Acesso a Intranet [COMPANY],General Query,Medium,ticket support ticket reopened acesso intranet company
Missing connection to McAfee on system [SERVER],Technical Issue,Medium,missing connection mcafee server
Liberação acesso a pasta,Technical Issue,Medium,libera acesso pasta
Impressora Zebra nao está imprimindo.,Technical Issue,Medium,impressora zebra nao est imprimindo
Basis User - [TICKET ID] - [NAME] ([COMPANY]. [LOCATION])Service Request: Basis User     Create Windows account for internal user  [NAME] ([COMPANY]. [LOCATION])     Firstname:  [NAME]  Lastname:  [NAME]  Cost Center:  41601  Company:  [COMPANY] SE  Department:  GGR-[ADDRESS]  ZIP:  [ADDRESS]  City:  [ADDRESS]  Country:  [ADDRESS]  Office:       Important: Please set the EA10 to the following value: 13415 (leave blank. when empty)  Please create Exchange and Skype account.  The user needs at least the following access permissions:  (RW) H:/%username%  (RO) J:/Auftrag  (RW) J:/Info  (RW) J:/Transfer  (RO) J:/Vorlagen  Access to [COMPANY] intranet  Access to [SOFTWARE] ([SERVER])  Requestor: [NAME] ([COMPANY]. [LOCATION])     Desired date:  Jan  2 2019 12:00AM     Additional information:   [NAME] beginnt seine Arbeit erst am 02.01.19. Lieferungend avor bitte an [NAME] oder [NAME] [NAME]ke,General Query,Medium,basis user ticket company location service request basis user create windows account internal user company location firstname lastname cost center company company department ggr address zip address city address country address office important set following value leave blank create exchange skype account user needs following access permissions username auftrag info transfer vorlagen access company intranet access software server requestor company location desired date jan additional information beginnt seine arbeit erst lieferungend avor bitte oder
[TICKET ID] - New Support Ticket received  -[LOCATION]on samsung J7 not working. Lost Login credentials. ,Technical Issue,Medium,ticket new support ticket received location samsung working lost login credentials
[TICKET ID] - New Support Ticket received  - Problema Computador da [NAME],General Query,Medium,ticket new support ticket received problema computador
We need the [NAME] to be connected to the R Drive,Technical Issue,Medium,need connected drive
[TICKET ID] - New Support Ticket received  - Moorhead printer,Technical Issue,Medium,ticket new support ticket received moorhead printer
[TICKET ID] - New Support Ticket received  - cambio formato de excel en archivos,Technical Issue,Medium,ticket new support ticket received cambio formato excel archivos
User [USERNAME] löschen,Account,Medium,user username schen
Acceso a Carpetas,Technical Issue,Medium,acceso carpetas
[TICKET ID] - New Support Ticket received  - Cadastrar usuário + compra de equipamento -[LOCATION]13362,Account,Medium,ticket new support ticket received cadastrar usu rio compra equipamento location
Konto wird immer wieder gesperrt,Account,Medium,konto wird immer wieder gesperrt
Is it possible to download Power BI Desktop?,Technical Issue,High,possible download power desktop
[TICKET ID] - A Support Ticket was forwarded to your role  - URL,General Query,Medium,ticket support ticket forwarded role url
Change[LOCATION]Entry[LOCATION]FirewallChange[LOCATION]Entry[LOCATION]Firewall,General Query,Medium,change location entry location firewallchange location entry location firewall
[TICKET ID] - New Support Ticket received  - [Light House] [SERVER],General Query,Medium,ticket new support ticket received light house server
Acces au [COMPANY] Interne,Account,Medium,acces company interne
Light User for external - [TICKET ID] - [NAME]Service Request: Light User for external  Create Light user for [NAME]      Firstname: [NAME]   Lastname: [NAME]ailaddress: [EMAIL]  Phone: 0  Cost Center: 47050  Function:[LOCATION]Consultant  Company: [COMPANY]  Department: GIT-[ADDRESS]  ZIP: [ADDRESS]  City: [ADDRESS]  Country: [ADDRESS]  Location:[LOCATION] Office:   Expiration date: Not defined     Important: Please indicate in EA14 that it is an external user.     Requestor: [NAME] ([COMPANY]. [LOCATION])     Desired date: Dec 18 2018 12:00AM     Additional information:  NameMailZugänge Witali [EMAIL] Citrix.[LOCATION]BW User (inkl. Entwicklerschlüssel). Zugang BO/BI Launchpad  [NAME] [EMAIL] Citrix.[LOCATION]BW User (inkl. Entwicklerschlüssel). Zugang BO/BI Launchpad  [NAME] [EMAIL] Citrix.[LOCATION]BW User (inkl. Entwicklerschlüssel). Zugang BO/BI Launchpad + lokale und server Lumira Designer Version zum Erstellen und upload von dem Dashboard  [NAME] [EMAIL] Citrix.[LOCATION]BW User (inkl. Entwicklerschlüssel). Zugang BO/BI Launchpad,General Query,Medium,light user external ticket service request light user external create light user firstname lastname ailaddress email phone cost center function location consultant company company department git address zip address city address country address location location office expiration date defined important indicate external user requestor company location desired date dec additional information namemailzug nge witali email citrix location user inkl entwicklerschl ssel zugang launchpad email citrix location user inkl entwicklerschl ssel zugang launchpad email citrix location user inkl entwicklerschl ssel zugang launchpad lokale und server lumira designer version zum erstellen und upload von dem dashboard email citrix location user inkl entwicklerschl ssel zugang launchpad
Light User for external - [TICKET ID] - [NAME]Service Request: Light User for external  Create Light user for [NAME]     Firstname: [NAME]  Lastname: [NAME]ailaddress: [EMAIL]  Phone: [PHONE]  Cost Center: 44288  Function: Vigilant  Company: [COMPANY]  Department: [ADDRESS] [ADDRESS] 2 KM – [ADDRESS] Rural.  ZIP:[LOCATION][ADDRESS]  City: [ADDRESS]  Country: [ADDRESS]  Location:[LOCATION] Office:   Expiration date: Not defined     Important: Please indicate in EA14 that it is an external user.     Requestor: [NAME] ([COMPANY]. [LOCATION])     Desired date: Dec 22 2018  3:00AM     Additional information:,General Query,Medium,light user external ticket service request light user external create light user firstname lastname ailaddress email phone phone cost center function vigilant company company department address address address rural zip location address city address country address location location office expiration date defined important indicate external user requestor company location desired date dec additional information
Mailbox von [NAME] als Shared Mailbox weiterhin bestehen lassen,General Query,Medium,mailbox von als shared mailbox weiterhin bestehen lassen
[TICKET ID] - New Support Ticket received  - Acesso,Technical Issue,Medium,ticket new support ticket received acesso
File Share Access - [TICKET ID] - [NAME]. [NAME] ([COMPANY]. BRLM),Technical Issue,Medium,file share access ticket company brlm
Initiated by GIT: Missing connection to all security tools on [SERVER],Technical Issue,Medium,initiated git missing connection security tools server
Login to Citrix for[LOCATION]and [NAME],Technical Issue,Medium,login citrix location
The user [NAME] @[URL] domain mailbox,General Query,Medium,user url domain mailbox
[TICKET ID] - New Support Ticket received  - Problema no recebimento dos e-mail do [EMAIL],Technical Issue,Medium,ticket new support ticket received problema recebimento dos mail email
[TICKET ID] - A Support Ticket was forwarded to you  - Send as delegate ,Technical Issue,Medium,ticket support ticket forwarded send delegate
[TICKET ID] - New Support Ticket received  - Desbloqueio de Celular,General Query,Medium,ticket new support ticket received desbloqueio celular
Zugriffsberechtigungen IT-Servicedesk Postfach für [NAME],General Query,Medium,zugriffsberechtigungen servicedesk postfach
Ads Slide in from the side and need to be stopped.,Technical Issue,Medium,ads slide need stopped
[TICKET ID] - New Support Ticket received  - Mensagem,Technical Issue,Medium,ticket new support ticket received mensagem
Instalar e-mail na impressora para digitalizações,Technical Issue,Medium,instalar mail impressora para digitaliza
[TICKET ID] - A Support Ticket was forwarded to your role  -  Zugriff Shared Mailbox - [NAME] [EMAIL] auf ITCC,Technical Issue,Medium,ticket support ticket forwarded role zugriff shared mailbox email auf itcc
File Share Access - [TICKET ID] - [USERNAME]. [NAME] ([COMPANY]. [LOCATION])Service Request: File Share Access     Grant access to file share for the following user:  [USERNAME]. [NAME] ([COMPANY]. [LOCATION]) (Username: [USERNAME])  Access Type: (RW) Read / Write  File Share:                     J:/INS-DV              Requestor: [USERNAME] ([COMPANY]. [LOCATION])  Comment:,Technical Issue,Medium,file share access ticket username company location service request file share access grant access file share following user username company location username username access type read write file share ins requestor username company location comment
[TICKET ID] - A Support Ticket was forwarded to your role  - Mail Blockierung?,Technical Issue,Medium,ticket support ticket forwarded role mail blockierung
[TICKET ID] - New Support Ticket received  - Mcafee,General Query,Medium,ticket new support ticket received mcafee
E-mail do sac,General Query,Medium,mail sac
[TICKET ID] - New information received on closed ticket  - Documents not scanning from copier to email,Technical Issue,Medium,ticket new information received closed ticket documents scanning copier email
[TICKET ID] - A Support Ticket was forwarded to your role  - check_mk SD Hostalarm: ([SERVER]) [COMPANY] LS Site2Site[LOCATION]- UP -> DOWN,General Query,High,ticket support ticket forwarded role check hostalarm server company site site location
[TICKET ID] - New Support Ticket received  - Citrix not working and need Nautilus 9.3 on PC and installed as Citrix app,Technical Issue,Medium,ticket new support ticket received citrix working need nautilus installed citrix app
Printer Access,Technical Issue,Medium,printer access
Acesso à Pasta de Rede,Technical Issue,Medium,acesso pasta rede
[COMPANY] list of employees in e-mails is not complete,Technical Issue,Medium,company list employees mails complete
Basis User - [TICKET ID] - [USERNAME] ([COMPANY])Service Request: Basis User     Create Windows account for internal user  [USERNAME] ([COMPANY])     Firstname:  [NAME]  Lastname:  [NAME]  Cost Center:  958302  Company:  [COMPANY][LOCATION] Department:  CE-PRL-[ADDRESS]-[ADDRESS]  ZIP:  [ADDRESS]  City:  [ADDRESS]  Country:  Germany  Office:       Important: Please set the EA10 to the following value: 8340 (leave blank. when empty)  Please create Exchange and Skype account.  The user needs at least the following access permissions:  (RW) H:/%username%  (RO) J:/Auftrag  (RW) J:/Info  (RW) J:/Transfer  (RO) J:/Vorlagen  Access to [COMPANY] intranet  Access to [SOFTWARE] ([SERVER])  Requestor:  [NAME] ([COMPANY])     Desired date:  Jan  1 2019 12:00AM     Additional information:,General Query,Medium,basis user ticket username company service request basis user create windows account internal user username company firstname lastname cost center company company location department prl address address zip address city address country germany office important set following value leave blank create exchange skype account user needs following access permissions username auftrag info transfer vorlagen access company intranet access software server requestor company desired date jan additional information
[TICKET ID] - New Support Ticket received  - T&C Cellular Signal ,General Query,Medium,ticket new support ticket received cellular signal
[SERVER] - Outdated McAfee Agent,Technical Issue,Medium,server outdated mcafee agent
(2020011813239) Verizon Initial Notification,General Query,Medium,verizon initial notification
[TICKET ID] - New Support Ticket received  - Instalação de software,Technical Issue,Medium,ticket new support ticket received instala software
Matrix update stalled,Technical Issue,Medium,matrix update stalled
Kommandozeile basierte Ablegen von Daten aus dem Netzwerk in einem S3 bucket,Technical Issue,Medium,kommandozeile basierte ablegen von daten aus dem netzwerk einem bucket
File Share Access - [TICKET ID] -[LOCATION]ServiceService Request: File Share Access     Grant access to file share for the following user:  [NAME] (Username: [USERNAME])  Access Type: (RO) Read only  File Share:  //[SERVER]/[COMPANY]/[COMPANY] Berichte/     Requestor: [NAME] (EXTERNAL. [LOCATION])  Comment:  Used for exchanging [SOFTWARE] Import files,Technical Issue,Medium,file share access ticket location serviceservice request file share access grant access file share following user username username access type read file share server company company berichte requestor external location comment used exchanging software import files
Restore AD object [NAME],Account,Medium,restore object
Liberação de acesso a planilha,Technical Issue,Medium,libera acesso planilha
File Share Access - [TICKET ID] - [NAME] ([COMPANY]),Technical Issue,Medium,file share access ticket company
File Share Access - [TICKET ID] [NAME] ([COMPANY]A. [LOCATION]),Technical Issue,Medium,file share access ticket company location
[TICKET ID] - A Support Ticket was forwarded to you  - UPN/email ID change,Account,Medium,ticket support ticket forwarded upn email change
The user [USERNAME] need @[USERNAME] mailbox,General Query,Medium,user username need username mailbox
Remove File Share Access - [TICKET ID] - [USERNAME] ([COMPANY]. [LOCATION])Service Request: Remove File Share Access     Remove file share access for the following user:  [USERNAME] ([COMPANY]. [LOCATION]) (Username: [USERNAME])  File Share:       Requestor: [USERNAME] ([COMPANY]. [LOCATION])  Comment:  Hallo Zusammen. bitte den Zugriff auf Laufwerk J: Groups:  ZET-PW für mich entfernen lassen ! Danke und Gruß,Technical Issue,Medium,remove file share access ticket username company location service request remove file share access remove file share access following user username company location username username file share requestor username company location comment hallo zusammen bitte den zugriff auf laufwerk groups zet mich entfernen lassen danke und gru
The following system must be set to End Of Life in Nexthink:  [SERVER]  -Automated ticket creation-The following system must be set to End Of Life in Nexthink:  [SERVER],Technical Issue,Medium,following set end life nexthink server automated ticket creation following set end life nexthink server
Externen Kontakt im AD anlegen,Account,Medium,externen kontakt anlegen
Create Shared Mailbox - [EMAIL] -[LOCATION]HR,General Query,Medium,create shared mailbox email location
[TICKET ID] - New Support Ticket received  - Wifi Request,General Query,Medium,ticket new support ticket received wifi request
[TICKET ID] - New Support Ticket received  - Need installation of a new mobile phone- blackberry. Okta. mobile pass,Technical Issue,Medium,ticket new support ticket received need installation new mobile phone blackberry okta mobile pass
[TICKET ID] - New Support Ticket received  - Skype Not Working,Technical Issue,Medium,ticket new support ticket received skype working
Light User for external - [TICKET ID] - [NAME]Service Request: Light User for external  Create Light user for [USERNAME]     Firstname: [NAME]  Lastname: [NAME]ailaddress: [EMAIL]   Phone: [PHONE]   Cost Center: 47046  Function: Development Lead & Integration Manager for[LOCATION] Company: [COMPANY][LOCATION] Department: GIT-[ADDRESS]  [ADDRESS]  ZIP: [ADDRESS]  City: [ADDRESS]  Country: [ADDRESS]  Location:[LOCATION] Office:   Expiration date: Not defined     Important: Please indicate in EA14 that it is an external user.     Requestor: [NAME] ([COMPANY]. [LOCATION])     Desired date: Jan  9 2019 12:00AM     Additional information:,General Query,Medium,light user external ticket service request light user external create light user username firstname lastname ailaddress email phone phone cost center function development lead integration manager location company company location department git address address zip address city address country address location location office expiration date defined important indicate external user requestor company location desired date jan additional information
Delete Shared Mailbox - [TICKET ID] - [EMAIL] ([COMPANY]-[PASSWORD]. [LOCATION]),General Query,Medium,delete shared mailbox ticket email company password location
Printer at my desk is hesitating when printing,Technical Issue,Medium,printer desk hesitating printing
File Share Access - [TICKET ID] - [ADDRESS][COMPANY]. [LOCATION]),Technical Issue,Medium,file share access ticket address company location
Acceso carpeta Produccion en Z,Technical Issue,Medium,acceso carpeta produccion
Edit Rechte auf AD Gruppe: [SERVER]_Publishing Bitte[LOCATION]Rechte für die User-Pflege auf die folgende AD-Gruppe erteilen:  [SERVER]_Publishing,Account,Medium,edit rechte auf gruppe server publishing bitte location rechte die user pflege auf die folgende gruppe erteilen server publishing
File Share Access - [TICKET ID] - [USERNAME]. Dirk ([COMPANY]. [LOCATION])Service Request: File Share Access     Grant access to file share for the following user:  [USERNAME] ([COMPANY]. [LOCATION]) (Username: [USERNAME])  Access Type: (RW) Read / Write  File Share:  J:/MBCALC     Requestor: [NAME] ([COMPANY]. [LOCATION])  Comment:,Technical Issue,Medium,file share access ticket username dirk company location service request file share access grant access file share following user username company location username username access type read write file share mbcalc requestor company location comment
ACESSO EMAIL URGENTE,General Query,High,acesso email urgente
File Share Access - [TICKET ID] - [NAME] ([COMPANY]. [LOCATION])Service Request: File Share Access     Grant access to file share for the following user:  [NAME] ([COMPANY]. [LOCATION]) (Username: )  Access Type: (RW) Read / Write  File Share:  [URL]     Requestor: [NAME] ([COMPANY]. [LOCATION])  Comment:  MA Turetzek Hard- and Software Lieferung ins Erdgeschoss der Villa.   Unsere temporäre Kollegin Birgit Turetzek benötigt vom 01.02. bis 30.04.2019 ein Notebook Leihgerät.[LOCATION]User fürs P01 incl. Logistikberechtigungen. Microsoft Anwendungen wie Outlook. Excel. Word und Zugriff auf das Laufwerk [URL]  Vielen Dank,Technical Issue,Medium,file share access ticket company location service request file share access grant access file share following user company location username access type read write file share url requestor company location comment turetzek hard software lieferung ins erdgeschoss der villa unsere tempor kollegin birgit turetzek ben tigt vom bis ein notebook leihger location user incl logistikberechtigungen microsoft anwendungen wie outlook excel word und zugriff auf das laufwerk url vielen dank
SR290606 Leaving employee: The user [NAME] ([COMPANY]; [LOCATION]) is going to leave [COMPANY] on 02;01;2018,Account,Medium,leaving employee user company location going leave company
Instalacao impressora EPSON L3150,Technical Issue,Medium,instalacao impressora epson
Check the mailbox,General Query,Medium,check mailbox
[TICKET ID] - New Support Ticket received  - problemas para imprimir pedidos,Technical Issue,Medium,ticket new support ticket received problemas para imprimir pedidos
check_mk SD Hostalarm: ([SERVER]) [COMPANY] LS Site2Site[LOCATION]- UP -> DOWN,General Query,High,check hostalarm server company site site location
File Share Access - [TICKET ID] - [NAME]. [NAME] ([COMPANY])Service Request: File Share Access     Grant access to file share for the following user:  [NAME]. [NAME] ([COMPANY]) (Username: [USERNAME])  Access Type: (RW) Read / Write  File Share:    j:/MAZ-Guests/2018_Bernal/       [NAME]       Requestor: [NAME] ([COMPANY]. [LOCATION])  Comment:,Technical Issue,Medium,file share access ticket company service request file share access grant access file share following user company username username access type read write file share maz guests bernal requestor company location comment
File Share Access - [TICKET ID] - [NAME] ([COMPANY]. [LOCATION])Service Request: File Share Access     Grant access to file share for the following user:  [NAME] ([COMPANY]. [LOCATION]) (Username: [USERNAME])  Access Type: (RW) Read / Write  File Share:    J:/MarkerDB       The user needs access to the Marker Database.   Thanks        Requestor: [NAME] ([COMPANY]. [LOCATION])  Comment:,Technical Issue,Medium,file share access ticket company location service request file share access grant access file share following user company location username username access type read write file share markerdb user needs access marker database thanks requestor company location comment
[TICKET ID] - A Support Ticket was forwarded to your role  - Initiated by [COMPANY][LOCATION]- Vulnerable[LOCATION]on [SERVER],General Query,Medium,ticket support ticket forwarded role initiated company location vulnerable location server
OKTABom dia      Gostaria de excluir o okta do meu antigo celular para poder configurar e logar pelo celular novo.      Obrigado,Technical Issue,Medium,oktabom dia gostaria excluir okta meu antigo celular para poder configurar logar pelo celular novo obrigado
[TICKET ID] - A Support Ticket was forwarded to your role  - Create[LOCATION]entry [COMPANY]up.ads.dir,General Query,Medium,ticket support ticket forwarded role create location entry company ads dir
ATA activity,Technical Issue,Medium,ata activity
Unable to send mail to user,General Query,Medium,unable send mail user
Basis User for external - [TICKET ID] - [NAME]Service Request: Basis User for external     Create Windows account for external user  [NAME]. [NAME]     Firstname: [NAME]  Lastname: [NAME]ailaddress: [EMAIL]  Phone: [PHONE]  Cost Center: 44288  Function: Receptionist  Company: [COMPANY]  Department: [ADDRESS] [ADDRESS].  ZIP: [ADDRESS]  City: [ADDRESS] - MG  Country: [ADDRESS]  Location:[LOCATION] Office:   Expiration date: Not defined     Important: Please indicate in EA14 that it is an external user.     Requestor: [NAME] ([COMPANY]. [LOCATION])     Desired date: Dec 18 2018  3:00AM     Additional information:  I already requested user for her before. but her informations was missing on HCM. Now. she have register on HCM. So. please proceed with her new user with exchange account and [COMPANY] will delete her old user. Thanks.,General Query,Medium,basis user external ticket service request basis user external create windows account external user firstname lastname ailaddress email phone phone cost center function receptionist company company department address address zip address city address country address location location office expiration date defined important indicate external user requestor company location desired date dec additional information requested user informations missing hcm register hcm proceed new user exchange account company delete old user thanks
Basis User for external - [TICKET ID] - [NAME]Service Request: Basis User for external     Create Windows account for external user  [NAME]     Firstname: [NAME]  Lastname: [NAME]ailaddress: [EMAIL]   Phone: [PHONE]  Cost Center: 44281  Function: IT provider  Company: [COMPANY]  Department: [ADDRESS]  ZIP: [ADDRESS]  City: [ADDRESS]  Country:   Location:[LOCATION] Office:   Expiration date: Not defined     Important: Please indicate in EA14 that it is an external user.     Requestor: [NAME] ([COMPANY]. [LOCATION])     Desired date: Jan  4 2019 12:00AM     Additional information:  Please. could you create the adm user admwallis in[LOCATION]OU with the same rights as admpearce.,General Query,Medium,basis user external ticket service request basis user external create windows account external user firstname lastname ailaddress email phone phone cost center function provider company company department address zip address city address country location location office expiration date defined important indicate external user requestor company location desired date jan additional information create adm user admwallis location rights admpearce
Crear carpeta dentro de J: Administración R&D,Technical Issue,Medium,crear carpeta dentro administraci
File Share Access - [TICKET ID] -[LOCATION]ServiceService Request: File Share Access     Grant access to file share for the following user: [LOCATION]Service (Username: mtx_service)  Access Type: (RW) Read / Write  File Share:  //[SERVER]/[COMPANY]/COMPANY] Berichte/     Requestor: [NAME] (EXTERNAL. [LOCATION])  Comment:  last request was only ReadOnly. because of requierement changes. Write Access is now needed,Technical Issue,Medium,file share access ticket location serviceservice request file share access grant access file share following user location service username mtx service access type read write file share server company company berichte requestor external location comment request readonly requierement changes write access needed
[TICKET ID] - A Support Ticket was forwarded to your role  - IDS-Event: Unsual amount of[LOCATION]errors (null queries),General Query,Medium,ticket support ticket forwarded role ids event unsual location errors null queries
[TICKET ID] - Reminder of paused Support Ticket  - File Share Access - [TICKET ID] - [NAME] (AMA. [LOCATION]),Technical Issue,Medium,ticket reminder paused support ticket file share access ticket ama location
Create Shared Mailbox - [EMAIL] - Finanzbuchhaltung agromais,General Query,Medium,create shared mailbox email finanzbuchhaltung agromais
[TICKET ID] - A Support Ticket was forwarded to your role  - Basis User - [USERNAME] - [NAME] ([COMPANY]. [LOCATION])  ,General Query,Medium,ticket support ticket forwarded role basis user username company location
[TICKET ID] - A Support Ticket was forwarded to your role  - RE: Decision for Order required: #[TICKET ID] - Install request,Technical Issue,Medium,ticket support ticket forwarded role decision order required ticket install request
Install Nessus Agent on [LOCATION]-DB01,Technical Issue,Medium,install nessus agent location
[TICKET ID] - New information received on closed ticket  - File Share Access - [TICKET ID] - [NAME] ([COMPANY]. [LOCATION]),Technical Issue,Medium,ticket new information received closed ticket file share access ticket company location
File Share Access - [TICKET ID] - [NAME] ([COMPANY]. ESBA)Service Request: File Share Access     Grant access to file share for the following user:  [NAME] ([COMPANY]. ESBA) (Username: [USERNAME])  Access Type: (RW) Read / Write  File Share:      Hello    I need [NAME] to have the same acces than [NAME] had.    Specially this folder: //[SERVER].[COMPANY]up.ads.dir/RH        Thank you    Cheers    [NAME]               Normal   0         21         false   false   false      ES   X-NONE   X-NONE                                                                                                                                                                                                                                                                                                                                                                                                                                                                                                                                                                                                                                                                                                                                                                                                                                                                                                                                                                                                                                                                                                                                                                                                                                                                    Requestor: [NAME] ([COMPANY]. ESBA)  Comment:,Technical Issue,Medium,file share access ticket company esba service request file share access grant access file share following user company esba username username access type read write file share hello need acces specially folder server company ads dir thank cheers normal false false false requestor company esba comment
Delete Shared Mailbox - [EMAIL] - [EMAIL]. [LOCATION]),General Query,Medium,delete shared mailbox email email location
Change Erstellung - Freigabe für Emailverteiler Standort Deutschland,General Query,Medium,change erstellung freigabe emailverteiler standort deutschland
Keine Zugriffsrechte mehr auf eigene SharePoint Datenbank,General Query,Medium,keine zugriffsrechte mehr auf eigene sharepoint datenbank
External vendors have e3 license again (previously removed on [DRIVER_ID]),Technical Issue,Medium,external vendors license previously removed driver
[TICKET ID] - New Support Ticket received  - Top Ronda 3 Software Config.,Technical Issue,Medium,ticket new support ticket received ronda software config
[TICKET ID] - New Support Ticket received  - activacion blackberry work,General Query,Medium,ticket new support ticket received activacion blackberry work
[TICKET ID] - New Support Ticket received  - Block email from [NAME] Enright,Technical Issue,Medium,ticket new support ticket received block email enright
Basis User - [USERNAME] -Service Request: Basis User     Create Windows account for internal user       Firstname:  [NAME]  Lastname:  [NAME]  Cost Center:  44288  Company:    Department:  [LOCATION]  Street:    ZIP:    City:    Country:  [ADDRESS]  Office:       Important: Please set the EA10 to the following value: 13717 (leave blank. when empty)  Please create Exchange and Skype account.  The user needs at least the following access permissions:  Access to [SOFTWARE] ([SERVER])  Requestor:  [NAME] ([COMPANY]. [LOCATION])     Desired date:  Jan 15 2019  3:00AM     Additional information:,General Query,Medium,basis user username service request basis user create windows account internal user firstname lastname cost center company department location street zip city country address office important set following value leave blank create exchange skype account user needs following access permissions access software server requestor company location desired date jan additional information
instalacao do Power BI,Technical Issue,Medium,instalacao power
File Share Access - [TICKET ID] -Service Request: File Share Access     Grant access to file share for the following user:   (Username: [USERNAME])  Access Type: (RW) Read / Write  File Share:    J:/[COMPANY]   J:/ALS coordination   J:/Scan   Zugriff auf Drucker [SERVER]   Zugriff Intranet           Requestor: [NAME]e ([COMPANY]. [LOCATION])  Comment:  Büro[LOCATION]1.91 Arbeitsplatz an Schrankseite (zZt. [NAME]) für Herrn Lotze vorbereiten. Frau Wießner zieht dann an den Tisch quer um. Bitte Equipment aus vorhandenen 2 Bildschirmen von [NAME] auf Herrn Lotze umbuchen. Dockingstation bereits vorhanden. Bitte Info über PC-Nr. damit ich noch Zusatzsoftware bestellen kann.,Technical Issue,Medium,file share access ticket service request file share access grant access file share following user username username access type read write file share company als coordination scan zugriff auf drucker server zugriff intranet requestor company location comment location arbeitsplatz schrankseite zzt herrn lotze vorbereiten frau wie ner zieht dann den tisch quer bitte equipment aus vorhandenen bildschirmen von auf herrn lotze umbuchen dockingstation bereits vorhanden bitte info ber damit ich noch zusatzsoftware bestellen kann
[TICKET ID] - New Support Ticket received  - Mobile connection,General Query,Medium,ticket new support ticket received mobile connection
INSTALAR ATUALIZAÇÃO SICALCBoa Tarde :)        Por favor. poderiam colocar a senha para a instalação do Sicalc?         Obrigada!          Att..,Technical Issue,Medium,instalar atualiza sicalcboa tarde por favor poderiam colocar senha para instala sicalc obrigada att
Create Shared Mailbox - [EMAIL] - [USERNAME],General Query,Medium,create shared mailbox email username
Problema com Proxy ao conectar via VPN,General Query,Medium,problema com proxy conectar vpn
In UK wird Browserversion von E-Mails Salesforce intern geblockt,General Query,Medium,wird browserversion von mails salesforce intern geblockt
[TICKET ID] - New Support Ticket received  - Criação de nova pasta,Technical Issue,Medium,ticket new support ticket received cria nova pasta
Remove File Share Access - [TICKET ID] - [NAME] ([COMPANY]. [LOCATION]),Technical Issue,Medium,remove file share access ticket company location
Unable to use Outlook on hotel wifi,General Query,Medium,unable use outlook hotel wifi
DNS issue in [LOCATION]Hello        We have migrated [SERVER] (file server in Hungary/Gyor) to Windows Server 2016 and to a new hypervisor.        We kept the same settings / configurations / etc.        Problem is that initial installation the ip the server got via[LOCATION]was [IP_ADDRESS] but after reconfiguration we had to switch to Static IP [IP_ADDRESS]. Now the server is unreachable via ping (but you can ping and remote connect to it using its IP address).        Can you please check the[LOCATION]records so that the current Static IP address is [IP_ADDRESS] instead of the old[LOCATION]address ?        Thank you !,General Query,Medium,dns issue location hello migrated server file server hungary gyor windows server new hypervisor kept settings configurations problem initial installation server got location address reconfiguration switch static address server unreachable ping ping remote connect using address check location records current static address address instead old location address thank
[TICKET ID] - New Support Ticket received  - Alteração de email[LOCATION],Technical Issue,Medium,ticket new support ticket received altera email location
Project online does not work,Technical Issue,Medium,project online does work
[TICKET ID] - A Support Ticket was forwarded to your role  - Bitlocker Unlock FAILED,Technical Issue,Medium,ticket support ticket forwarded role bitlocker unlock failed
cou;d not open files from corp disck G (UA directory),Technical Issue,Medium,cou open files corp disck directory
[TICKET ID] - New Support Ticket received  -[LOCATION]Site - Cant access,General Query,Medium,ticket new support ticket received location site access
Intranet Profile Update Page,Account,Medium,intranet profile update page
File Share Access - [TICKET ID] - [NAME] (KWA. [LOCATION]),Technical Issue,Medium,file share access ticket kwa location
NÃO CONSIGO ACESSO[LOCATION]COMP DE PAGAMENTOS,Technical Issue,Medium,consigo acesso location comp pagamentos
Basis User - [USERNAME] - [USERNAME]. [NAME] ([COMPANY]. [LOCATION])Service Request: Basis User     Create Windows account for internal user  [USERNAME] ([COMPANY]. [LOCATION])     Firstname:  [NAME]  Lastname:  [NAME]  Cost Center:  44262  Company:  [COMPANY] Sp. z o.o.  Department:  KW-[ADDRESS]  ZIP:  [ADDRESS]  City:  [ADDRESS]  Country:    Office:  [LOCATION]. *not selected*     Important: Please set the EA10 to the following value: 9851 (leave blank. when empty)  Please create Exchange and Skype account.  The user needs at least the following access permissions:  Access to [SOFTWARE] ([SERVER])  Requestor:  [NAME] ([COMPANY]. [LOCATION])     Desired date:  Jan  2 2019 12:00AM     Additional information:,General Query,Medium,basis user username username company location service request basis user create windows account internal user username company location firstname lastname cost center company company department address zip address city address country office location selected important set following value leave blank create exchange skype account user needs following access permissions access software server requestor company location desired date jan additional information
Light User for external - [TICKET ID] - [NAME]. FabianService Request: Light User for external  Create Light user for [NAME]. Fabian     Firstname: Fabian  Lastname: [NAME]ailaddress: [EMAIL]  Phone: [PHONE]  Cost [PHONE]: 47046  Function: Procurement[LOCATION] Company: [COMPANY] Consulting GmbH  Department: GIT-EST  [ADDRESS]  ZIP: [ADDRESS]  City: [ADDRESS]  Country: [ADDRESS]  Location:[LOCATION] Office:   Expiration date: Jan 24 2020 12:00AM     Important: Please indicate in EA14 that it is an external user.     Requestor: [NAME] ([COMPANY]. [LOCATION])     Desired date: Jan 24 2019 12:00AM     Additional information:,General Query,Medium,light user external ticket fabianservice request light user external create light user fabian firstname fabian lastname ailaddress email phone phone cost phone function procurement location company company consulting gmbh department git est address zip address city address country address location location office expiration date jan important indicate external user requestor company location desired date jan additional information
Incorrect[LOCATION]EntryPlease correct the[LOCATION]entry for [IP] in [LOCATION]. It should reflect the correct name of [SERVER]. It does not currently. Please fix this. I do not have access.,General Query,Medium,incorrect location entryplease correct location entry location reflect correct server does currently fix access
[TICKET ID] - A Support Ticket was forwarded to you  - Incorporating shared calendars into black Barry work does not work ,General Query,Medium,ticket support ticket forwarded incorporating shared calendars black barry work does work
[TICKET ID] - New Support Ticket received  - Basis User for external - [TICKET ID] - [NAME],General Query,Medium,ticket new support ticket received basis user external ticket
File Share Access - [TICKET ID] - [NAME] ([COMPANY]. [LOCATION])Service Request: File Share Access     Grant access to file share for the following user:  [NAME] ([COMPANY]. [LOCATION]) (Username: [USERNAME])  Access Type: (RW) Read / Write  File Share:  J:/[COMPANY]/HR     Requestor: [NAME] ([COMPANY]. [LOCATION])  Comment:  Important: Access beginnig of January 07th 2019. [LOCATION]earlier.,Technical Issue,Medium,file share access ticket company location service request file share access grant access file share following user company location username username access type read write file share company requestor company location comment important access beginnig january location earlier
[TICKET ID] - New Support Ticket received  - Configuração de Certificado,Technical Issue,Medium,ticket new support ticket received configura certificado
Create Shared Mailbox - [EMAIL] - Verbindliche Bestellungen,General Query,Medium,create shared mailbox email verbindliche bestellungen
[TICKET ID] - New Support Ticket received  -[LOCATION]USER - [USERNAME] [NAME] SILVA,Account,Medium,ticket new support ticket received location user username silva
Failure to connect to J: drive. U: drive. and X: drive,Technical Issue,Medium,failure connect drive drive drive
[TICKET ID] - A Support Ticket was forwarded to your role  - Anpassung das jeder Mitglied die Details der Kalendereinträge sehen kann,Technical Issue,Medium,ticket support ticket forwarded role anpassung das jeder mitglied die details der kalendereintr sehen kann
remove [NAME] from  [EMAIL],General Query,Medium,remove email
[TICKET ID] - This Support Ticket was reopened  - UPN/email ID change,Account,Medium,ticket support ticket reopened upn email change
Basis User - [TICKET ID] - [NAME] ([COMPANY]. [LOCATION])Service Request: Basis User     Create Windows account for internal user  [NAME] ([COMPANY]. [LOCATION])     Firstname:  [NAME]  Lastname:  [NAME]  Cost Center:  174417  Company:  [COMPANY] Berlin GmbH  Department:  GFP-[ADDRESS]  ZIP:  [ADDRESS]  City:  [ADDRESS]  Country:  Germany  Office:       Important: Please set the EA10 to the following value: 13604 (leave blank. when empty)  Please create Exchange and Skype account.  The user needs at least the following access permissions:  (RW) H:/%username%  (RO) J:/Auftrag  (RW) J:/Info  (RW) J:/Transfer  (RO) J:/Vorlagen  Access to [COMPANY] intranet  Access to [SOFTWARE] ([SERVER])  Requestor:  [NAME] ([COMPANY]. [LOCATION])     Desired date:  Jan 15 2019 12:00AM     Additional information:   Liebes [COMPANY]-Team.   Laptop. Bildschirm. Tastatur .Telefon. Headset bitte aus Gerätepool Berlin. falls vorhanden  Tastatur und Laptop bitte deutsche Tastatur  danke,General Query,Medium,basis user ticket company location service request basis user create windows account internal user company location firstname lastname cost center company company berlin gmbh department gfp address zip address city address country germany office important set following value leave blank create exchange skype account user needs following access permissions username auftrag info transfer vorlagen access company intranet access software server requestor company location desired date jan additional information liebes company team laptop bildschirm tastatur telefon headset bitte aus ger tepool berlin falls vorhanden tastatur und laptop bitte deutsche tastatur danke
No access GTC_SLAR,Technical Issue,Medium,access gtc slar
[TICKET ID] - A Support Ticket was forwarded to your role  - MessageLabs not set for external emails,Technical Issue,Medium,ticket support ticket forwarded role messagelabs set external emails
[TICKET ID] - New Support Ticket received  - Skype for business - cannot sign in,Technical Issue,Medium,ticket new support ticket received skype business sign
File Share Access - [TICKET ID] - [NAME] ([COMPANY]. [LOCATION])Service Request: File Share Access     Grant access to file share for the following user:  [NAME] ([COMPANY]. [LOCATION]) (Username: [USERNAME])  Access Type: (RW) Read / Write  File Share:      J:/LOEHNE1J:/ZET-PW    J:/Containe    J:/PW-INSBB         Requestor: [NAME] ([COMPANY]. [LOCATION])  Comment:,Technical Issue,Medium,file share access ticket company location service request file share access grant access file share following user company location username username access type read write file share loehne zet containe insbb requestor company location comment
[TICKET ID] - New Support Ticket received  - Blackberry Container and Skype,General Query,Medium,ticket new support ticket received blackberry container skype
Team-Mailadresse/Kalender in Outlook einbinden[NAME] liebe [NAME].             wir haben für  unsere Teams-Site eine Team-Mailadresse/-Kalender erstellt ([EMAIL]).  Das funktioniert auch in Teams. der Kalender ist dort eingebunden. Nun würden  wir den Kalender/die Inbox auch gern in Outlook einfügen. Im Gegensatz zu dem  Sharepoint-Sammelkalender habe ich es nicht hinbekommen den in Sharepoint zu  öffnen und via „Verbindung mit Outlook erstellen“ in Outlook einzubinden. Wenn  ich den Kalender im Browser öffne werde ich immer zu outlook.office.com  weitergeleitet wo ich den Kalender zwar sehe aber die Funktion zum Einbinden  steht nicht zur Verfügung.             Meine einzige  Idee nach viel Rumklicken ist die Mailadresse manuell in Outlook. wie ein  reguläres Postfach hinzuzufügen. Dafür fehlt mir aber das Passwort. Habt ihr dazu eine Idee?             Vielen Dank und  Viele Grüße             [NAME],Technical Issue,Medium,team mailadresse kalender outlook einbinden liebe wir haben unsere teams site eine team mailadresse kalender erstellt email das funktioniert auch teams der kalender ist dort eingebunden nun rden wir den kalender die inbox auch gern outlook einf gen gegensatz dem sharepoint sammelkalender habe ich nicht hinbekommen den sharepoint ffnen und verbindung mit outlook erstellen outlook einzubinden wenn ich den kalender browser ffne werde ich immer outlook office com weitergeleitet ich den kalender zwar sehe aber die funktion zum einbinden steht nicht zur verf gung meine einzige idee nach viel rumklicken ist die mailadresse manuell outlook wie ein regul res postfach hinzuzuf gen daf fehlt mir aber das passwort habt ihr dazu eine idee vielen dank und viele
Missing connection to Updates on system [SERVER],Technical Issue,Medium,missing connection updates server
[TICKET ID] - New Support Ticket received  - Acesso,Account,Medium,ticket new support ticket received acesso
[TICKET ID] - New Support Ticket received  - Basis User - [USERNAME] -,General Query,Medium,ticket new support ticket received basis user username
North America Portal availibility,General Query,Medium,north america portal availibility
[COMPANY] Servicedesk Agents Zugriff auf[LOCATION]OU ermöglichen,Technical Issue,Medium,company servicedesk agents zugriff auf location erm glichen
[TICKET ID] - New Support Ticket received  - LENTIDÃO ABERTURA DE PROGRAMAS E PASTAS -[LOCATION]APARECIDO,General Query,Medium,ticket new support ticket received lentid abertura programas pastas location aparecido
Create Shared Mailbox - [EMAIL] - my[COMPANY],General Query,Medium,create shared mailbox email company
Permission for Skype,Technical Issue,Medium,permission skype
[TICKET ID] - New Support Ticket received  - Blackberry Work,General Query,Medium,ticket new support ticket received blackberry work
Atualização pacote office,Technical Issue,Medium,atualiza pacote office
File Share Access - [TICKET ID] - [NAME] ([COMPANY]. [LOCATION])Service Request: File Share Access     Grant access to file share for the following user:  [USERNAME]. [NAME] ([COMPANY]. [LOCATION]) (Username: [USERNAME])  Access Type: (RW) Read / Write  File Share:  J:/Pflanzenphysiologie     Requestor: [NAME] ([COMPANY]. [LOCATION])  Comment:,Technical Issue,Medium,file share access ticket company location service request file share access grant access file share following user username company location username username access type read write file share pflanzenphysiologie requestor company location comment
Basis User - [TICKET ID] -Service Request: Basis User    Create Windows account for internal user     Firstname: [NAME]  Lastname: [NAME]  Cost Center: 44268  Company:   Department: [COMPANY]_MA  [ADDRESS]:   ZIP:   City:   Country:   Office:     Important: Please set the EA10 to the following value: 13721 (leave blank. when empty)    Please create Exchange and Skype account.    The user needs at least the following access permissions:  Access to [SOFTWARE] ([SERVER])    Requestor: [NAME] ([COMPANY]. [LOCATION])    Desired date: Jan 21 2019 12:00AM    Additional information:,General Query,Medium,basis user ticket service request basis user create windows account internal user firstname lastname cost center company department company address zip city country office important set following value leave blank create exchange skype account user needs following access permissions access software server requestor company location desired date jan additional information
Remove File Share Access - [TICKET ID] - [USERNAME]. [NAME] ([COMPANY]. [LOCATION])Service Request: Remove File Share Access     Remove file share access for the following user:  [USERNAME] ([COMPANY]. [LOCATION]) (Username: [USERNAME])  File Share:  J:/SB-BD     Requestor: [NAME] ([COMPANY]. [LOCATION])  Comment:,Technical Issue,Medium,remove file share access ticket username company location service request remove file share access remove file share access following user username company location username username file share requestor company location comment
Der Anwender Kleinsorge. [NAME] hat keinen Zugriff auf das Intranet.,Technical Issue,Medium,der anwender kleinsorge hat keinen zugriff auf das intranet
[TICKET ID] - New Support Ticket received  - New User - Caio Yuzzo [NAME],Account,Medium,ticket new support ticket received new user caio yuzzo
[TICKET ID] - A Support Ticket was forwarded to your role  - LH - [SERVER] OS Updates,General Query,Medium,ticket support ticket forwarded role server updates
Light User for external - [TICKET ID] - [NAME] PaulaService Request: Light User for external  Create Light user for [USERNAME] [NAME] Paula     Firstname: [NAME]  Lastname: [NAME]ailaddress: [EMAIL]  Phone: [PHONE]  Cost Center: 44288  Function: HR ASSISTANT  Company: SETRATA  Department: [COMPANY]_HR-[ADDRESS] [ADDRESS].  ZIP:[LOCATION][ADDRESS]  City: [ADDRESS]  Country: [ADDRESS]  Location:[LOCATION] Office:   Expiration date: Not defined     Important: Please indicate in EA14 that it is an external user.     Requestor: [NAME] ([COMPANY].[LOCATION][LOCATION])     Desired date: Jan 10 2019  3:00AM     Additional information:,General Query,Medium,light user external ticket paulaservice request light user external create light user username paula firstname lastname ailaddress email phone phone cost center function assistant company setrata department company address address zip location address city address country address location location office expiration date defined important indicate external user requestor company location location desired date jan additional information
File Share Access - [TICKET ID] - [NAME] ([COMPANY]. [LOCATION])Service Request: File Share Access     Grant access to file share for the following user:  [NAME] ([COMPANY]. [LOCATION]) (Username: Due)  Access Type: (RW) Read / Write  File Share:  j:/stundenbuecher     Requestor: [NAME] ([COMPANY]. [LOCATION])  Comment:,Technical Issue,Medium,file share access ticket company location service request file share access grant access file share following user company location username access type read write file share stundenbuecher requestor company location comment
[TICKET ID] - New Support Ticket received  - configuacion nuevo telefono,General Query,Medium,ticket new support ticket received configuacion nuevo telefono
[TICKET ID] - New Support Ticket received  - File Share Access - [TICKET ID] - [ADDRESS] ([COMPANY]. [LOCATION]),Technical Issue,Medium,ticket new support ticket received file share access ticket address company location
[TICKET ID] - New Support Ticket received  - impressora,Technical Issue,Medium,ticket new support ticket received impressora
[TICKET ID] - New Support Ticket received  - instalacion de onedrive,Technical Issue,Medium,ticket new support ticket received instalacion onedrive
Initiated by [COMPANY][LOCATION]- Vulnerable .Net 4.5 Version on SS-E03F49869B22,Technical Issue,Medium,initiated company location vulnerable net version
[TICKET ID] - A Support Ticket was forwarded to your role  - Erreur sur ladresse mail nouvel arrivant,Technical Issue,Medium,ticket support ticket forwarded role erreur sur ladresse mail nouvel arrivant
[TICKET ID] - New Support Ticket received  - Mobilepass softoken ,General Query,Medium,ticket new support ticket received mobilepass softoken
File Share Access - [TICKET ID] - [USERNAME] ([COMPANY]. [LOCATION])Service Request: File Share Access     Grant access to file share for the following user:  [USERNAME] ([COMPANY]. [LOCATION]) (Username: [USERNAME])  Access Type: (RW) Read / Write  File Share:    bitte auf folgenden Verzeichnissen Zugriff einrichten   [SERVER]   [SERVER]   [SERVER]   [SERVER]   [SERVER]   Sorten       Requestor: [NAME] ([COMPANY]. [LOCATION])  Comment:,Technical Issue,Medium,file share access ticket username company location service request file share access grant access file share following user username company location username username access type read write file share bitte auf folgenden verzeichnissen zugriff einrichten server server server server server sorten requestor company location comment
Create MS team Account for external consultant,Technical Issue,Medium,create team account external consultant
[TICKET ID] - New Support Ticket received  - Não consigo abrir um site,General Query,Medium,ticket new support ticket received consigo abrir site
Remove and add a name from/to the e-mail group [COMPANY] Everybody,General Query,Medium,remove add mail group company everybody
[TICKET ID] - New Support Ticket received  - Growout Room phone needs adjustments,General Query,Medium,ticket new support ticket received growout room phone needs adjustments
Create Shared Mailbox - [EMAIL] -[LOCATION]Ticket Status,General Query,Medium,create shared mailbox email location ticket status
Unable to open Excel files from email,Technical Issue,Medium,unable open excel files email
File Share Access - [TICKET ID] - [NAME]. [NAME] (EXTERNAL. [LOCATION]),Technical Issue,Medium,file share access ticket external location
[TICKET ID] - New Support Ticket received  - Instalar programa BarTender,Technical Issue,Medium,ticket new support ticket received instalar programa bartender
File Share Access - [TICKET ID] - [NAME] ([COMPANY]. [LOCATION])Service Request: File Share Access     Grant access to file share for the following user:  [NAME] ([COMPANY]. [LOCATION]) (Username: [USERNAME])  Access Type: (RW) Read / Write  File Share:  J:/MAZ-MTC     Requestor: [NAME] ([COMPANY]. [LOCATION])  Comment:,Technical Issue,Medium,file share access ticket company location service request file share access grant access file share following user company location username username access type read write file share maz mtc requestor company location comment
Account information needed,Account,Medium,account information needed
Create new DG in[LOCATION]OUPlease create a new Distribution Group that I can add and remove users in AD. It should be called [SERVER] and the email address should be the same.,Account,Medium,create new location ouplease create new distribution group add remove users called server email address
RDP priviliges needed,Account,Medium,rdp priviliges needed
J:ZR-Muster: Ordner / Dateien wieder herststellen,Technical Issue,Medium,muster ordner dateien wieder herststellen
Agenda Master - OutlookCriar Agenda Master no Outlook para que possamos inserir eventos. viagens. dentre outros. acesso para Gerentes. Gestores. Coordenadores. inserir mais de um compromisso na mesma data e horário.,Technical Issue,Medium,agenda master outlookcriar agenda master outlook para que possamos inserir eventos viagens dentre outros acesso para gerentes gestores coordenadores inserir mais compromisso mesma data hor rio
Need software for temperature logging device downloadedWe have a temperature logging device and the only person who has the software on his computer is [NAME]. who took his laptop with him on a business trip.  We had a malfunction in one of our coolers over the weekend and in order for the Breeders to make an informed decision we need to know what temperature these plants were exposed to for how long (kind of urgent).   I have the disc for downloading. I just need an admin to log in and approve.  [Image],Technical Issue,High,need software temperature logging device downloadedwe temperature logging device person software computer took laptop business trip malfunction coolers weekend order breeders make informed decision need know temperature plants exposed long kind urgent disc downloading just need admin log approve image
LIBERAR SENHA INTERNET,General Query,Medium,liberar senha internet
[TICKET ID] - New Support Ticket received  - activacion[LOCATION]equipo [SERVER],General Query,Medium,ticket new support ticket received activacion location equipo server
FALHA AO AGENDAR REUNIÃO[LOCATION]SKYPE,Technical Issue,Medium,falha agendar reuni location skype
[TICKET ID] - New Support Ticket received  - Liberação de Pasta,Technical Issue,Medium,ticket new support ticket received libera pasta
I am not able to find[LOCATION]on the computer,General Query,Medium,able location computer
[TICKET ID] - A Support Ticket was forwarded to your role  - Initiated by [COMPANY][LOCATION]- Vulnerable Intel[LOCATION]on [SERVER],General Query,Medium,ticket support ticket forwarded role initiated company location vulnerable intel location server
[TICKET ID] - New Support Ticket received  - Approval to access [NAME]s mailbox,Technical Issue,Medium,ticket new support ticket received approval access mailbox
Initiated by [COMPANY][LOCATION]- Vulnerable SQL-Server on [SERVER],Technical Issue,Medium,initiated company location vulnerable sql server server
[TICKET ID] - New Support Ticket received  - BB Work will not open,General Query,Medium,ticket new support ticket received work open
Change of character on user principal name,Account,Medium,change character user principal
[SERVER] R:/ drive,Technical Issue,Medium,server drive
Virus scan requested since out of control action observed,Technical Issue,Medium,virus scan requested control action observed
login problemdear all.   i tried to login with [NAME] account and i receive this message:     [Image],Technical Issue,Medium,login problemdear tried login account receive message image
[TICKET ID] - A Support Ticket was forwarded to your role  - File Share Access - [TICKET ID] - [NAME] ([COMPANY]. [LOCATION]),Technical Issue,Medium,ticket support ticket forwarded role file share access ticket company location
Anbindung eines NetztwerklaufwerkesFrau Ariane Knauth braucht schreibenden und lesenden Zugriff auf C:/GEOSYSTEMS Verzeichnis auf dem [SERVER] Server (IP:[IP_ADDRESS]). Können Sie es  das Folder auf ihrem Laptop als lokalen Netzwerkfolder anbinden? Danke  ,Technical Issue,Medium,anbindung eines netztwerklaufwerkesfrau ariane knauth braucht schreibenden und lesenden zugriff auf geosystems verzeichnis auf dem server server address nnen sie das folder auf ihrem laptop als lokalen netzwerkfolder anbinden danke
 Installation von den richtigen Zertifikaten auf[LOCATION]ServerHallo Zusammen.    auf dem[LOCATION]Server [URL] gibt es ein Zertifikatfehler.    Können Sie es bitte überprüfen und ggf. ein Zertifikat zu installieren?    Danke und Viele Grüße     [NAME]    [Bild],General Query,Medium,installation von den richtigen zertifikaten auf location serverhallo zusammen auf dem location server url gibt ein zertifikatfehler nnen sie bitte berpr fen und ggf ein zertifikat installieren danke und viele bild
[TICKET ID] - A Support Ticket was forwarded to your role  - Instalaçao,Technical Issue,Medium,ticket support ticket forwarded role instala
McAfee Endpoint Security on [SERVER],Technical Issue,Medium,mcafee endpoint security server
Freezing Email,General Query,Medium,freezing email
Basis User - [TICKET ID] - [NAME].[NAME]([COMPANY]. [LOCATION])Service Request: Basis User     Create Windows account for internal user  [NAME] ([COMPANY]. [LOCATION])     Firstname:  [NAME]  Lastname:  [NAME]  Cost Center:  44288  Company:  [COMPANY] S.A.  Department:  [COMPANY]_MA-LOG  Street:  [ADDRESS].  ZIP: [LOCATION][ADDRESS]  City:  [ADDRESS]  Country:  [ADDRESS]  Office:       Important: Please set the EA10 to the following value: 11589 (leave blank. when empty)  Please create Exchange and Skype account.  The user needs at least the following access permissions:  Access to [SOFTWARE] ([SERVER])  Requestor:  [NAME] ([COMPANY]. [LOCATION])     Desired date:  Jan 24 2019  3:00AM     Additional information:,General Query,Medium,basis user ticket company location service request basis user create windows account internal user company location firstname lastname cost center company company department company log street address zip location address city address country address office important set following value leave blank create exchange skype account user needs following access permissions access software server requestor company location desired date jan additional information
Zertifikat erstellen um verschl�sselte Emails zu lesen,Technical Issue,Medium,zertifikat erstellen verschl sselte emails lesen
File Share Access - [TICKET ID] - [NAME] ([COMPANY]. [LOCATION])Service Request: File Share Access     Grant access to file share for the following user:  [NAME] ([COMPANY]. [LOCATION]) (Username: [USERNAME])  Access Type: (RO) Read only  File Share:  J:/E-CAD     Requestor: [NAME] ([COMPANY]. [LOCATION])  Comment:,Technical Issue,Medium,file share access ticket company location service request file share access grant access file share following user company location username username access type read file share cad requestor company location comment
Email Forwarding,General Query,Medium,email forwarding
[TICKET ID] - A Support Ticket was forwarded to your role  - missing [ADDRESS] and [ADDRESS],Technical Issue,Medium,ticket support ticket forwarded role missing address address
[TICKET ID] - New Support Ticket received  - Reinstalar VPN. no Computador do rtc. [NAME].,General Query,Medium,ticket new support ticket received reinstalar vpn computador rtc
Computador travando. muito lento,Technical Issue,Medium,computador travando muito lento
Unidades de red y Permisos,Technical Issue,Medium,unidades red permisos
[TICKET ID] - A Support Ticket was forwarded to your role  -[LOCATION]feature unsable,General Query,Medium,ticket support ticket forwarded role location feature unsable
Light User for external - [TICKET ID] - [USERNAME]. [NAME]Service Request: Light User for external  Create Light user for [USERNAME]     Firstname: [NAME]  Lastname: [NAME]ailaddress: [EMAIL]  Phone: [PHONE]  Cost Center: 47037  Function: Externe Beraterin  Company: [COMPANY] Consulting GmbH  Department: GIT-[ADDRESS]  ZIP: [ADDRESS]  City: [ADDRESS]  Country: [ADDRESS]  Location:[LOCATION] Office:   Expiration date: Aug 30 2019 11:00PM     Important: Please indicate in EA14 that it is an external user.     Requestor: [NAME] ([COMPANY]. [LOCATION])     Desired date: Jan 21 2019 12:00AM     Additional information:,General Query,Medium,light user external ticket username service request light user external create light user username firstname lastname ailaddress email phone phone cost center function externe beraterin company company consulting gmbh department git address zip address city address country address location location office expiration date aug important indicate external user requestor company location desired date jan additional information
ADM credentials are not working until rebooting client computers,Account,Medium,adm credentials working rebooting client computers
File Share Access - [TICKET ID] - [NAME] ([COMPANY]D. [LOCATION]),Technical Issue,Medium,file share access ticket company location
Qarantine message,General Query,Medium,qarantine message
Basis User for external - [TICKET ID] - [NAME]Service Request: Basis User for external     Create Windows account for external user  [NAME]     Firstname: [NAME]  Lastname: [NAME]ailaddress: [EMAIL]  Phone: [PHONE]  Cost Center: 47004  Function: Intranet Consultant  Company: [URL] AG  Department: [ADDRESS]-[ADDRESS]  ZIP: [ADDRESS]  City: [ADDRESS]  Country: [ADDRESS]  Location:[LOCATION] Office:   Expiration date: Apr 30 2019 11:00PM     Important: Please indicate in EA14 that it is an external user.     Requestor: [USERNAME] ([COMPANY]. [LOCATION])     Desired date: Jan 25 2019 12:00AM     Additional information:,General Query,Medium,basis user external ticket service request basis user external create windows account external user firstname lastname ailaddress email phone phone cost center function intranet consultant company url department address address zip address city address country address location location office expiration date apr important indicate external user requestor username company location desired date jan additional information
Colocar aviso de ausencia temporaria no email de [NAME],General Query,Medium,colocar aviso ausencia temporaria email
Trouble downloading Adobe Creative Cloud,Technical Issue,High,trouble downloading adobe creative cloud
[TICKET ID] - A Support Ticket was forwarded to your role  - Citrix - [TICKET ID] - [NAME] ([COMPANY] [LOCATION]),Technical Issue,Medium,ticket support ticket forwarded role citrix ticket company location
Initiated by GIT: Missing connection to AV Server on system [SERVER],Technical Issue,Medium,initiated git missing connection server server
initiated by[LOCATION]: System [SERVER] is running an unsupported Windows 10 build,Technical Issue,Medium,initiated location server running unsupported windows build
[TICKET ID] - New Support Ticket received  - new phone,General Query,Medium,ticket new support ticket received new phone
[TICKET ID] - A Support Ticket was forwarded to your role  - File Share Access - [TICKET ID] - [NAME] F ([COMPANY]. [LOCATION]),Technical Issue,Medium,ticket support ticket forwarded role file share access ticket company location
spam. please block it RV: Quality & Regulatory Trends in the Crop Science Industry,General Query,Medium,spam block quality regulatory trends crop science industry
Keine automatische Neuverbindung von Microsoft Applikationen nach Beendung der[LOCATION]Verbindung,Technical Issue,Medium,keine automatische neuverbindung von microsoft applikationen nach beendung der location verbindung
[TICKET ID] - New Support Ticket received  - Mobile Device - [TICKET ID] - [NAME]. [NAME] ([COMPANY]. [LOCATION]),General Query,Medium,ticket new support ticket received mobile device ticket company location
[TICKET ID] - New Support Ticket received  - activacion Blackberry Work,General Query,Medium,ticket new support ticket received activacion blackberry work
Initiated by GIT: Missing connection to Updates ([SOFTWARE] / WSUS) on system,Technical Issue,Medium,initiated git missing connection updates software wsus
File Share Access - [TICKET ID] - [NAME] ([COMPANY]. [LOCATION])Service Request: File Share Access     Grant access to file share for the following user:  [NAME] ([COMPANY]. [LOCATION]) (Username: [USERNAME])  Access Type: (RW) Read / Write  File Share:      N:/[SERVER]/STA-LEM    N:/[SERVER]/STA-CAM    N:/[SERVER]/STA-[LOCATION]    N:/[SERVER]/STA-PGRO        R/W including all subfolders.         Requestor: [NAME] ([COMPANY]. [LOCATION])  Comment:,Technical Issue,Medium,file share access ticket company location service request file share access grant access file share following user company location username username access type read write file share server sta lem server sta cam server sta location server sta pgro including subfolders requestor company location comment
Okta is locked to previous phone Hello. my Okta is locked to my previous iPhone. (The phone is long gone) and I am unable to check my email anymore on my new iPhone. ([NAME] had the same issue),Technical Issue,Medium,okta locked previous phone hello okta locked previous iphone phone long gone unable check email anymore new iphone issue
Acesso a pasta da rede,Technical Issue,Medium,acesso pasta rede
[TICKET ID] - New Support Ticket received  - Growout Room PC not taking updates,General Query,Medium,ticket new support ticket received growout room taking updates
[TICKET ID] - New Support Ticket received  - Computador Backup para trabalho externo,General Query,Medium,ticket new support ticket received computador backup para trabalho externo
desbloquear user,Account,Medium,desbloquear user
File Share Access - [TICKET ID] - [NAME] ([COMPANY]!![COMPANY] Srbija. [LOCATION]),Technical Issue,Medium,file share access ticket company company srbija location
[TICKET ID] - New Support Ticket received  - Create user. corporate access and email account for new employee [NAME].[LOCATION]ID n°13420,Account,Medium,ticket new support ticket received create user corporate access email account new employee location
[TICKET ID] - [SERVER][LOCATION]- Planned Maintenance - 2018-10-10. 02:00[LOCATION]| [NAME] ([SERVER]) | [NAME] ([SERVER]) [COMPANY] SE.,General Query,Medium,ticket server location planned maintenance location server server company
[TICKET ID] - New Support Ticket received  - TELEFONO ROTO,General Query,Medium,ticket new support ticket received telefono roto
Create Shared Mailbox - [TICKET ID] - [EMAIL],General Query,Medium,create shared mailbox ticket email
[TICKET ID] - New Support Ticket received  - Instalar programa de registo de ronda [COMPANY] em meu PC,Technical Issue,Medium,ticket new support ticket received instalar programa registo ronda company meu
[TICKET ID] - New Support Ticket received  - Add [NAME] to Copier/Scanner in Bloomington Office,Technical Issue,Medium,ticket new support ticket received add copier scanner bloomington office
word tracking is not working,Technical Issue,Medium,word tracking working
[TICKET ID] - New Support Ticket received  - Slow Computer,General Query,Medium,ticket new support ticket received slow computer
Scan Mail - [NAME],General Query,Medium,scan mail
INstalar a Impresso do adm 2 no meu computador,Technical Issue,Medium,instalar impresso adm meu computador
[NAME] cannot sign into Skype[NAME] cannot sign into Skype.  It says his sign on server is not available. All other O365 apps work.,Technical Issue,Medium,sign skype sign skype says sign server available apps work
Sent emails are not arriving to our Payroll general email,General Query,Medium,sent emails arriving payroll general email
Skype sem acesso.,Technical Issue,Medium,skype sem acesso
Missing connection to [SOFTWARE] / Update  on [SERVER],Technical Issue,Medium,missing connection software update server
Solicitação - Passar anti virus na minha maquina ( Acesso bloqueado),Technical Issue,Medium,solicita passar anti virus minha maquina acesso bloqueado
Falha na conexão da VPN,General Query,Medium,falha conex vpn
[TICKET ID] - New Support Ticket received  - Inclusao de Pessoas ,Account,Medium,ticket new support ticket received inclusao pessoas
[TICKET ID] - New Support Ticket received  - Phone - Okta ,Technical Issue,Medium,ticket new support ticket received phone okta
[TICKET ID] - New Support Ticket received  - I cannot log in to X-Flow,Technical Issue,Medium,ticket new support ticket received log flow
Local admin rights needed for [SERVER],Account,Medium,local admin rights needed server
Light User for external - [TICKET ID] - [NAME]Service Request: Light User for external  Create Light user for [USERNAME]. [NAME]     Firstname: [NAME]  Lastname: [NAME]ailaddress: [EMAIL]  Phone: [PHONE]   Cost Center: 47050  Function: SAP-Systementwickler   Company: [COMPANY] INTERNATIONAL[LOCATION] Department: GIT-[ADDRESS]  ZIP: [ADDRESS]  City: [ADDRESS]  Country: [ADDRESS]  Location:[LOCATION] Office:   Expiration date: Not defined     Important: Please indicate in EA14 that it is an external user.     Requestor: [NAME] ([COMPANY]. [LOCATION])     Desired date: Dec 18 2018 12:00AM     Additional information:  Light User für [NAME][LOCATION]- SolMan Systementwickler,General Query,Medium,light user external ticket service request light user external create light user username firstname lastname ailaddress email phone phone cost center function sap systementwickler company company international location department git address zip address city address country address location location office expiration date defined important indicate external user requestor company location desired date dec additional information light user location solman systementwickler
[TICKET ID] - A Support Ticket was forwarded to your role  - Skype uninstall and reinstall,Technical Issue,Medium,ticket support ticket forwarded role skype uninstall reinstall
[TICKET ID] - [SERVER][LOCATION]- Planned Maintenance - 2018-10-10. 02:00[LOCATION]| [NAME] ([SERVER]) | [NAME] ([SERVER]) [COMPANY] SE. ,General Query,Medium,ticket server location planned maintenance location server server company
File Share Access - [TICKET ID] - [NAME] ([COMPANY]. [LOCATION])Service Request: File Share Access     Grant access to file share for the following user:  [NAME] ([COMPANY]. [LOCATION]) (Username: [USERNAME])  Access Type: (RW) Read / Write  File Share:    J:/ZRPMEXIM           Requestor: [NAME] [NAME] ([COMPANY]. [LOCATION])  Comment:  Hallo!  Ich benötige Zugriff auf folgendes Verzeichnis:   J:/ZRPMEXIM  Vielen Dank und Weihnachtsgrüße sendet [NAME],Technical Issue,Medium,file share access ticket company location service request file share access grant access file share following user company location username username access type read write file share zrpmexim requestor company location comment hallo ich ben tige zugriff auf folgendes verzeichnis zrpmexim vielen dank und weihnachtsgr sendet
[TICKET ID] - New Support Ticket received  - Skype Malfunction,Technical Issue,Medium,ticket new support ticket received skype malfunction
Printer OFFLinePerdi conexão com a  impressora. Já reiniciei o computador e a impressora várias vezes e não  adianta. Sempre PRINTER OFFLINE. Por favor. pode me ajudar?,Technical Issue,Medium,printer offlineperdi conex com impressora reiniciei computador impressora rias vezes adianta sempre printer offline por favor pode ajudar
[TICKET ID] - New Support Ticket received  - BarTender app (print app) ,Technical Issue,Medium,ticket new support ticket received bartender app print app
(2019111410287) Verizon Initial Notification,General Query,Medium,verizon initial notification
User [USERNAME] cannot receive emails from service catalog or SafeNet,General Query,Medium,user username receive emails service catalog safenet
Basis User - [TICKET ID] -Service Request: Basis User     Create Windows account for internal user       Firstname:  [NAME]  Lastname:  [NAME]  Cost Center:  22502  Company:    Department:  [LOCATION]  Street:    ZIP:    City:    Country:  [ADDRESS]  Office:       Important: Please set the EA10 to the following value: 13706 (leave blank. when empty)  Please create Exchange and Skype account.  The user needs at least the following access permissions:  (RW) H:/%username%  (RO) J:/Auftrag  (RW) J:/Info  (RW) J:/Transfer  (RO) J:/Vorlagen  Access to [COMPANY] intranet  Access to [SOFTWARE] ([SERVER])  Requestor: [NAME] ([COMPANY]. [LOCATION])     Desired date:  Jan 21 2019 12:00AM     Additional information:,General Query,Medium,basis user ticket service request basis user create windows account internal user firstname lastname cost center company department location street zip city country address office important set following value leave blank create exchange skype account user needs following access permissions username auftrag info transfer vorlagen access company intranet access software server requestor company location desired date jan additional information
[TICKET ID] - A Support Ticket was forwarded to you  - Initiated by [COMPANY][LOCATION]- Vulnerable[LOCATION]on [LOCATION]-[ADDRESS],General Query,Medium,ticket support ticket forwarded initiated company location vulnerable location location address
Closure of an e-mail account,Technical Issue,Medium,closure mail account
[TICKET ID] - New Support Ticket received  - Telefonia - número 101,General Query,Medium,ticket new support ticket received telefonia mero
[PASSWORD] - New Support Ticket received  - Problema con contraseña,Account,Medium,password new support ticket received problema contrase
Acesso pasta J: LaboratórioBoa tarde.      Por favor liberar meu acesso a pasta J: Laboratório.    Atenciosamente.,Technical Issue,Medium,acesso pasta laborat rioboa tarde por favor liberar meu acesso pasta laborat rio atenciosamente
Light User - [TICKET ID] - [NAME] ([COMPANY]. [LOCATION])Service Request: Light User  Create Light user for [NAME] ([COMPANY]. [LOCATION])     Firstname: [NAME]  Lastname: [NAME]ailaddress: [EMAIL]  Phone: [PHONE]  Cost Center: 47037  Company: [COMPANY] SE  Department: GIT-[ADDRESS]  ZIP: [ADDRESS]  City: [ADDRESS]  Country: [ADDRESS]  Location:[LOCATION] Office: [LOCATION]. [NAME]     Important: Please set the EA10 to the following value: 4458 (leave blank. when empty)     Desired date: Dec 10 2018 12:00AM     Requestor: [NAME] ([COMPANY]. [LOCATION])     Additional information:  Der User ist nicht für mich sondern für folgende Person:   [NAME]   [COMPANY] Multimedia Solutions GmbH  Learning und Change Consulting [NAME] Hausanschrift: [ADDRESS]  Postanschrift: [ADDRESS] [PHONE] (Tel)  [PHONE] (Mobil)  E-Mail: [EMAIL] Internet: [URL],General Query,Medium,light user ticket company location service request light user create light user company location firstname lastname ailaddress email phone phone cost center company company department git address zip address city address country address location location office location important set following value leave blank desired date dec requestor company location additional information der user ist nicht mich sondern folgende person company multimedia solutions gmbh learning und change consulting hausanschrift address postanschrift address phone tel phone mobil mail email internet url
[TICKET ID] - New information received on closed ticket  - Basis User - [USERNAME] - [NAME] ([COMPANY]. [LOCATION])  ,General Query,Medium,ticket new information received closed ticket basis user username company location
[SOFTWARE] issues,Technical Issue,Medium,software issues
[TICKET ID] - New Support Ticket received  - Configuração de Impressora,Technical Issue,Medium,ticket new support ticket received configura impressora
[TICKET ID] - A Support Ticket was forwarded to your role  - Configuración mobilepass | [NAME],General Query,Medium,ticket support ticket forwarded role configuraci mobilepass
Basis User - [TICKET ID] - [NAME] ([COMPANY]. [LOCATION])Service Request: Basis User     Create Windows account for internal user  [NAME] ([COMPANY]. [LOCATION])     Firstname:  [NAME]  Lastname:  [NAME]  Cost Center:  75090  Company:  [COMPANY] SE  Department:  [SERVER]-[ADDRESS]  ZIP:  [ADDRESS]  City:  [ADDRESS]  Country:  Germany  Office:       Important: Please set the EA10 to the following value: 12715 (leave blank. when empty)  Please create Exchange and Skype account.  The user needs at least the following access permissions:  (RW) H:/%username%  (RO) J:/Auftrag  (RW) J:/Info  (RW) J:/Transfer  (RO) J:/Vorlagen  Access to [COMPANY] intranet  Access to [SOFTWARE] ([SERVER])  Requestor:  [NAME] ([COMPANY]. [LOCATION])     Desired date:  Oct 17 2018 12:00AM     Additional information:,Account,Medium,basis user ticket company location service request basis user create windows account internal user company location firstname lastname cost center company company department server address zip address city address country germany office important set following value leave blank create exchange skype account user needs following access permissions username auftrag info transfer vorlagen access company intranet access software server requestor company location desired date oct additional information
Solicito backup do da 21/11/2019. da planilha. constante do endereço J:/PRODUÇÃO/SUPERVISOR CAMPOS DE PRODUÇÃO/Mônica PROTOCOLO DE NF.xlsx,Technical Issue,Medium,solicito backup planilha constante endere produ supervisor campos produ nica protocolo xlsx
Quarantine email,General Query,Medium,quarantine email
Check if user email exists. and remove user from email,General Query,Medium,check user email exists remove user email
[TICKET ID] - New Support Ticket received  - Skype not signing in ,Technical Issue,Medium,ticket new support ticket received skype signing
Light User - [USERNAME] - [NAME] ([COMPANY]. [LOCATION])Service Request: Light User  Create Light user for [NAME] ([COMPANY]. [LOCATION])     Firstname: [NAME]  Lastname: [NAME]ailaddress: [EMAIL]  Phone: [PHONE]  Cost Center: 47037  Company: [COMPANY] SE  Department: GIT-[ADDRESS]  ZIP: [ADDRESS]  City: [ADDRESS]  Country: [ADDRESS]  Location:[LOCATION] Office: [LOCATION]. [NAME]     Important: Please set the EA10 to the following value: 4458 (leave blank. when empty)     Desired date: Dec 21 2018 12:00AM     Requestor: [NAME] ([COMPANY]. [LOCATION])     Additional information:  Hallo.  für den folgenden Mitarbeiter bitte den entsprechenden AD Account anlegen:  [NAME] [COMPANY] INTERNATIONAL[LOCATION]GDU[LOCATION]Solutions [NAME][LOCATION]FM/HCM [ADDRESS] [PHONE] (Mobil) Mail: [EMAIL],General Query,Medium,light user username company location service request light user create light user company location firstname lastname ailaddress email phone phone cost center company company department git address zip address city address country address location location office location important set following value leave blank desired date dec requestor company location additional information hallo den folgenden mitarbeiter bitte den entsprechenden account anlegen company international location gdu location solutions location hcm address phone mobil mail email
[TICKET ID] - A Support Ticket was forwarded to your role  - The Skype of user [USERNAME] can’t work normally,Technical Issue,Medium,ticket support ticket forwarded role skype user username work normally
Microsoft apps are not working on the phone,Technical Issue,Medium,microsoft apps working phone
[TICKET ID] - New Support Ticket received  - Pagina web del[LOCATION]( IDASE),General Query,Medium,ticket new support ticket received pagina web del location idase
Setup McAfee Web Gateway [LOCATION],Technical Issue,Medium,setup mcafee web gateway location
Kalenderzugriff nicht mehr gegeben,General Query,Medium,kalenderzugriff nicht mehr gegeben
File Share Access - [TICKET ID] - [NAME]lena ([COMPANY]. [LOCATION])Service Request: File Share Access     Grant access to file share for the following user:  [NAME]lena ([COMPANY]. [LOCATION]) (Username: [USERNAME])  Access Type: (RW) Read / Write  File Share:      give [NAME] access to           Groups ( J:)[LOCATION]        Requestor: [NAME] ([COMPANY]. [LOCATION])  Comment:  please give her as soon as possible access,Technical Issue,Medium,file share access ticket lena company location service request file share access grant access file share following user lena company location username username access type read write file share access groups location requestor company location comment soon possible access
File Share Access - [TICKET ID] - [NAME] ([COMPANY]. ESBA)Service Request: File Share Access     Grant access to file share for the following user:  [NAME] ([COMPANY]. ESBA) (Username: [USERNAME])  Access Type: (RW) Read / Write  File Share:      Hello.        I need [NAME] to have access to the rh (//[SERVER]) (L:).    Please contact [NAME] or [NAME] for further information.    Thank you.    [NAME]         Requestor: [NAME] ([COMPANY]. ESBA)  Comment:,Technical Issue,Medium,file share access ticket company esba service request file share access grant access file share following user company esba username username access type read write file share hello need access server contact information thank requestor company esba comment
Acesso a novo diretório,Technical Issue,Medium,acesso novo diret rio
No access to sharepoint team website,Technical Issue,Medium,access sharepoint team website
Criação de uma lista de distribuição,Account,Medium,cria uma lista distribui
Nexthink alerts message inbox change,Account,Medium,nexthink alerts message inbox change
Initiated by [COMPANY][LOCATION]- Vulnerable[LOCATION]on [SERVER] customer.  [COMPANY][LOCATION]tasked [COMPANY] IT to track [COMPANY] systems with identified vulnerabilities and furthermore to initiate mandatory procedures.     This message is just for you information. You will receive further details within a short time.        Kind regards.  [COMPANY] IT Services,General Query,Medium,initiated company location vulnerable location server customer company location tasked company track company systems identified vulnerabilities furthermore initiate mandatory procedures message just information receive details short time kind regards company services
Users cant connect online,General Query,Medium,users connect online
Email folders are differentUser has noticed her email folders are now different.  Was there any updates over the weekend that would have caused this?  User has to monitor two mailboxes. and the recent changes make it difficult to see both in the same view.  Can this be changed?  Prior to today it looked like this.  [Image]  Today it looks like this.  [Image],Technical Issue,Medium,email folders differentuser noticed email folders different updates weekend caused user monitor mailboxes recent changes make difficult view changed prior today looked like image today looks like image
Acesso a VPN,General Query,Medium,acesso vpn
[TICKET ID] - A Support Ticket was forwarded to your role  - okta mobile,Technical Issue,Medium,ticket support ticket forwarded role okta mobile
[TICKET ID] - New Support Ticket received  - renovacion [NAME],Account,Medium,ticket new support ticket received renovacion
[TICKET ID] - New information received on closed ticket  - [NAME] Impressora,Technical Issue,Medium,ticket new information received closed ticket impressora
[TICKET ID] - A Support Ticket was forwarded to your role  - Light User for external - [USERNAME] - [NAME],General Query,Medium,ticket support ticket forwarded role light user external username
[TICKET ID] - A Support Ticket was forwarded to your role  - Kalenderproblem: free/busy für Kollegen nicht sichtbar,Technical Issue,Medium,ticket support ticket forwarded role kalenderproblem free busy kollegen nicht sichtbar
Create Shared Mailbox - [TICKET ID] - my[COMPANY] HU,General Query,Medium,create shared mailbox ticket company
File Share Access - [TICKET ID] - [NAME] ([COMPANY]. [LOCATION])Service Request: File Share Access     Grant access to file share for the following user:  [NAME] ([COMPANY]. [LOCATION]) (Username: [USERNAME])  Access Type: (RW) Read / Write  File Share:    Hello.   please grant me the same access to the same folders as Mr.Diedrich has.       Regards.   irina Karpacheva       Requestor: [NAME] ([COMPANY]. [LOCATION])  Comment:,Technical Issue,Medium,file share access ticket company location service request file share access grant access file share following user company location username username access type read write file share hello grant access folders diedrich regards irina karpacheva requestor company location comment
Instalação de impressora  sharp 2640,Technical Issue,Medium,instala impressora sharp
File Share Access - [TICKET ID] - Lueders.[NAME]([COMPANY]. [LOCATION])Service Request: File Share Access     Grant access to file share for the following user:  Lueders.[NAME]([COMPANY]. [LOCATION]) (Username: [USERNAME])  Access Type: (RW) Read / Write  File Share:  J:/SB-BD_CAA     Requestor: [NAME] ([COMPANY]. [LOCATION])  Comment:,Technical Issue,Medium,file share access ticket lueders company location service request file share access grant access file share following user lueders company location username username access type read write file share caa requestor company location comment
File Share Access - [TICKET ID] - [NAME] ([COMPANY]. [LOCATION])Service Request: File Share Access     Grant access to file share for the following user:  [NAME] ([COMPANY]. [LOCATION]) (Username: Bemm)  Access Type: (RO) Read only  File Share:  J:/MBDATA/Lab     Requestor: [NAME] ([COMPANY]. [LOCATION])  Comment:,Technical Issue,Medium,file share access ticket company location service request file share access grant access file share following user company location username bemm access type read file share mbdata lab requestor company location comment
[TICKET ID] - New information received on closed ticket  - Basis User - [USERNAME] - [NAME] ([COMPANY]. [LOCATION]),General Query,Medium,ticket new information received closed ticket basis user username company location
[TICKET ID] - New Support Ticket received  - Email y alias,Technical Issue,Medium,ticket new support ticket received email alias
[TICKET ID] - New Support Ticket received  - iPhone reset,General Query,Medium,ticket new support ticket received iphone reset
(2019100506508) Verizon Initial Notification - Sitecode: [LOCATION],General Query,Medium,verizon initial notification sitecode location
[TICKET ID] - New Support Ticket received  - Scanner Config.,Technical Issue,Medium,ticket new support ticket received scanner config
[TICKET ID] - New Support Ticket received  - Create[LOCATION]entry [COMPANY]up.ads.dir,General Query,Medium,ticket new support ticket received create location entry company ads dir
File Share Access - [TICKET ID] -Service Request: File Share Access     Grant access to file share for the following user:   (Username: )  Access Type: (RW) Read / Write  File Share:    J:/[LOCATION]  J:/Projekte  [LOCATION]Projekt Management Portal TP   Benutzergruppe Project_Manager_TP       Requestor: [NAME] ([COMPANY]. [LOCATION])  Comment:,Technical Issue,Medium,file share access ticket service request file share access grant access file share following user username access type read write file share location projekte location projekt management portal benutzergruppe project manager requestor company location comment
duplicate emails sentWe have two separate reports of duplicate messages being received by users.  Both [NAME] and [NAME] appear to have sent duplicate messages when they did not (send items only shows one copy).  Please investigate the issue and determine the cause of this problem.  See below snips for examples as well as the attached emails.  [Image]  [Image],Technical Issue,Medium,duplicate emails sentwe separate reports duplicate messages received users appear sent duplicate messages did send items shows copy investigate issue determine cause problem snips examples attached emails image image
E-Mailadresse falsch,General Query,Medium,mailadresse falsch
Initiated by [COMPANY][LOCATION]- Vulnerable Internet Explorer on [SERVER],Technical Issue,Medium,initiated company location vulnerable internet explorer server
Missing connection to all securitytools on system [SERVER],Technical Issue,Medium,missing connection securitytools server
[TICKET ID] - New Support Ticket received  - quitar accesos de carpeta RRHH,Technical Issue,Medium,ticket new support ticket received quitar accesos carpeta rrhh
ImpresoraBuenas tardes Estimado. no tengo problemas para imprimir. este es el aviso que me aparece     [Image],Technical Issue,Medium,impresorabuenas tardes estimado tengo problemas para imprimir este aviso que aparece image
Delegate access for [SERVER],Account,Medium,delegate access server
Planilha não esta na rede.,Technical Issue,Medium,planilha esta rede
[TICKET ID] - New Support Ticket received  - Telephone email not working,General Query,Medium,ticket new support ticket received telephone email working
[TICKET ID] - New Support Ticket received  - No me anda internet ni el correo electronico,Technical Issue,Medium,ticket new support ticket received anda internet correo electronico
[TICKET ID] - New Support Ticket received  - conexion[LOCATION]en el escritorio,General Query,Medium,ticket new support ticket received conexion location escritorio
Basis User - [TICKET ID] -Service Request: Basis User     Create Windows account for internal user       Firstname:  [NAME]  Lastname:  [USERNAME]  Cost Center:  44288  Company:    Department:  [LOCATION]  Street:    ZIP:    City:    Country:  [ADDRESS]  Office:       Important: Please set the EA10 to the following value: 13708 (leave blank. when empty)  Please create Exchange and Skype account.  The user needs at least the following access permissions:  Access to [SOFTWARE] ([SERVER])  Requestor:  [NAME] ([COMPANY]. [LOCATION])     Desired date:  Jan 15 2019  3:00AM     Additional information:,General Query,Medium,basis user ticket service request basis user create windows account internal user firstname lastname username cost center company department location street zip city country address office important set following value leave blank create exchange skype account user needs following access permissions access software server requestor company location desired date jan additional information
[TICKET ID] - A Support Ticket was forwarded to your role  - create[LOCATION]recors for new production ESXi hosts,General Query,High,ticket support ticket forwarded role create location recors new production esxi hosts
[TICKET ID] - A Support Ticket was forwarded to you  - Initiated by [COMPANY][LOCATION]- Vulnerable Office on [ADDRESS],General Query,Medium,ticket support ticket forwarded initiated company location vulnerable office address
[TICKET ID] - New Support Ticket received  - Habiliar a ferramenta EXCEL-DAPI,Technical Issue,Medium,ticket new support ticket received habiliar ferramenta excel dapi
[TICKET ID] - New Support Ticket received  - Cant login to Skype,Technical Issue,Medium,ticket new support ticket received login skype
Light User - [USERNAME] - [NAME] ([COMPANY]. [LOCATION])Service Request: Light User  Create Light user for [NAME] ([COMPANY]. [LOCATION])     Firstname: [NAME]  Lastname: [NAME]ailaddress: [EMAIL]  Phone:   Cost Center: [PHONE]  Company: [COMPANY] S.A.  Department: KW-[ADDRESS] [ADDRESS] – Zona Rural.  ZIP:[LOCATION][ADDRESS]  City: [ADDRESS]  Country: [ADDRESS]  Location:[LOCATION] Office:      Important: Please set the EA10 to the following value: 10166 (leave blank. when empty)     Desired date: Jan 24 2019  3:00AM     Requestor: [NAME] ([COMPANY]. [LOCATION])     Additional information:,General Query,Medium,light user username company location service request light user create light user company location firstname lastname ailaddress email phone cost center phone company company department address address zona rural zip location address city address country address location location office important set following value leave blank desired date jan requestor company location additional information
Printer at my desk is hesitating again & I have lost Google,Technical Issue,Medium,printer desk hesitating lost google
New Phone Need Okta resetNew Phone Need Okta reset,Technical Issue,Medium,new phone need okta resetnew phone need okta reset
[TICKET ID] - New Support Ticket received  - no puede entrar al correo,Technical Issue,Medium,ticket new support ticket received puede entrar correo
Basis User - [TICKET ID] - Eisinger. [NAME] ([COMPANY]. [LOCATION])Service Request: Basis User     Create Windows account for internal user  Eisinger. [NAME] ([COMPANY]. [LOCATION])     Firstname:  [NAME]  Lastname:  [NAME]  Cost Center:  174406  Company:  [COMPANY] [ADDRESS] GmbH  Department:  [ADDRESS]  City:  [ADDRESS]  Country:  Germany  Office:       Important: Please set the EA10 to the following value: 13630 (leave blank. when empty)  Please create Exchange and Skype account.  The user needs at least the following access permissions:  (RW) H:/%username%  (RO) J:/Auftrag  (RW) J:/Info  (RW) J:/Transfer  (RO) J:/Vorlagen  Access to [COMPANY] intranet  Access to [SOFTWARE] ([SERVER])  Requestor:  [NAME] ([COMPANY]. [LOCATION])     Desired date:  Jan 10 2019 12:00AM     Additional information:   [ADDRESS].  Bitte asap - Head of [LOCATION] HR,General Query,High,basis user ticket eisinger company location service request basis user create windows account internal user eisinger company location firstname lastname cost center company company address gmbh department address city address country germany office important set following value leave blank create exchange skype account user needs following access permissions username auftrag info transfer vorlagen access company intranet access software server requestor company location desired date jan additional information address bitte asap head location
Problemas no Skype quando ao receber ligações Quando recebo uma chamada de voz  via Skype. não consigo atender. diz que que o áudio não está configurado,Technical Issue,Medium,problemas skype quando receber liga quando recebo uma chamada voz skype consigo atender diz que que udio est configurado
[TICKET ID] - A Support Ticket was forwarded to you  - AD Account gelöscht,Account,Medium,ticket support ticket forwarded account gel scht
Power BI Fails to Publish,Technical Issue,Medium,power fails publish
[TICKET ID] - A Support Ticket was forwarded to your role  - Problemas com e-mail Contas a Pagar,Technical Issue,Medium,ticket support ticket forwarded role problemas com mail contas pagar
[TICKET ID] - New Support Ticket received  - Connection error to J drive via Citrix,Technical Issue,Medium,ticket new support ticket received connection error drive citrix
actual[LOCATION]user list,General Query,Medium,actual location user list
Acesso as pastas - Mesmos acessos da [NAME],Technical Issue,Medium,acesso pastas mesmos acessos
Basis User - [TICKET ID] - [USERNAME]. [NAME] ([COMPANY]. [LOCATION])Service Request: Basis User     Create Windows account for internal user  [USERNAME]. [NAME] ([COMPANY]. [LOCATION])     Firstname:  [NAME]  Lastname:  [NAME]  Cost Center:  174454  Company:  [COMPANY] Berlin GmbH  Department:  GTC-[ADDRESS]  ZIP:  [ADDRESS]  City:  [ADDRESS]  Country:  Germany  Office:       Important: Please set the EA10 to the following value: 13601 (leave blank. when empty)  Please create Exchange and Skype account.  The user needs at least the following access permissions:  (RW) H:/%username%  (RO) J:/Auftrag  (RW) J:/Info  (RW) J:/Transfer  (RO) J:/Vorlagen  Access to [COMPANY] intranet  Access to [SOFTWARE] ([SERVER])  Requestor:  [NAME] ([COMPANY]. [LOCATION])     Desired date:  Jan  1 2019 12:00AM     Additional information:   Liebes [COMPANY]-Team.   Laptop. Bildschirm. Tastatur. Telefon. Headset bitte aus Gerätepool Berlin. falls vorhanden  Tastatur und Laptop bitte deutsche Tastatur   Vielen Dank,General Query,Medium,basis user ticket username company location service request basis user create windows account internal user username company location firstname lastname cost center company company berlin gmbh department gtc address zip address city address country germany office important set following value leave blank create exchange skype account user needs following access permissions username auftrag info transfer vorlagen access company intranet access software server requestor company location desired date jan additional information liebes company team laptop bildschirm tastatur telefon headset bitte aus ger tepool berlin falls vorhanden tastatur und laptop bitte deutsche tastatur vielen dank
Create Shared Mailbox - [EMAIL] - [COMPANY] Credit card management,General Query,Medium,create shared mailbox email company credit card management
Basis User - [TICKET ID] - [NAME] ([COMPANY]. [LOCATION])Service Request: Basis User     Create Windows account for internal user  [USERNAME] ([COMPANY]. [LOCATION])     Firstname:  [NAME]  Lastname:  [NAME]  Cost Center:  44257  Company:  [COMPANY] France  Department:  [COMPANY]  Street:  [ADDRESS]  ZIP:  [ADDRESS]  City:  [ADDRESS]  Country:    Office:       Important: Please set the EA10 to the following value: 13744 (leave blank. when empty)  Please create Exchange and Skype account.  The user needs at least the following access permissions:  Access to [SOFTWARE] ([SERVER])  Requestor:  [NAME] ([COMPANY]. [LOCATION])     Desired date:  Feb  1 2019 12:00AM     Additional information:,General Query,Medium,basis user ticket company location service request basis user create windows account internal user username company location firstname lastname cost center company company france department company street address zip address city address country office important set following value leave blank create exchange skype account user needs following access permissions access software server requestor company location desired date feb additional information
[TICKET ID] - New Support Ticket received  -[LOCATION]Training ,Technical Issue,Medium,ticket new support ticket received location training
[TICKET ID] - New Support Ticket received  - No me aparecen las carpetas compartidas,Technical Issue,Medium,ticket new support ticket received aparecen las carpetas compartidas
cant connect to Folder GROUPS,Technical Issue,Medium,connect folder groups
Create Shared Mailbox - [EMAIL] - PI / PO Support,General Query,Medium,create shared mailbox email support
[TICKET ID] - New Support Ticket received  - Instalar app office,Technical Issue,Medium,ticket new support ticket received instalar app office
[TICKET ID] - A Support Ticket was forwarded to your role  - Verificar Conta E-mail,Technical Issue,Medium,ticket support ticket forwarded role verificar conta mail
Instalar impressora -[LOCATION]I,Technical Issue,Medium,instalar impressora location
[TICKET ID] - New Support Ticket received  - SafeNet SoftToken Activation,General Query,Medium,ticket new support ticket received safenet softtoken activation
Initiated by GIT: Missing connection to updates ([SOFTWARE]) on system [SERVER],Technical Issue,Medium,initiated git missing connection updates software server
[TICKET ID] - New Support Ticket received  -[LOCATION]and Printer Driver on New Machine,Technical Issue,Medium,ticket new support ticket received location printer driver new machine
File Share Access - [TICKET ID] - [NAME] ([COMPANY]. [LOCATION])Service Request: File Share Access     Grant access to file share for the following user:  [USERNAME]. Eva ([COMPANY]. [LOCATION]) (Username: [USERNAME])  Access Type: (RW) Read / Write  File Share:      n:/_Share/    n:/[SERVER]/STA-ALZ/    n:/[SERVER]/STA-EIN/    n:/[SERVER]/STA-KOZ/    n:/[SERVER]/STA-MCE/    n:/[SERVER]/STA-PIU/    n:/[SERVER]/STA-POR/         Requestor: [NAME] ([COMPANY]. [LOCATION])  Comment:,Technical Issue,Medium,file share access ticket company location service request file share access grant access file share following user username eva company location username username access type read write file share share server sta alz server sta ein server sta koz server sta mce server sta piu server sta por requestor company location comment
[TICKET ID] - New Support Ticket received  - Ajuste de Acesso ao Calendário das Salas,Technical Issue,Medium,ticket new support ticket received ajuste acesso calend rio das salas
ACCESS DB in inkonsistentem Zustand,Technical Issue,Medium,access inkonsistentem zustand
[TICKET ID] - New Support Ticket received  - Acceso a IN[LOCATION]ET,Account,Medium,ticket new support ticket received acceso location
Erro ao enviar arquivo pelo E-CAC,Technical Issue,Medium,erro enviar arquivo pelo cac
McAfee issue,Technical Issue,Medium,mcafee issue
Basis User for external - [TICKET ID] - [NAME]Service Request: Basis User for external     Create Windows account for external user  [USERNAME]. [NAME]     Firstname: [NAME]  Lastname: [NAME]ailaddress: [EMAIL]  Phone: [PHONE]-  Cost Center: 41605  Function: Konstrukteur  Company: [COMPANY]  Department: GGR-TTP  [ADDRESS]  ZIP: [ADDRESS]  City: [ADDRESS]  Country: [ADDRESS]  Location:[LOCATION] Office:   Expiration date: Mar 31 2019 12:00AM     Important: Please indicate in EA14 that it is an external user.     Requestor: [NAME] ([COMPANY]. [LOCATION])     Desired date: Jan 14 2019 12:00AM     Additional information:,General Query,Medium,basis user external ticket service request basis user external create windows account external user username firstname lastname ailaddress email phone phone cost center function konstrukteur company company department ggr ttp address zip address city address country address location location office expiration date mar important indicate external user requestor company location desired date jan additional information
Impressora com defeito,Technical Issue,Medium,impressora com defeito
Outlook-Verteiler ergänzen,General Query,Medium,outlook verteiler erg nzen
Entfernen von F1-Duplikaten im Active Directory,Account,Medium,entfernen von duplikaten active directory
Email Fornecedor - Caixa de SpamOlá. boa tarde!        Temos um fornecedor que o email dele está indo diretamente para nossa caixa de Spam. Poderiam verificar se há como ajustar?        [NAME] - Relacionamento - [COMPANY]-[NAME] <[EMAIL]>               Obrigada.,Technical Issue,Medium,email fornecedor caixa spamol boa tarde temos fornecedor que email dele est indo diretamente para nossa caixa spam poderiam verificar como ajustar relacionamento company email obrigada
[TICKET ID] - New Support Ticket received  - Give access to restricted folder,Technical Issue,Medium,ticket new support ticket received access restricted folder
[TICKET ID] - A Support Ticket was forwarded to your role  -  Instalação de Impressora [NAME],Technical Issue,Medium,ticket support ticket forwarded role instala impressora
[TICKET ID] - New Support Ticket received  - Missing Updates - [SERVER],General Query,Medium,ticket new support ticket received missing updates server
[TICKET ID] - New Support Ticket received  - Acesso [NAME],Technical Issue,Medium,ticket new support ticket received acesso
Basis User - [TICKET ID] - [USERNAME]. Ole ([COMPANY]. [LOCATION])Service Request: Basis User     Create Windows account for internal user  [USERNAME]. Ole ([COMPANY]. [LOCATION])     Firstname:  [NAME]  Lastname:  [NAME]  Cost Center:  47069  Company:  [COMPANY] SE  Department:  [ADDRESS]:  [ADDRESS]  City:  [ADDRESS]  Country:  [ADDRESS]  Office:       Important: Please set the EA10 to the following value: 13592 (leave blank. when empty)  Please create Exchange and Skype account.  The user needs at least the following access permissions:  (RW) H:/%username%  (RO) J:/Auftrag  (RW) J:/Info  (RW) J:/Transfer  (RO) J:/Vorlagen  Access to [COMPANY] intranet  Access to [SOFTWARE] ([SERVER])  Requestor: [NAME] ([COMPANY]. [LOCATION])     Desired date:  Dec 21 2018 12:00AM     Additional information:   Das Büro von Herrn Hoffmann wird sich imBürogebäude in der [ADDRESS] befinden (Büro: 1.04). Bitte liefern Sie die Hardware so schnell wie möglich aus.  Vielen Dank!  Für Rückfragen stehe ich gern zur Verfügung.  Beste Grüße [NAME] Tel.: [PHONE],General Query,Medium,basis user ticket username ole company location service request basis user create windows account internal user username ole company location firstname lastname cost center company company department address address city address country address office important set following value leave blank create exchange skype account user needs following access permissions username auftrag info transfer vorlagen access company intranet access software server requestor company location desired date dec additional information das von herrn hoffmann wird sich imb rogeb ude der address befinden bitte liefern sie die hardware schnell wie glich aus vielen dank ckfragen stehe ich gern zur verf gung beste tel phone
change skype meeting mobile phone line,Technical Issue,Medium,change skype meeting mobile phone line
[TICKET ID] - New Support Ticket received  - Activation code for Blackberry,General Query,Medium,ticket new support ticket received activation code blackberry
[TICKET ID] - A Support Ticket was forwarded to your role  -  Access to [EMAIL],Technical Issue,Medium,ticket support ticket forwarded role access email
File Share Access - [TICKET ID] - [NAME] ([COMPANY]. [LOCATION])Service Request: File Share Access     Grant access to file share for the following user:  [NAME] ([COMPANY]. [LOCATION]) (Username: [USERNAME])  Access Type: (RW) Read / Write  File Share:      J:/[SERVER]       Normal   0         21         false   false   false      DE   X-NONE   X-NONE                                             MicrosoftInternetExplorer4                                                                                                                                                                                                                                                                                                                                                                                                                                                                                                                                                                                                                                                                                                                                                                                                                                                                                                                                                                                                                                                                                                                                                                                                                                      Requestor: [NAME] ([COMPANY]. [LOCATION])  Comment:,Technical Issue,Medium,file share access ticket company location service request file share access grant access file share following user company location username username access type read write file share server normal false false false microsoftinternetexplorer requestor company location comment
RE: User credentials for Order [TICKET ID]Thanks –    [NAME]    From: [EMAIL] <[EMAIL]>  Sent: Thursday. October 24. 2019 11:14 AM  To: [NAME] ([COMPANY] [LOCATION]) <[EMAIL]>; [NAME] ([COMPANY]. [LOCATION]) <[EMAIL]>  Subject: User credentials for Order [TICKET ID]      Hello.    with this Email you receive the user credentials for the person  [NAME] which you ordered in the IT-Service catalog.        Accountname: [USERNAME]    [NAME]:[EMAIL]    Password: [PASSWORD]    Please note: The mailbox provisioning is not done yet. this will take several hours.    By the first log in the password must be changed. this could be done in Okta or by the first log in on Windows.    If you need help by the first log in. please contact the [COMPANY] ServiceDesk.      ,Account,Medium,user credentials order ticket thanks email email sent thursday october company location email company location email subject user credentials order ticket hello email receive user credentials person ordered service catalog accountname username email password password note mailbox provisioning hours log password changed okta log windows need help log contact company servicedesk
Access to [ADDRESS] [NAME],Technical Issue,Medium,access address
Scannen mit [SERVER] nicht möglich für meinen Account,Technical Issue,Medium,scannen mit server nicht glich meinen account
File Share Access - [TICKET ID] - [NAME] ([COMPANY]. [LOCATION])Service Request: File Share Access     Grant access to file share for the following user:  [NAME] ([COMPANY]. [LOCATION]) (Username: [USERNAME])  Access Type: (RW) Read / Write  File Share:    [NAME] benötigt den Zugriff auf folgenden Ordner auf Laufwerk J   INS-ES       Requestor: [NAME] ([COMPANY]. [LOCATION])  Comment:,Technical Issue,Medium,file share access ticket company location service request file share access grant access file share following user company location username username access type read write file share ben tigt den zugriff auf folgenden ordner auf laufwerk ins requestor company location comment
Will Hope passworrd reset,Account,Medium,hope passworrd reset
Create Shared Mailbox - [EMAIL] - my[COMPANY] Mailbox CH,General Query,Medium,create shared mailbox email company mailbox
Basis User - [TICKET ID] - [NAME] ([COMPANY]. [LOCATION])Service Request: Basis User     Create Windows account for internal user  [USERNAME]. Michele ([COMPANY]. [LOCATION])     Firstname:  [NAME]  Lastname:  [NAME]  Cost Center:  174440  Company:  [COMPANY] Berlin GmbH  Department:  [ADDRESS]  ZIP:  [ADDRESS]  City:  [ADDRESS]  Country:  Germany  Office:       Important: Please set the EA10 to the following value: 13651 (leave blank. when empty)  Please create Exchange and Skype account.  The user needs at least the following access permissions:  (RW) H:/%username%  (RO) J:/Auftrag  (RW) J:/Info  (RW) J:/Transfer  (RO) J:/Vorlagen  Access to [COMPANY] intranet  Access to [SOFTWARE] ([SERVER])  Requestor:  [NAME] ([COMPANY]. [LOCATION])     Desired date:  Jan  1 2019 12:00AM     Additional information:   Liebes [COMPANY]-Team.   Laptop. Bildschirm. Tastatur. Telefon. Headset bitte aus Gerätepool Berlin. falls vorhanden  Tastatur und Laptop bitte englische Tastatur,General Query,Medium,basis user ticket company location service request basis user create windows account internal user username michele company location firstname lastname cost center company company berlin gmbh department address zip address city address country germany office important set following value leave blank create exchange skype account user needs following access permissions username auftrag info transfer vorlagen access company intranet access software server requestor company location desired date jan additional information liebes company team laptop bildschirm tastatur telefon headset bitte aus ger tepool berlin falls vorhanden tastatur und laptop bitte englische tastatur
Missing connection to all securitytools on system [LOCATION]-TMP01,Technical Issue,Medium,missing connection securitytools location tmp
Microsoft office error,Technical Issue,Medium,microsoft office error
[TICKET ID] - New Support Ticket received  - Configuración mobilepass | [NAME],General Query,Medium,ticket new support ticket received configuraci mobilepass
email group membership,Technical Issue,Medium,email group membership
Create Shared Mailbox - [TICKET ID] - [EMAIL]),General Query,Medium,create shared mailbox ticket email
Delete Shared Mailbox - [TICKET ID] - [NAME] ([COMPANY]. [LOCATION]),General Query,Medium,delete shared mailbox ticket company location
[TICKET ID] - New Support Ticket received  - Access request to File Share,Technical Issue,Medium,ticket new support ticket received access request file share
[TICKET ID] - New Support Ticket received  - OS Updates - [SERVER],General Query,Medium,ticket new support ticket received updates server
[TICKET ID] - New Support Ticket received  - Manutenção de Impressora. [COMPANY]elo: LEXMARK X656de. Setor: Controle de Qualidade.,Technical Issue,Medium,ticket new support ticket received manuten impressora company elo lexmark setor controle qualidade
[TICKET ID] - A Support Ticket was forwarded to you  -[LOCATION]Zugang für [NAME],General Query,Medium,ticket support ticket forwarded location zugang
Basis User - [TICKET ID] - [NAME] ([COMPANY]. [LOCATION])Service Request: Basis User     Create Windows account for internal user  [NAME]nza ([COMPANY]. [LOCATION])     Firstname:  [NAME]  Lastname:  [NAME]  Cost Center:  174454  Company:  [COMPANY] [ADDRESS] GmbH  Department:  GTC-[ADDRESS]  ZIP:  [ADDRESS]  City:  [ADDRESS]  Country:  Germany  Office:       Important: Please set the EA10 to the following value: 13588 (leave blank. when empty)  Please create Exchange and Skype account.  The user needs at least the following access permissions:  (RW) H:/%username%  (RO) J:/Auftrag  (RW) J:/Info  (RW) J:/Transfer  (RO) J:/Vorlagen  Access to [COMPANY] intranet  Access to [SOFTWARE] ([SERVER])  Requestor:  [NAME] ([COMPANY]. [LOCATION])     Desired date:  Dec 31 2018 12:00AM     Additional information:,General Query,Medium,basis user ticket company location service request basis user create windows account internal user nza company location firstname lastname cost center company company address gmbh department gtc address zip address city address country germany office important set following value leave blank create exchange skype account user needs following access permissions username auftrag info transfer vorlagen access company intranet access software server requestor company location desired date dec additional information
Basis User - [USERNAME] -Service Request: Basis User     Create Windows account for internal user       Firstname:  [NAME]  Lastname:  [NAME]  Cost Center:  41606  Company:    Department:  [ADDRESS]:    ZIP:    City:    Country:  [ADDRESS]  Office:       Important: Please set the EA10 to the following value: 13722 (leave blank. when empty)  Please create Exchange and Skype account.  The user needs at least the following access permissions:  (RW) H:/%username%  (RO) J:/Auftrag  (RW) J:/Info  (RW) J:/Transfer  (RO) J:/Vorlagen  Access to [COMPANY] intranet  Access to [SOFTWARE] ([SERVER])  Requestor:  [NAME] ([COMPANY]. [LOCATION])     Desired date:  Jan 21 2019 12:00AM     Additional information:,General Query,Medium,basis user username service request basis user create windows account internal user firstname lastname cost center company department address zip city country address office important set following value leave blank create exchange skype account user needs following access permissions username auftrag info transfer vorlagen access company intranet access software server requestor company location desired date jan additional information
[NAME] is locked out of her account.,Account,Medium,locked account
[COMPANY]/Holert -[LOCATION]Eintrag für Wallplanner Web ApplicationSehr geehrte [NAME] und [NAME].          können Sie für die Web Applikation Wallplanner einen[LOCATION]Eintrag für [SERVER] anlegen?     [COMPANY]up.ads.dir                  Zudem brauchen wir dann noch ein[LOCATION]Zertifikat. Können Sie auch hier die Installation auf dem [SERVER] veranlassen?         Danke und viele Grüße    [NAME]              ---------------------------------------------------------------------------------------------------------------------------------------------  Holert - Project- and Portfoliomanagement with Microsoft Project - Consulting. Training and Development     [NAME]  Consultant      [NAME]-Str. 20 | [ADDRESS] | Germany  [ADDRESS] | [ADDRESS] | Germany       <[URL]> [URL] |  <mailto:[EMAIL]> [EMAIL] | [PHONE]    Tel. [PHONE]*  Fax [PHONE]     [NAME] GmbH. Geschäftsführer: [NAME]. Sitz: [ADDRESS]: [ADDRESS]    *12.4 Cent/Minute für Gespräche tagsüber aus dem Festnetz der Deutschen Telekom         ,General Query,Medium,company holert location eintrag wallplanner web applicationsehr geehrte und nnen sie die web applikation wallplanner einen location eintrag server anlegen company ads dir zudem brauchen wir dann noch ein location zertifikat nnen sie auch hier die installation auf dem server veranlassen danke und viele holert project portfoliomanagement microsoft project consulting training development consultant str address germany address address germany url url mailto email email phone tel phone fax phone gmbh gesch ftsf hrer sitz address address cent minute gespr che tags ber aus dem festnetz der deutschen telekom
Virus on email,Technical Issue,Medium,virus email
Externe/ interne Mails kommen nicht durch,General Query,Medium,externe interne mails kommen nicht durch
No internet access,General Query,Medium,internet access
File Share Access - [TICKET ID] - [NAME] ([COMPANY]. [LOCATION])Service Request: File Share Access     Grant access to file share for the following user:  [NAME] ([COMPANY]. [LOCATION]) (Username: [USERNAME])  Access Type: (RW) Read / Write  File Share:  J:/CMA     Requestor: [NAME] ([COMPANY]. [LOCATION])  Comment:,Technical Issue,Medium,file share access ticket company location service request file share access grant access file share following user company location username username access type read write file share cma requestor company location comment
[TICKET ID] - New Support Ticket received  - Marker DB Citrix DotNet login,Technical Issue,Medium,ticket new support ticket received marker citrix dotnet login
File Share Access - [TICKET ID] - [NAME] ([COMPANY]. [LOCATION])Service Request: File Share Access     Grant access to file share for the following user:  [NAME] ([COMPANY]. [LOCATION]) (Username: )  Access Type: (RW) Read / Write  File Share:  J:/ÖFZFOX/MOM-OSR     Requestor: [NAME] ([COMPANY]. [LOCATION])  Comment:,Technical Issue,Medium,file share access ticket company location service request file share access grant access file share following user company location username access type read write file share fzfox mom osr requestor company location comment
FTP do marketingBom dia. não estamos conseguindo mais acessar o[LOCATION]que vocês gerenciam.   user: [USERNAME]  senha:  [PASSWORD]  erro:               [Image],General Query,Medium,ftp marketingbom dia estamos conseguindo mais acessar location que voc gerenciam user username senha password erro image
File Share Access - [TICKET ID] - [USERNAME] ([COMPANY]. [LOCATION])Service Request: File Share Access     Grant access to file share for the following user:  [USERNAME] ([COMPANY]. [LOCATION]) (Username: [USERNAME])  Access Type: (RW) Read / Write  File Share:    Hallo [NAME].        I need access to the following file directories. Can you please contact IT for me?       J:/[SERVER]   J:/Stundenbuecher   J:/TOM_DOKU       Vielen Dank!   [NAME]       [NAME]   Engineer of Facility Management Construction    Group Governance & Risk Management.   Technology Real Estate – Facility Management Construction (GGR-TFC)       Phone [PHONE]   [EMAIL]           Requestor: [NAME] ([COMPANY]. [LOCATION])  Comment:  Bitte [NAME] die geannten Zugriffsrechte erteilen ! Danke und Gruß A. [USERNAME],Technical Issue,Medium,file share access ticket username company location service request file share access grant access file share following user username company location username username access type read write file share hallo need access following file directories contact server stundenbuecher tom doku vielen dank engineer facility management construction group governance risk management technology real estate facility management construction ggr tfc phone phone email requestor company location comment bitte die geannten zugriffsrechte erteilen danke und gru username
File Share Access - [TICKET ID] - [NAME] ([COMPANY]. [LOCATION])Service Request: File Share Access     Grant access to file share for the following user:  [NAME] ([COMPANY]. [LOCATION]) (Username: [USERNAME])  Access Type: (RW) Read / Write  File Share:    [SERVER]-[SERVER]           Requestor: [NAME] ([COMPANY]. [LOCATION])  Comment:,Technical Issue,Medium,file share access ticket company location service request file share access grant access file share following user company location username username access type read write file share server server requestor company location comment
Light User for external - [TICKET ID] - [USERNAME]. [NAME]Service Request: Light User for external  Create Light user for [USERNAME]. [NAME]     Firstname: [NAME]  Lastname: [NAME]ailaddress: [EMAIL]  Phone: [PHONE]  Cost Center: 47045  Function: [COMPANY][LOCATION]consultant for MM/WM  Company: [COMPANY]  Department: [ADDRESS]  ZIP: [ADDRESS]  City: [ADDRESS]  Country: [ADDRESS]  Location:[LOCATION] Office:   Expiration date: Not defined     Important: Please indicate in EA14 that it is an external user.     Requestor: [NAME] ([COMPANY]. [LOCATION])     Desired date: Jan 10 2019 12:00AM     Additional information:  [COMPANY] is on-boarding the new MM consultant Mrs. [NAME].  Existing MM consultant will be rolling off from [COMPANY] project by March 2019.   Approver = [NAME],General Query,Medium,light user external ticket username service request light user external create light user username firstname lastname ailaddress email phone phone cost center function company location consultant company company department address zip address city address country address location location office expiration date defined important indicate external user requestor company location desired date jan additional information company boarding new consultant mrs existing consultant rolling company project march approver
[TICKET ID] - New Support Ticket received  - McAfee excepetion,Technical Issue,Medium,ticket new support ticket received mcafee excepetion
File Share Access - [TICKET ID] - [USERNAME] ([COMPANY]. [LOCATION])Service Request: File Share Access    Grant access to file share for the following user:  [USERNAME] ([COMPANY]. [LOCATION]) (Username: [USERNAME])    Access Type: (RW) Read / Write    File Share:     J:/AG_MA_GE       (inklusive aller Unterordner)  J:/MGC    Requestor: [NAME] ([COMPANY]. [LOCATION])    Comment:,Technical Issue,Medium,file share access ticket username company location service request file share access grant access file share following user username company location username username access type read write file share inklusive aller unterordner mgc requestor company location comment
[PASSWORD] - New Support Ticket received  - Reset Password,Account,Medium,password new support ticket received reset password
[TICKET ID] - New Support Ticket received  - pagina bloqueada,General Query,Medium,ticket new support ticket received pagina bloqueada
File Share Access - [TICKET ID] - [NAME] ([COMPANY]. [LOCATION])Service Request: File Share Access     Grant access to file share for the following user:  [NAME] ([COMPANY]. [LOCATION]) (Username: [USERNAME])  Access Type: (RW) Read / Write  File Share:  J:/VORLAGEN     Requestor: [NAME] ([COMPANY]. [LOCATION])  Comment:,Technical Issue,Medium,file share access ticket company location service request file share access grant access file share following user company location username username access type read write file share vorlagen requestor company location comment
[TICKET ID] - New Support Ticket received  - configuracion nuevo equipo,General Query,Medium,ticket new support ticket received configuracion nuevo equipo
Light User for external - [TICKET ID] - [NAME]Service Request: Light User for external  Create Light user for [USERNAME]     Firstname: [NAME]  Lastname: [NAME]ailaddress: [EMAIL]  Phone: [PHONE]  Cost Center: 47004  Function: Agentur  Company: Welocalize  Department: GMC-[ADDRESS]  ZIP: [ADDRESS]  City: [ADDRESS]  Country: [ADDRESS]  Location:[LOCATION] Office:   Expiration date: Jun 29 2019 11:00PM     Important: Please indicate in EA14 that it is an external user.     Requestor: [NAME]. [USERNAME] ([COMPANY]. [LOCATION])     Desired date: Dec 13 2018 12:00AM     Additional information:,General Query,Medium,light user external ticket service request light user external create light user username firstname lastname ailaddress email phone phone cost center function agentur company welocalize department gmc address zip address city address country address location location office expiration date jun important indicate external user requestor username company location desired date dec additional information
File Share Access - [TICKET ID] - [NAME] ([COMPANY]. [LOCATION])Service Request: File Share Access     Grant access to file share for the following user:  [NAME] ([COMPANY]. [LOCATION]) (Username: [NAME])  Access Type: (RW) Read / Write  File Share:  J:/Topf- und Substratbestellungen     Requestor: [NAME] ([COMPANY]. [LOCATION])  Comment:  J:/Topf- und Substratbestellungen,Technical Issue,Medium,file share access ticket company location service request file share access grant access file share following user company location username access type read write file share topf und substratbestellungen requestor company location comment topf und substratbestellungen
File Share Access - [TICKET ID] - [NAME] ([COMPANY]. [LOCATION])Service Request: File Share Access     Grant access to file share for the following user:  [NAME] ([COMPANY]. [LOCATION]) (Username: [USERNAME])  Access Type: (RW) Read / Write  File Share:    J:/SB-BD_CONVISO SMART bitte neu anlegen   Besitzer: [NAME]   Zugriff:[NAME]Lüders. [NAME]. [NAME]       Requestor: [NAME] ([COMPANY]. [LOCATION])  Comment:,Technical Issue,Medium,file share access ticket company location service request file share access grant access file share following user company location username username access type read write file share conviso smart bitte neu anlegen besitzer zugriff ders requestor company location comment
[TICKET ID] - New Support Ticket received  - Acceso a carpeta compartida COMEX,Technical Issue,Medium,ticket new support ticket received acceso carpeta compartida comex
Please correct email address for [NAME]The email address for [NAME] should be [EMAIL] mailto:[EMAIL] like EVERY OTHER [COMPANY] email addressed user requested. It is set to [EMAIL]@[COMPANY] mailto:[EMAIL][COMPANY] and that is not correct. Again.,General Query,Medium,correct email address email address email mailto email like company email addressed user requested set email company mailto email company correct
Add User to AD-Group,Account,Medium,add user group
File Share Access - [TICKET ID] -Service Request: File Share Access     Grant access to file share for the following user:   (Username: )  Access Type: (RW) Read / Write  File Share:  J:/Abt_CLC     Requestor: [NAME] ([COMPANY]. [LOCATION])  Comment:,Technical Issue,Medium,file share access ticket service request file share access grant access file share following user username access type read write file share abt clc requestor company location comment
File Share Access - [TICKET ID] - [USERNAME]. Jan ([COMPANY]. [LOCATION])Service Request: File Share Access     Grant access to file share for the following user:  [USERNAME]. Jan ([COMPANY]. [LOCATION]) (Username: [USERNAME])  Access Type: (RW) Read / Write  File Share:  J:/[COMPANY]/IT     Requestor: [NAME] ([COMPANY]. [LOCATION])  Comment:,Technical Issue,Medium,file share access ticket username jan company location service request file share access grant access file share following user username jan company location username username access type read write file share company requestor company location comment
Create Shared Mailbox - [EMAIL] - ExHub_Training,General Query,Medium,create shared mailbox email exhub training
Light User for external - [TICKET ID] - [NAME]. Service Request: Light User for external  Create Light user for [USERNAME]     Firstname: [NAME]  Lastname: [NAME]ailaddress: [EMAIL]  Phone: [ADDRESS]  Function:[LOCATION]Berater China  Company:[LOCATION] Department: GIT-[ADDRESS]  ZIP: [ADDRESS]  City: [ADDRESS]  Country: Germany  Location:[LOCATION] Office:   Expiration date: Mar 31 2019 12:00AM     Important: Please indicate in EA14 that it is an external user.     Requestor: [NAME] ([COMPANY]. [LOCATION])     Desired date: Dec 13 2018 12:00AM     Additional information:,General Query,Medium,light user external ticket service request light user external create light user username firstname lastname ailaddress email phone address function location berater china company location department git address zip address city address country germany location location office expiration date mar important indicate external user requestor company location desired date dec additional information
Instalação da Impressora SHARP - MX2640 PCL6,Technical Issue,Medium,instala impressora sharp pcl
[TICKET ID] - New Support Ticket received  - Configuración equipos A6 [NAME],General Query,Medium,ticket new support ticket received configuraci equipos
Missing connection to Directory (AD) on system [SERVER],Technical Issue,Medium,missing connection directory server
Initiated by [COMPANY][LOCATION]- Vulnerable Internet Explorere on [SERVER],Technical Issue,Medium,initiated company location vulnerable internet explorere server
File Share Access - [TICKET ID] -Service Request: File Share Access     Grant access to file share for the following user:   (Username: )  Access Type: (RW) Read / Write  File Share:    J:/PFM-PU               Requestor: [NAME] ([COMPANY]. [LOCATION])  Comment:,Technical Issue,Medium,file share access ticket service request file share access grant access file share following user username access type read write file share pfm requestor company location comment
File Share Access - [TICKET ID] - [USERNAME] ([COMPANY]. [LOCATION])Service Request: File Share Access     Grant access to file share for the following user:  [USERNAME] ([COMPANY]. [LOCATION]) (Username: [USERNAME])  Access Type: (RW) Read / Write  File Share:  J:/DCD-C/R&D Webmag     Requestor: [NAME] ([COMPANY]. [LOCATION])  Comment:  S. E-Mail [NAME] [EMAIL] [NAME] [EMAIL] (2.1.2019),Technical Issue,Medium,file share access ticket username company location service request file share access grant access file share following user username company location username username access type read write file share dcd webmag requestor company location comment mail email email
[TICKET ID] - A Support Ticket was forwarded to your role  - AW: Order Provisioned: #[TICKET ID] - Install request for [NAME],General Query,Medium,ticket support ticket forwarded role order provisioned ticket install request
Install printer driver,Technical Issue,Medium,install printer driver
[TICKET ID] - New Support Ticket received  - Conta Bloqueada,Account,Medium,ticket new support ticket received conta bloqueada
setup phone for email.phone contacts.okta.,General Query,Medium,setup phone email phone contacts okta
[TICKET ID] - A Support Ticket was forwarded to your role  -[LOCATION]Wiedereinrichtung auf neuem Handy,Technical Issue,Medium,ticket support ticket forwarded role location wiedereinrichtung auf neuem handy
PowerBI is not providing my reports,Technical Issue,Medium,powerbi providing reports
File Share Access - [TICKET ID] - [NAME] ([COMPANY]. [LOCATION])Service Request: File Share Access     Grant access to file share for the following user:  [NAME] ([COMPANY]. [LOCATION]) (Username: reuter)  Access Type: (RW) Read / Write  File Share:  j:/stundenbuecher     Requestor: [NAME] ([COMPANY]. [LOCATION])  Comment:,Technical Issue,Medium,file share access ticket company location service request file share access grant access file share following user company location username reuter access type read write file share stundenbuecher requestor company location comment
Reset the password asap,Account,High,reset password asap
Access on LightHouse,Account,Medium,access lighthouse
[TICKET ID] - A Support Ticket was forwarded to your role  - Okta verify,Technical Issue,Medium,ticket support ticket forwarded role okta verify
[TICKET ID] - New Support Ticket received  - Dell laptop will not connect to the R drive.,Technical Issue,Medium,ticket new support ticket received dell laptop connect drive
[NAME] Mails aus Salesforce an Mailverteiler,General Query,Medium,mails aus salesforce mailverteiler
[TICKET ID] - New Support Ticket received  - Instalación de software,Technical Issue,Medium,ticket new support ticket received instalaci software
Problemas acesso VPN,General Query,Medium,problemas acesso vpn
[TICKET ID] - New Support Ticket received  - INSTALAR ATUALIZAÇÃO SICALC,Technical Issue,Medium,ticket new support ticket received instalar atualiza sicalc
Creating of new Distribution Group in [LOCATION],Account,Medium,creating new distribution group location
usuario no recibe correos masivos,General Query,Medium,usuario recibe correos masivos
[TICKET ID] - New Support Ticket received  - Scan is not going through,Technical Issue,Medium,ticket new support ticket received scan going
Impressora Borrando impressões,Technical Issue,Medium,impressora borrando impress
Basis User - [TICKET ID] - [NAME] ([COMPANY]. [LOCATION])Service Request: Basis User     Create Windows account for internal user  [USERNAME] ([COMPANY]. [LOCATION])     Firstname:  [NAME]  Lastname:  [NAME]  Cost Center:  41801  Company:  [COMPANY] SE  Department:  GGR-[ADDRESS]  ZIP:  [ADDRESS]  City:  [ADDRESS]  Country:  Germany  Office:  [LOCATION]. BOB. UG / K29     Important: Please set the EA10 to the following value: 4378 (leave blank. when empty)  Please create Exchange and Skype account.  The user needs at least the following access permissions:  (RW) H:/%username%  (RO) J:/Auftrag  (RW) J:/Info  (RW) J:/Transfer  (RO) J:/Vorlagen  Access to [COMPANY] intranet  Access to [SOFTWARE] ([SERVER])  Requestor:  [NAME] ([COMPANY]. [LOCATION])     Desired date:  Jan  9 2019 12:00AM     Additional information:   Mitarbeiter wechselt intern und benötigt vollständige Technikausstattung.  Vorgestztenstruktur noch nicht aktualisiert. bitte dennoch freigeben.  Bitte Notebook und Keyboard mit deutscher Tastatur.  Vielen Dank.,General Query,Medium,basis user ticket company location service request basis user create windows account internal user username company location firstname lastname cost center company company department ggr address zip address city address country germany office location bob important set following value leave blank create exchange skype account user needs following access permissions username auftrag info transfer vorlagen access company intranet access software server requestor company location desired date jan additional information mitarbeiter wechselt intern und ben tigt vollst ndige technikausstattung vorgestztenstruktur noch nicht aktualisiert bitte dennoch freigeben bitte notebook und keyboard mit deutscher tastatur vielen dank
Basis User - [USERNAME] -Service Request: Basis User     Create Windows account for internal user       Firstname:  [NAME]  Lastname:  [NAME]  Cost Center:  22104  Company:    Department:  [COMPANY]-CS  Street:    ZIP:    City:    Country:  [ADDRESS]  Office:       Important: Please set the EA10 to the following value: 8708 (leave blank. when empty)  Please create Exchange and Skype account.  The user needs at least the following access permissions:  (RW) H:/%username%  (RO) J:/Auftrag  (RW) J:/Info  (RW) J:/Transfer  (RO) J:/Vorlagen  Access to [COMPANY] intranet  Access to [SOFTWARE] ([SERVER])  Requestor:  [NAME] ([COMPANY]. [LOCATION])     Desired date:  Jan 16 2019 12:00AM     Additional information:   Bitte [NAME] der E-Mail Gruppe [COMPANY]-CS hinzufügen.  Telefonisch zu erreichen unter [PHONE],General Query,Medium,basis user username service request basis user create windows account internal user firstname lastname cost center company department company street zip city country address office important set following value leave blank create exchange skype account user needs following access permissions username auftrag info transfer vorlagen access company intranet access software server requestor company location desired date jan additional information bitte der mail gruppe company hinzuf gen telefonisch erreichen unter phone
File Share Access - [TICKET ID] - [NAME] ([COMPANY]. [LOCATION])Service Request: File Share Access     Grant access to file share for the following user:  [NAME] ([COMPANY]. [LOCATION]) (Username: [USERNAME])  Access Type: (RW) Read / Write  File Share:    Guten Morgen.   würden Sie mir bitte den Zugriff auf die drei folgenden Ordnerstrukturen einrichten?    J:/HR_[SERVER]   J:/HR_[SERVER]   J:/HR_FRM-WBH   J:/PW-INSBB   Liebe Grüße. [NAME] Nollau   HR-Betreuung       Requestor: [NAME] ([COMPANY]. [LOCATION])  Comment:,Technical Issue,Medium,file share access ticket company location service request file share access grant access file share following user company location username username access type read write file share guten morgen rden sie mir bitte den zugriff auf die drei folgenden ordnerstrukturen einrichten server server frm wbh insbb liebe nollau betreuung requestor company location comment
Update Power BI,Technical Issue,Medium,update power
Initiated by GIT: Missing connection to directory (AD) on system [SERVER],Technical Issue,Medium,initiated git missing connection directory server
[TICKET ID] - New Support Ticket received  - email migration,Technical Issue,Medium,ticket new support ticket received email migration
check_mk network Hostalarm: (US[COMPANY]01) [COMPANY] LS Site2Site[LOCATION]- UP -> DOWN,General Query,High,check network hostalarm company company site site location
[TICKET ID] - New information received on closed ticket  - Light User for external - [TICKET ID] - [NAME],General Query,Medium,ticket new information received closed ticket light user external ticket
[TICKET ID] - New Support Ticket received  - OS Update - [SERVER],General Query,Medium,ticket new support ticket received update server
[TICKET ID] - A Support Ticket was forwarded to you  - interrumpido acceso a J:,Technical Issue,Medium,ticket support ticket forwarded interrumpido acceso
[TICKET ID] - New Support Ticket received  - Windows update to 1803,General Query,Medium,ticket new support ticket received windows update
Installation of Power BI desktop for user  [EMAIL] ,Technical Issue,Medium,installation power desktop user email
File Share Access - [TICKET ID] - [NAME]. [NAME] ([COMPANY]. [LOCATION])Service Request: File Share Access     Grant access to file share for the following user:  Voss. [NAME] ([COMPANY]. [LOCATION]) (Username: [USERNAME])  Access Type: (RW) Read / Write  File Share:    J:/Wertprüfungen       Requestor: [NAME] ([COMPANY]. [LOCATION])  Comment:,Technical Issue,Medium,file share access ticket company location service request file share access grant access file share following user voss company location username username access type read write file share wertpr fungen requestor company location comment
Light User - [USERNAME] - [NAME] ([COMPANY]. [LOCATION])Service Request: Light User  Create Light user for [NAME] ([COMPANY]. [LOCATION])     Firstname: [NAME]  Lastname: [NAME]ailaddress: [EMAIL]  Phone:   Cost Center: 150220  Company: [COMPANY] Services [ADDRESS] GmbH  Department: [ADDRESS]  ZIP: [ADDRESS]  City: [ADDRESS]  Country: [ADDRESS]  Location:[LOCATION] Office:      Important: Please set the EA10 to the following value: 13735 (leave blank. when empty)     Desired date: Feb 11 2019 12:00AM     Requestor: [NAME] ([COMPANY]. [LOCATION])     Additional information:,General Query,Medium,light user username company location service request light user create light user company location firstname lastname ailaddress email phone cost center company company services address gmbh department address zip address city address country address location location office important set following value leave blank desired date feb requestor company location additional information
Delegation of Group - [SERVER]-LIMS,Technical Issue,Medium,delegation group server lims
[TICKET ID] - New Support Ticket received  - Phone does not load email,Technical Issue,Medium,ticket new support ticket received phone does load email
File Share Access - [TICKET ID] - [USERNAME] ([COMPANY]. [LOCATION])Service Request: File Share Access     Grant access to file share for the following user:  [USERNAME] ([COMPANY]. [LOCATION]) (Username: [USERNAME])  Access Type: (RO) Read only  File Share:  J:/ZR_MAS     Requestor: [NAME] ([COMPANY]. [LOCATION])  Comment:,Technical Issue,Medium,file share access ticket username company location service request file share access grant access file share following user username company location username username access type read file share mas requestor company location comment
[TICKET ID] - New Support Ticket received  - cant sign into Skype,Technical Issue,Medium,ticket new support ticket received sign skype
SR263409 - Leaving employee: The user Books; [NAME] ([COMPANY]; [LOCATION]) is going to leave [COMPANY] on 10;10;2017,Account,Medium,leaving employee user books company location going leave company
Light User for external - [TICKET ID] - [NAME]Service Request: Light User for external  Create Light user for [NAME]. Igor     Firstname: [NAME]  Lastname: [NAME]ailaddress: [EMAIL]  Phone: [PHONE]  Cost Center: 47046  Function: [COMPANY][LOCATION]consultant for BI  Company: [COMPANY] do Brasil Ltda.  Department: GIT-EST  [ADDRESS]  ZIP: [ADDRESS]  City: [ADDRESS]  Country: [ADDRESS]  Location:[LOCATION] Office:   Expiration date: Not defined     Important: Please indicate in EA14 that it is an external user.     Requestor: [NAME] ([COMPANY]. [LOCATION])     Desired date: Dec 20 2018 12:00AM     Additional information:  New [COMPANY][LOCATION]consultant for BI. [NAME],General Query,Medium,light user external ticket service request light user external create light user igor firstname lastname ailaddress email phone phone cost center function company location consultant company company brasil ltda department git est address zip address city address country address location location office expiration date defined important indicate external user requestor company location desired date dec additional information new company location consultant
Initiated by [COMPANY][LOCATION]- Vulnerable Office on [SERVER],Technical Issue,Medium,initiated company location vulnerable office server
instalar os [COMPANY]ulos de segurança dos bancos Caixa e BB,Technical Issue,Medium,instalar company ulos seguran dos bancos caixa
Create Shared Mailbox - [TICKET ID] - [COMPANY] rental car management,General Query,Medium,create shared mailbox ticket company rental car management
[TICKET ID] - A Support Ticket was forwarded to you  - File Share Access - [TICKET ID] - [NAME] ([COMPANY]. [LOCATION]),Technical Issue,Medium,ticket support ticket forwarded file share access ticket company location
[TICKET ID] - A Support Ticket was forwarded to your role  - check_mk SD Hostalarm: ([SERVER]) [SERVER] - UP -> DOWN,General Query,High,ticket support ticket forwarded role check hostalarm server server
[TICKET ID] - New Support Ticket received  - Installation of Microsoft Visio,Technical Issue,Medium,ticket new support ticket received installation microsoft visio
problemas para acessar email no pcEmail outlook não conectado,Technical Issue,Medium,problemas para acessar email pcemail outlook conectado
T20200124.0018 - Update outlook mailgroup [NAME],General Query,Medium,update outlook mailgroup
new[LOCATION]isnt found,General Query,Medium,new location isnt
[TICKET ID] - Reminder of paused Support Ticket  - Security Alert [URL],Technical Issue,Medium,ticket reminder paused support ticket security alert url
[TICKET ID] - New Support Ticket received  - Install new printer,Technical Issue,Medium,ticket new support ticket received install new printer
File Share Access - [TICKET ID] - [NAME] ([COMPANY]. ESBA)Service Request: File Share Access     Grant access to file share for the following user:  [NAME] ([COMPANY]. ESBA) (Username: [USERNAME])  Access Type: (RW) Read / Write  File Share:  [SERVER]-FINANCE-RW     Requestor: [NAME] ([COMPANY]. [LOCATION])  Comment:,Technical Issue,Medium,file share access ticket company esba service request file share access grant access file share following user company esba username username access type read write file share server finance requestor company location comment
[TICKET ID] - A Support Ticket was forwarded to your role  - check_mk SD Servicealarm: ([SERVER]) [COMPANY] LS Systemmanagement - [SOFTWARE] Depot Server: Service MATRIXPXE - OK -> CRIT,General Query,Medium,ticket support ticket forwarded role check servicealarm server company systemmanagement software depot server service matrixpxe crit
Golive Crop Manager - intern kein Zugriff,Technical Issue,Medium,golive crop manager intern kein zugriff
Release E-Mail from quarantine,General Query,Medium,release mail quarantine
[TICKET ID] - New Support Ticket received  - Acesso Skype,Technical Issue,Medium,ticket new support ticket received acesso skype
LIberacao do PowerBI no O365 para [NAME] e [NAME]Por favor poderiam faze-lo? Grato    [NAME]BA. PMP. CISSP.  [COMPANY] Services North America  Phone [PHONE]         Mobile [PHONE]  [EMAIL]<mailto:[EMAIL]>            [URL]>    ,Technical Issue,Medium,liberacao powerbi para por favor poderiam faze grato pmp cissp company services north america phone phone mobile phone email mailto email url
Ajuste FoneBoa tarde      Serviço ja ajustado do Fone.      Obrigado,General Query,Medium,ajuste foneboa tarde servi ajustado fone obrigado
Remove File Share Access - [TICKET ID] - [NAME] ([COMPANY]. [LOCATION])Service Request: Remove File Share Access     Remove file share access for the following user:  [NAME] ([COMPANY]. [LOCATION]) (Username: [USERNAME])  File Share:  J:/[SERVER]  Verzeichnis kann gelöscht werden.     Requestor: [NAME] ([COMPANY]. [LOCATION])  Comment:  Verzeichnis wurde aufgelöst und kann daher gelöscht werden.,Technical Issue,Medium,remove file share access ticket company location service request remove file share access remove file share access following user company location username username file share server verzeichnis kann gel scht werden requestor company location comment verzeichnis wurde aufgel und kann daher gel scht werden
[TICKET ID] - A Support Ticket was forwarded to your role  - check_mk SD Servicealarm: ([SERVER]) [COMPANY] LS Systemmanagement - [SOFTWARE] Depot Server: Service MATRIXRSYNC - OK -> CRIT,General Query,Medium,ticket support ticket forwarded role check servicealarm server company systemmanagement software depot server service matrixrsync crit
[TICKET ID] - A Support Ticket was forwarded to you  - Desbloqueio site PM de Cambé,General Query,Medium,ticket support ticket forwarded desbloqueio site camb
[TICKET ID] - A Support Ticket was forwarded to your role  - Unable to[LOCATION]from [NAME],General Query,Medium,ticket support ticket forwarded role unable location
[TICKET ID] - New Support Ticket received  -[LOCATION]issue,General Query,Medium,ticket new support ticket received location issue
Request to install a VM for testing purposes - Windows Defender ATP,Technical Issue,Medium,request install testing purposes windows defender atp
[TICKET ID] - A Support Ticket was forwarded to your role  - Initiated by [COMPANY][LOCATION]- Vulnerable Windows Defender on [SERVER],General Query,Medium,ticket support ticket forwarded role initiated company location vulnerable windows defender server
Problemas impresora de sobres,Technical Issue,Medium,problemas impresora sobres
Cannot print labels from label printer,Technical Issue,Medium,print labels label printer
Data Factory - Azure Logic Apps (Please contact [NAME]),Technical Issue,Medium,data factory azure logic apps contact
Initiated by GIT: Missing connection to Directory (AD) on system [SERVER],Technical Issue,Medium,initiated git missing connection directory server
Email Excelância Comercial,General Query,Medium,email excel ncia comercial
Create Shared Mailbox - [TICKET ID] - my[COMPANY] RO,General Query,Medium,create shared mailbox ticket company
[TICKET ID] - New Support Ticket received  - Missing Analysis Tool for Excel,Technical Issue,Medium,ticket new support ticket received missing analysis tool excel
[TICKET ID] - New Support Ticket received  - New cell phone,General Query,Medium,ticket new support ticket received new cell phone
initiated by[LOCATION]: Question of the status of inactive systems,Technical Issue,Low,initiated location question status inactive systems
Acesso a pasta a usuario,Technical Issue,Medium,acesso pasta usuario
Ajuste no e-mail do depto de Crédito,General Query,Medium,ajuste mail depto dito
[TICKET ID] - New Support Ticket received  - bloqueo notbook,General Query,Medium,ticket new support ticket received bloqueo notbook
[TICKET ID] - New Support Ticket received  - Basis User - [USERNAME] - [USERNAME] ([COMPANY]. [LOCATION]),General Query,Medium,ticket new support ticket received basis user username username company location
[TICKET ID] - A Support Ticket was forwarded to your role  - Access to the shared mailbox,Technical Issue,Medium,ticket support ticket forwarded role access shared mailbox
Ativação VPNBoa Tarde!  Favor ativar o[LOCATION]para acesso as pastas em rede.  Motivo: Trabalho Home Office,General Query,Medium,ativa vpnboa tarde favor ativar location para acesso pastas rede motivo trabalho home office
bad address in the email,General Query,Medium,bad address email
GPO bitlocker,Account,Medium,gpo bitlocker
SR284515 Access to file share or specific folder: the user [NAME] ([COMPANY]; [LOCATION]) needs access to a fileshare,Technical Issue,Medium,access file share specific folder user company location needs access fileshare
[TICKET ID] - New Support Ticket received  - Lost Onedrive files,Technical Issue,Medium,ticket new support ticket received lost onedrive files
[TICKET ID] - New Support Ticket received  - [SOFTWARE] updates,General Query,Medium,ticket new support ticket received software updates
Delete Shared Mailbox - [EMAIL] - [EMAIL]AMA. [LOCATION]),General Query,Medium,delete shared mailbox email email ama location
Restrição de acessoBom dia!              Por gentileza. no grupo J a pasta Relatório - estoque fazer uma restrição de acesso. sendo disponivel apenas para:      - [NAME];    - [NAME];    - [NAME];    - [NAME].        [Image],Account,Medium,restri acessobom dia por gentileza grupo pasta relat rio estoque fazer uma restri acesso sendo disponivel apenas para image
Zugriffsrechte auf Shared Mailbox entziehen,General Query,Medium,zugriffsrechte auf shared mailbox entziehen
Intranet User - [USERNAME] -  (External. [LOCATION])Service Request: Intranet User     Create Intranet only user for [USERNAME] (External. [LOCATION])     Firstname: [NAME]  Lastname: [NAME]  Cost Center: [ADDRESS]  Company:   Department: [COMPANY] SE  Street:   ZIP:   City:   Country: Germany  Office: BOB. 2.54     Important: Please set the EA10 to the following value: [EMAIL] (leave blank. when empty)     Requestor: [NAME] ([COMPANY]. [LOCATION])  Additional information:  Frau Schlegel ist externe Mitarbeiterin und benötigt wieder Zugriff zum Intranet,Account,Medium,intranet user username external location service request intranet user create intranet user username external location firstname lastname cost center address company department company street zip city country germany office bob important set following value email leave blank requestor company location additional information frau schlegel ist externe mitarbeiterin und ben tigt wieder zugriff zum intranet
Light User for external - [TICKET ID] - [USERNAME]. [NAME]Service Request: Light User for external  Create Light user for [USERNAME]. [NAME]     Firstname: [NAME]  Lastname: [NAME]ailaddress: [EMAIL]  Phone: [PHONE]  Cost Center: 47004  Function: Agentur Polen  Company: BizWebStudio  Department: [ADDRESS]-[ADDRESS]  ZIP: [ADDRESS]  City: [ADDRESS]  Country: [ADDRESS]  Location:[LOCATION] Office:   Expiration date: Jun 29 2019 11:00PM     Important: Please indicate in EA14 that it is an external user.     Requestor: [NAME]. [USERNAME] ([COMPANY]. [LOCATION])     Desired date: Dec 17 2018 12:00AM     Additional information:,General Query,Medium,light user external ticket username service request light user external create light user username firstname lastname ailaddress email phone phone cost center function agentur polen company bizwebstudio department address address zip address city address country address location location office expiration date jun important indicate external user requestor username company location desired date dec additional information
File Share Access - [TICKET ID] - [NAME] ([COMPANY]. [LOCATION])Service Request: File Share Access     Grant access to file share for the following user:  [USERNAME] ([COMPANY]. [LOCATION]) (Username: [USERNAME])  Access Type: (RW) Read / Write  File Share:    Please provide access to:    J:/SC[LOCATION]/01_ICB_31122018       Thank you!       Requestor: [NAME] ([COMPANY]. [LOCATION])  Comment:  Bitte richten Sie [NAME] Zugriff auf folgenden ordner ein: J:/SC[LOCATION]/01_ICB_31122018  Please provide acces to the following folder: J:/SC[LOCATION]/01_ICB_31122018  Thank you!,Technical Issue,Medium,file share access ticket company location service request file share access grant access file share following user username company location username username access type read write file share provide access location icb thank requestor company location comment bitte richten sie zugriff auf folgenden ordner ein location icb provide acces following folder location icb thank
Unable to access required training website.Hello.  We got notice of training due by the end of June and our normal login credentials were supposed to work.  However. when I tried to login the site would not accept my login credentials for some reason.  Can you look at this to see why I am not able to login?  I was working from home at the time and connected via[LOCATION]when I tried to take the training. The[LOCATION]is provided here:  [URL]  Thanks  [NAME],Account,Medium,unable access required training website hello got notice training end june normal login credentials supposed work tried login site accept login credentials reason look able login working home time connected location tried training location provided url thanks
Aardevo shared drives access,Technical Issue,Medium,aardevo shared drives access
Mail Zugriff freischalten,General Query,Medium,mail zugriff freischalten
Initiated by GIT: Missing connection to AV and still Windows 7 on system [SERVER],Technical Issue,Medium,initiated git missing connection windows server
File Share Access - [TICKET ID] - [USERNAME] ([COMPANY]. [LOCATION])Service Request: File Share Access     Grant access to file share for the following user:  [USERNAME] ([COMPANY]. [LOCATION]) (Username: [USERNAME])  Access Type: (RW) Read / Write  File Share:      J:/[SERVER]    J:/MAPS    J:/MARKERDB    J:/MA-Z    J:/MAZ-Guests    J:/MAZ-MATE    J:/[SERVER]    J:/MBCALC    J:/MBDATA    J:/Meldung Pflanzenschutz    J:/PDW    J:/Topf- und Substratbestellungen    N:/_Share    N:/MA-Print    N:/[SERVER]         Requestor: [NAME] ([COMPANY]. [LOCATION])  Comment:,Technical Issue,Medium,file share access ticket username company location service request file share access grant access file share following user username company location username username access type read write file share server maps markerdb maz guests maz mate server mbcalc mbdata meldung pflanzenschutz pdw topf und substratbestellungen share print server requestor company location comment
Create Shared Mailbox - [EMAIL] - my[COMPANY] RS,General Query,Medium,create shared mailbox email company
[TICKET ID] - A Support Ticket was forwarded to your role  - Additional Application[LOCATION]Service - [TICKET ID] - [NAME] ([COMPANY]. [LOCATION]),General Query,Medium,ticket support ticket forwarded role additional application location service ticket company location
Missing connection to Inventory- and Update-Vendor ([SOFTWARE]) on system [SERVER]8,Technical Issue,Medium,missing connection inventory update vendor software server
[TICKET ID] - New Support Ticket received  - Criar email para confirmação de intercompany,Technical Issue,Medium,ticket new support ticket received criar email para confirma intercompany
[TICKET ID] - New Support Ticket received  - Telefono no sincroniza contactos,General Query,Medium,ticket new support ticket received telefono sincroniza contactos
Acessos - [NAME],Technical Issue,Medium,acessos
Zugriff auf BrandnetHallo [COMPANY] Helpdesk    Bitte geben Sie den folgenden AD Accounts das Recht auf das Brandnet ([URL]) zuzugreifen.        *  [NAME]   *  [NAME]   *  [NAME]   Viele Grüße  Ina          [COMPANY] SE & Co. KGaA  [NAME]. 31  [ADDRESS]  Germany     Company Headquarters: [ADDRESS]  Registry [ADDRESS]. [ADDRESS]  Chairman of the Supervisory Board: [NAME]    General Partner: [COMPANY] SE  Registry [ADDRESS]. [ADDRESS]  Chairman of the Supervisory Board: [NAME]xecutive Board: [ADDRESS] (CEO).  [NAME]. [NAME]. [NAME]. [NAME]      [URL]  ,Account,Medium,zugriff auf brandnethallo company helpdesk bitte geben sie den folgenden accounts das recht auf das brandnet url zuzugreifen viele ina company kgaa address germany company headquarters address registry address address chairman supervisory board general partner company registry address address chairman supervisory board xecutive board address ceo url
[TICKET ID] - New Support Ticket received  - cant access attachment in an email,Technical Issue,Medium,ticket new support ticket received access attachment email
[SERVER] - Missing microcode update,Technical Issue,Medium,server missing microcode update
[TICKET ID] - New Support Ticket received  - Instalación tambor impresora Brother remolacha,Technical Issue,Medium,ticket new support ticket received instalaci tambor impresora brother remolacha
Basis User - [TICKET ID] - [USERNAME]. Simon ([COMPANY]. [LOCATION])Service Request: Basis User     Create Windows account for internal user  [USERNAME]. Simon ([COMPANY]. [LOCATION])     Firstname:  [NAME]  Lastname:  [NAME]  Cost Center:  31100  Company:  [COMPANY] SE  Department:  [ADDRESS]  ZIP:  [ADDRESS]  City:  [ADDRESS]  Country:  [ADDRESS]  Office:       Important: Please set the EA10 to the following value: 12474 (leave blank. when empty)  Please create Exchange and Skype account.  The user needs at least the following access permissions:  (RW) H:/%username%  (RO) J:/Auftrag  (RW) J:/Info  (RW) J:/Transfer  (RO) J:/Vorlagen  Access to [COMPANY] intranet  Access to [SOFTWARE] ([SERVER])  Requestor: [NAME] ([COMPANY]. [LOCATION])     Desired date:  Jan  1 2019 12:00AM     Additional information:   Bitte den User Simon [USERNAME] wieder aktivieren.  Danke und Gruß  Ariane Knauth,General Query,Medium,basis user ticket username simon company location service request basis user create windows account internal user username simon company location firstname lastname cost center company company department address zip address city address country address office important set following value leave blank create exchange skype account user needs following access permissions username auftrag info transfer vorlagen access company intranet access software server requestor company location desired date jan additional information bitte den user simon username wieder aktivieren danke und gru ariane knauth
Access to K drive in Center St. location fails[NAME] reports that at Station in town. access to the K drive is not working: they cant access or save files (multiple users).  Would like to troubleshoot this error soon.,Technical Issue,Medium,access drive center location fails reports station town access drive working access save files multiple users like troubleshoot error soon
Light User for external - [TICKET ID] - [USERNAME]Service Request: Light User for external  Create Light user for [USERNAME]     Firstname: [NAME]  Lastname: [NAME]ailaddress: [EMAIL]  Phone: [PHONE]  Cost Center: 47046  Function: [COMPANY][LOCATION]consultant for service desk (dispatching)  Company: [COMPANY] Limited  Department: GIT-EST  [ADDRESS]  ZIP: [ADDRESS]  City: [ADDRESS]  Country: Germany  Location:[LOCATION] Office:   Expiration date: Not defined     Important: Please indicate in EA14 that it is an external user.     Requestor: [NAME] ([COMPANY]. [LOCATION])     Desired date: Jan 10 2019 12:00AM     Additional information:  3 new [COMPANY] service desk consultants replacing present service desk consultants [NAME] and [NAME] who will move to security[LOCATION]team. as they have upgraded their skill sets and they can help existing team.  Approver = [NAME],General Query,Medium,light user external ticket username service request light user external create light user username firstname lastname ailaddress email phone phone cost center function company location consultant service desk dispatching company company limited department git est address zip address city address country germany location location office expiration date defined important indicate external user requestor company location desired date jan additional information new company service desk consultants replacing present service desk consultants security location team upgraded skill sets help existing team approver
Basis User - [USERNAME] -Service Request: Basis User     Create Windows account for internal user       Firstname:  [NAME]  Lastname:  [NAME]  Cost Center:  44288  Company:    Department:  [LOCATION]  Street:    ZIP:    City:    Country:  [ADDRESS]  Office:       Important: Please set the EA10 to the following value: 13709 (leave blank. when empty)  Please create Exchange and Skype account.  The user needs at least the following access permissions:  Access to [SOFTWARE] ([SERVER])  Requestor:  [NAME] ([COMPANY]. [LOCATION])     Desired date:  Jan 15 2019  3:00AM     Additional information:,General Query,Medium,basis user username service request basis user create windows account internal user firstname lastname cost center company department location street zip city country address office important set following value leave blank create exchange skype account user needs following access permissions access software server requestor company location desired date jan additional information
[TICKET ID] - New Support Ticket received  - Scanner will not work,Technical Issue,Medium,ticket new support ticket received scanner work
File Share Access - [TICKET ID] - [NAME] ([COMPANY]. [LOCATION])Service Request: File Share Access     Grant access to file share for the following user:  [NAME] ([COMPANY]. [LOCATION]) (Username: [USERNAME])  Access Type: (RW) Read / Write  File Share:    Laufwerk J:/   [COMPANY]  [LOCATION]  CHR-GLOBE   CHR-H   VORLAGEN               Requestor: [NAME] ([COMPANY]. [LOCATION])  Comment:,Technical Issue,Medium,file share access ticket company location service request file share access grant access file share following user company location username username access type read write file share laufwerk company location chr globe chr vorlagen requestor company location comment
[TICKET ID] - A Support Ticket was forwarded to you  - error general en mi pc ,General Query,Medium,ticket support ticket forwarded error general
The following system must be set to End Of Life and checked for[LOCATION]reservations:  [SERVER]  -Automated ticket creation-Please perform the following steps for the asset [SERVER]:  1. Remove[LOCATION]Reservations. if applicable  2. Remove DNS-Entries ([COMPANY]up.ads.dir and [COMPANY].de). if applicable  3. Remove Aliase ([COMPANY]up.ads.dir and [COMPANY].de). if applicable  Please close this ticket as soon as the steps have been successfully completed / verified.,General Query,Medium,following set end life checked location reservations server automated ticket creation perform following steps asset server remove location reservations applicable remove dns entries company ads dir company applicable remove aliase company ads dir company applicable close ticket soon steps successfully completed verified
File Share Access - [TICKET ID] - Eubanks. [NAME] ([COMPANY]A. [LOCATION]),Technical Issue,Medium,file share access ticket eubanks company location
Änderung Laufwerk H,Technical Issue,Medium,nderung laufwerk
Light User for external - [USERNAME] - [NAME]Service Request: Light User for external  Create Light user for [NAME]     Firstname: [NAME]  Lastname: [NAME]ailaddress: [EMAIL]  Phone: [PHONE]  Cost Center: 44293  Function: IT Consultant  Company: [COMPANY]  Department: [COMPANY]_IT  Street: [ADDRESS]  ZIP: [ADDRESS]  City: [ADDRESS]  Country: [ADDRESS]  Location:[LOCATION] Office:   Expiration date: Not defined     Important: Please indicate in EA14 that it is an external user.     Requestor: [NAME] ([COMPANY]. [LOCATION])     Desired date: Dec 21 2018  7:00AM     Additional information:  User should have[LOCATION]account only and local PC admin to client computers located in the[LOCATION]OU.,General Query,Medium,light user external username service request light user external create light user firstname lastname ailaddress email phone phone cost center function consultant company company department company street address zip address city address country address location location office expiration date defined important indicate external user requestor company location desired date dec additional information user location account local admin client computers located location
Change meeting options in team meetings,General Query,Medium,change meeting options team meetings
Please correct email address for [NAME]The email address for [NAME] should be [EMAIL] mailto:[EMAIL] like EVERY OTHER [COMPANY] email addressed user requested. It is set to [USERNAME][EMAIL][COMPANY] mailto:[EMAIL][COMPANY] and that is not correct. Again.,General Query,Medium,correct email address email address email mailto email like company email addressed user requested set username email company mailto email company correct
Light User for external - [TICKET ID] - Service Request: Light User for external  Create Light user for [USERNAME]     Firstname: [NAME]  Lastname: [NAME]ailaddress: [EMAIL]                                         Phone: [PHONE]                                              Cost Center: 32151  Function: Support  Company: [COMPANY] Einsteinstr. 8. [ADDRESS]  Department: SB-[ADDRESS]  ZIP: [ADDRESS]  City: [ADDRESS]  Country: [ADDRESS]  Location:[LOCATION] Office:   Expiration date: Not defined     Important: Please indicate in EA14 that it is an external user.     Requestor: [NAME] ([COMPANY]. [LOCATION])     Desired date: Jan  8 2019 12:00AM     Additional information:,General Query,Medium,light user external ticket service request light user external create light user username firstname lastname ailaddress email phone phone cost center function support company company einsteinstr address department address zip address city address country address location location office expiration date defined important indicate external user requestor company location desired date jan additional information
Create Shared Mailbox - [EMAIL] - [COMPANY] tarvel tool management,General Query,Medium,create shared mailbox email company tarvel tool management
Problems with external guest user due to email adress clash,General Query,Medium,problems external guest user email adress clash
Skype Fails,Technical Issue,Medium,skype fails
Acesso a rede,General Query,Medium,acesso rede
[TICKET ID] - A Support Ticket was forwarded to your role  - Acesso Pasta Marketing ,Technical Issue,Medium,ticket support ticket forwarded role acesso pasta marketing
Impressora do[LOCATION]II falhando/borrando a impressão.,Technical Issue,Medium,impressora location falhando borrando impress
Instalação certificado A3,Technical Issue,Medium,instala certificado
[TICKET ID] - New Support Ticket received  - Install[LOCATION][NAME],Technical Issue,Medium,ticket new support ticket received install location
Please change primary email address [NAME]Please change the primary email address for [NAME] to [EMAIL] mailto:[EMAIL]. Thank you.,General Query,Medium,change primary email address change primary email address email mailto email thank
[TICKET ID] - A Support Ticket was forwarded to you  - Acesso a Intranet [COMPANY],General Query,Medium,ticket support ticket forwarded acesso intranet company
Configuração de ScannerConfiguração de scanner na rede [COMPANY].,Technical Issue,Medium,configura scannerconfigura scanner rede company
Excluir Laptop AD,Account,Medium,excluir laptop
File Share Access - [TICKET ID] - [USERNAME]. [NAME] ([COMPANY]. [LOCATION])Service Request: File Share Access     Grant access to file share for the following user:  [USERNAME]. [NAME] ([COMPANY]. [LOCATION]) (Username: [USERNAME])  Access Type: (RW) Read / Write  File Share:  GROUPS (J:) --> VORLAGEN     Requestor: [NAME] ([COMPANY]. [LOCATION])  Comment:,Technical Issue,Medium,file share access ticket username company location service request file share access grant access file share following user username company location username username access type read write file share groups vorlagen requestor company location comment
File Share Access - [TICKET ID] - Defrancq. [NAME] ([COMPANY]. [LOCATION]),Technical Issue,Medium,file share access ticket defrancq company location
Create Shared Mailbox - [EMAIL] - [COMPANY] travel security,General Query,Medium,create shared mailbox email company travel security
Acceso a unidad virtual J:,Technical Issue,Medium,acceso unidad virtual
[TICKET ID] - New Support Ticket received  - Hotfix x Tango System,General Query,Medium,ticket new support ticket received hotfix tango
Light User for external - [TICKET ID] - [NAME]Service Request: Light User for external  Create Light user for [USERNAME]     Firstname: [NAME]  Lastname: [NAME]ailaddress: [EMAIL]  Phone: [PHONE]  Cost Center: 32151  Function: Projektierung  Company: [COMPANY] Einsteinstr. 8. [ADDRESS]  Department: [ADDRESS]-[ADDRESS]  ZIP: [ADDRESS]  City: [ADDRESS]  Country: [ADDRESS]  Location:[LOCATION] Office:   Expiration date: Not defined     Important: Please indicate in EA14 that it is an external user.     Requestor: [NAME] ([COMPANY]. [LOCATION])     Desired date: Jan  8 2019 12:00AM     Additional information:,General Query,Medium,light user external ticket service request light user external create light user username firstname lastname ailaddress email phone phone cost center function projektierung company company einsteinstr address department address address zip address city address country address location location office expiration date defined important indicate external user requestor company location desired date jan additional information
File Share Access - [TICKET ID] - [NAME] ([COMPANY]. [LOCATION])Service Request: File Share Access     Grant access to file share for the following user:  [USERNAME]. [NAME] ([COMPANY]. [LOCATION]) (Username: [USERNAME])  Access Type: (RW) Read / Write  File Share:  J:/[COMPANY]_contract_project     Requestor: [NAME] ([COMPANY]. [LOCATION])  Comment:  Bitte kurzfristig einrichten. danke und schönes WE!,Technical Issue,Medium,file share access ticket company location service request file share access grant access file share following user username company location username username access type read write file share company contract project requestor company location comment bitte kurzfristig einrichten danke und sch nes
[TICKET ID] - A Support Ticket was forwarded to you  - Leaving Employee - [TICKET ID] - [NAME] (AMA. [LOCATION]),Account,Medium,ticket support ticket forwarded leaving employee ticket ama location
[TICKET ID] - A Support Ticket was forwarded to your role  - [NAME]: Shared Mailbox - [EMAIL] - Ref.[LOCATION]-->TCK89175,Technical Issue,Medium,ticket support ticket forwarded role shared mailbox email ref location tck
user setup,Account,Medium,user setup
Acesso ao E-mail [EMAIL]Acesso ao e-mail [EMAIL] mailto:[EMAIL],Technical Issue,Medium,acesso mail email acesso mail email mailto email
Light User for external - [TICKET ID] - [USERNAME]. [NAME]Service Request: Light User for external  Create Light user for [USERNAME]     Firstname: [NAME]  Lastname: [NAME]ailaddress: [EMAIL]  Phone: [PHONE]  Cost Center: 47046  Function: Consultant  Company: [COMPANY]  Department: GIT-EST  [ADDRESS]  ZIP: [ADDRESS]  City: [ADDRESS]  Country: [ADDRESS]  Location:[LOCATION] Office:   Expiration date: Not defined     Important: Please indicate in EA14 that it is an external user.     Requestor: [USERNAME] ([COMPANY]. [LOCATION])     Desired date: Jan 15 2019 12:00AM     Additional information:,General Query,Medium,light user external ticket username service request light user external create light user username firstname lastname ailaddress email phone phone cost center function consultant company company department git est address zip address city address country address location location office expiration date defined important indicate external user requestor username company location desired date jan additional information
2 new[LOCATION]pot tag printers to be added to print server,Technical Issue,Medium,new location pot tag printers added print server
[TICKET ID] - New Support Ticket received  - Update[LOCATION]firmware for all physical NA servers,General Query,Medium,ticket new support ticket received update location firmware physical servers
[TICKET ID] - New Support Ticket received  - No funciona correo electrónico,Technical Issue,Medium,ticket new support ticket received funciona correo electr nico
[TICKET ID] - A Support Ticket was forwarded to you  - RE: Field Book App,Technical Issue,Medium,ticket support ticket forwarded field book app
[TICKET ID] - New Support Ticket received  - Groups (J)  Not working,Technical Issue,Medium,ticket new support ticket received groups working
new devices in [LOCATION],Account,Medium,new devices location
[TICKET ID] - A Support Ticket was forwarded to you  - [COMPANY]ulos de Segurança banco do Brasil - Itau e Caixa,Technical Issue,Medium,ticket support ticket forwarded company ulos seguran banco brasil itau caixa
[TICKET ID] - New Support Ticket received  - OneDrive,Technical Issue,Medium,ticket new support ticket received onedrive
Impressora com erro ao scanear,Technical Issue,Medium,impressora com erro scanear
pure[LOCATION]AD account löschen,Account,Medium,pure location account schen
[TICKET ID] - New Support Ticket received  - Printer doesnt work,Technical Issue,Medium,ticket new support ticket received printer doesnt work
[TICKET ID] - New Support Ticket received  - Mobile WiFi,General Query,Medium,ticket new support ticket received mobile wifi
[TICKET ID] - New Support Ticket received  -[LOCATION]paniz,General Query,Medium,ticket new support ticket received location paniz
Create Shared Mailbox - [EMAIL] - My[COMPANY] [ADDRESS],General Query,Medium,create shared mailbox email company address
SEM ACESSO A[LOCATION]GRUPO J,Technical Issue,Medium,sem acesso location grupo
[TICKET ID] - Reminder of paused Support Ticket  - Atualização do Certificado Digital - Per/dcomp,Technical Issue,Medium,ticket reminder paused support ticket atualiza certificado digital dcomp
File Share Access - [TICKET ID] - [USERNAME]. ([COMPANY]. [LOCATION])Service Request: File Share Access     Grant access to file share for the following user:  [USERNAME] ([COMPANY]. [LOCATION]) (Username: )  Access Type: (RO) Read only  File Share:  J:/MA-Prod     Requestor: [NAME] ([COMPANY]. [LOCATION])  Comment:,Technical Issue,Medium,file share access ticket username company location service request file share access grant access file share following user username company location username access type read file share prod requestor company location comment
[TICKET ID] - New Support Ticket received  - Problemas Bartender,Technical Issue,Medium,ticket new support ticket received problemas bartender
Create Shared Mailbox - [EMAIL] - my[COMPANY]-[ADDRESS],General Query,Medium,create shared mailbox email company address
labtop malfunction for deleting files,Technical Issue,Medium,labtop malfunction deleting files
User admlackner löschen,Account,Medium,user admlackner schen
File Share Access - [TICKET ID] - [NAME] ([COMPANY]. [LOCATION])Service Request: File Share Access     Grant access to file share for the following user:  [NAME] ([COMPANY]. [LOCATION]) (Username: [USERNAME])  Access Type: (RO) Read only  File Share:    [SERVER]-[SERVER]-ONLY-RO       Requestor: [NAME] ([COMPANY]. [LOCATION])  Comment:,Technical Issue,Medium,file share access ticket company location service request file share access grant access file share following user company location username username access type read file share server server requestor company location comment
Lokales Admin Konto für Entwicklerrechner,Technical Issue,Medium,lokales admin konto entwicklerrechner
I am blocked from Sidney Sugars Official Trial Data while at work.  At home the web site works fine.,General Query,Medium,blocked sidney sugars official trial data work home web site works fine
Fazer inclusão do meu usuário na impressora,Technical Issue,Medium,fazer inclus meu usu rio impressora
[TICKET ID] - New Support Ticket received  - Updates - [SERVER],General Query,Medium,ticket new support ticket received updates server
[TICKET ID] - A Support Ticket was forwarded to you  - Conta E-mail,Account,Medium,ticket support ticket forwarded conta mail
Light User for external - [TICKET ID] - [NAME]Service Request: Light User for external  Create Light user for [NAME]      Firstname: [NAME]   Lastname: [NAME]ailaddress: [EMAIL]  Phone: 0  Cost Center: 47050  Function:[LOCATION]Consultant  Company: [COMPANY]  Department: GIT-[ADDRESS]  ZIP: [ADDRESS]  City: [ADDRESS]  Country: [ADDRESS]  Location:[LOCATION] Office:   Expiration date: Not defined     Important: Please indicate in EA14 that it is an external user.     Requestor: [NAME] ([COMPANY]. [LOCATION])     Desired date: Dec 18 2018 12:00AM     Additional information:  NameMailZugänge [NAME] [EMAIL] Citrix.[LOCATION]BW User (inkl. Entwicklerschlüssel). Zugang BO/BI Launchpad  [NAME] [EMAIL] Citrix.[LOCATION]BW User (inkl. Entwicklerschlüssel). Zugang BO/BI Launchpad  [NAME] [EMAIL] Citrix.[LOCATION]BW User (inkl. Entwicklerschlüssel). Zugang BO/BI Launchpad + lokale und server Lumira Designer Version zum Erstellen und upload von dem Dashboard  [NAME] [EMAIL] Citrix.[LOCATION]BW User (inkl. Entwicklerschlüssel). Zugang BO/BI Launchpad,General Query,Medium,light user external ticket service request light user external create light user firstname lastname ailaddress email phone cost center function location consultant company company department git address zip address city address country address location location office expiration date defined important indicate external user requestor company location desired date dec additional information namemailzug nge email citrix location user inkl entwicklerschl ssel zugang launchpad email citrix location user inkl entwicklerschl ssel zugang launchpad email citrix location user inkl entwicklerschl ssel zugang launchpad lokale und server lumira designer version zum erstellen und upload von dem dashboard email citrix location user inkl entwicklerschl ssel zugang launchpad
[TICKET ID] - New Support Ticket received  - NO FUNCIONA CORREO ELECTRONICO,Technical Issue,Medium,ticket new support ticket received funciona correo electronico
Erweiterte Analyse zur MS[LOCATION]Meldung: Herabstufung der Verschlüsselung,Technical Issue,Medium,erweiterte analyse zur location meldung herabstufung der verschl sselung
blocked mailA retired employee is attempted to send emails to the HR team and to [NAME].  Below is the NDR. it looks like MessageLabs has the address blacklisted. can we whitelist it?     ----Original Message-----  From: [EMAIL] <[EMAIL]>   Sent: Wednesday. September 5. 2018 2:34 PM  To: [EMAIL]  Subject: Undeliverable Message           This is an automatically generated Delivery Status Notification.           Delivery to the following recipients failed permanently:        * [EMAIL]     Reason: There was an error delivering your message to [EMAIL].    The server responded with 553 - 553-Sorry. your email address has been blacklisted. Please/r/n553 contact [COMPANY] AG to have yourself removed./r/n,Technical Issue,Medium,blocked maila retired employee attempted send emails team ndr looks like messagelabs address blacklisted whitelist original message email email sent wednesday september email subject undeliverable message automatically generated delivery status notification delivery following recipients failed permanently email reason error delivering message email server responded sorry email address blacklisted contact company removed
Cancelamento Usuário e Acessos [NAME]Por gentileza efetuar o cancelamento do usuário de [NAME].  Obrigada!,Account,Medium,cancelamento usu rio acessos por gentileza efetuar cancelamento usu rio obrigada
Problemas Acceso SkypeNo se tiene acceso a Skype desde viernes 12.oct.2018 hasta hoy,Technical Issue,Medium,problemas acceso skypeno tiene acceso skype desde viernes oct hasta hoy
Shared Mailbox Access - [EMAIL] - [EMAIL],General Query,Medium,shared mailbox access email email
recover previous version of a file,Technical Issue,Medium,recover previous version file
[TICKET ID] - New Support Ticket received  - Plug in de banco,Technical Issue,Medium,ticket new support ticket received plug banco
[TICKET ID] - A Support Ticket was forwarded to your role  - [SERVER][LOCATION]does not work,General Query,Medium,ticket support ticket forwarded role server location does work
Suporte com impressora,Technical Issue,Medium,suporte com impressora
File Share Access - [TICKET ID] - [NAME] ([COMPANY]. [LOCATION])Service Request: File Share Access     Grant access to file share for the following user:  [USERNAME]. [NAME] ([COMPANY]. [LOCATION]) (Username: [USERNAME])  Access Type: (RW) Read / Write  File Share:  R:     Requestor: [NAME] ([COMPANY]. [LOCATION])  Comment:,Technical Issue,Medium,file share access ticket company location service request file share access grant access file share following user username company location username username access type read write file share requestor company location comment
[TICKET ID] - New Support Ticket received  - Work phone does not connect to [COMPANY] wireless network,General Query,Medium,ticket new support ticket received work phone does connect company wireless network
[TICKET ID] - New Support Ticket received  - configuração [COMPANY]_mobile,General Query,Medium,ticket new support ticket received configura company mobile
Initiated by GIT: Missing connection to AV. Directory and inventory-Vendor on system [SERVER],Technical Issue,Medium,initiated git missing connection directory inventory vendor server
Instalação Programa Zebra Design,Technical Issue,Medium,instala programa zebra design
Alteração do nível de acesso colaborador [EMAIL],Account,Medium,altera vel acesso colaborador email
Error with compliance training link,Technical Issue,Medium,error compliance training link
Basis User - [TICKET ID] - [NAME]lena ([COMPANY]. [LOCATION])Service Request: Basis User     Create Windows account for internal user  [NAME]lena ([COMPANY]. [LOCATION])     Firstname:  [NAME]  Lastname:  [NAME]  Cost Center:  174443  Company:  [COMPANY] Berlin GmbH  Department:  GTC-[ADDRESS]  ZIP:  [ADDRESS]  City:  [ADDRESS]  Country:  Germany  Office:       Important: Please set the EA10 to the following value: 13589 (leave blank. when empty)  Please create Exchange and Skype account.  The user needs at least the following access permissions:  (RW) H:/%username%  (RO) J:/Auftrag  (RW) J:/Info  (RW) J:/Transfer  (RO) J:/Vorlagen  Access to [COMPANY] intranet  Access to [SOFTWARE] ([SERVER])  Requestor:  [NAME] ([COMPANY]. [LOCATION])     Desired date:  Jan  1 2019 12:00AM     Additional information:   Liebes [COMPANY]-Team.   Laptop. Bildschirm. Tastatur .Telefon. Headset bitte aus Gerätepool Berlin. falls vorhanden  Tastatur und Laptop bitte englische Tastatur  danke,General Query,Medium,basis user ticket lena company location service request basis user create windows account internal user lena company location firstname lastname cost center company company berlin gmbh department gtc address zip address city address country germany office important set following value leave blank create exchange skype account user needs following access permissions username auftrag info transfer vorlagen access company intranet access software server requestor company location desired date jan additional information liebes company team laptop bildschirm tastatur telefon headset bitte aus ger tepool berlin falls vorhanden tastatur und laptop bitte englische tastatur danke
[TICKET ID] - New Support Ticket received  - BB Work app reinstall,General Query,Medium,ticket new support ticket received work app reinstall
URGENT: Restore file on onedrive in sharepoint GTC-SCM. ticket for BeaS,Technical Issue,High,urgent restore file onedrive sharepoint gtc scm ticket beas
Emailing to [EMAIL] is not workingWhen I email to the distribution group [EMAIL] no user receives my email and I am not getting a bounce back or error emails.,Technical Issue,Medium,emailing email workingwhen email distribution group email user receives email getting bounce error emails
Acesso a pasta de rede,Technical Issue,Medium,acesso pasta rede
File Share Access - [TICKET ID] - [NAME] ([COMPANY]D. [LOCATION])Service Request: File Share Access     Grant access to file share for the following user:  [NAME] ([COMPANY]D. [LOCATION]) (Username: [USERNAME])  Access Type: (RW) Read / Write  File Share:  Bitte erteilen Sie [NAME] [NAME] Zugriff auf den Ordner J:/SB-H     Requestor: [NAME] ([COMPANY]. [LOCATION])  Comment:  Verrechnung über[LOCATION]31000,Technical Issue,Medium,file share access ticket company location service request file share access grant access file share following user company location username username access type read write file share bitte erteilen sie zugriff auf den ordner requestor company location comment verrechnung ber location
acesso à pasta no J,Technical Issue,Medium,acesso pasta
DFS Replication is[LOCATION]working!DFS replication between[LOCATION]and[LOCATION]is[LOCATION]working in both direction,Technical Issue,Medium,dfs replication location working dfs replication location location location working direction
Status des Systems [SERVER],Technical Issue,Medium,status des systems server
Windows user [NAME] can use users deplewsk office 365 without password,Technical Issue,Medium,windows user use users deplewsk office password
Firewalleinstellung AardevoGuten Tag.    Wir haben bei Aardevo wahrscheinlich ein Problem mit der Firewalleinstellung. Wenn wir (auf 2 Computern hier in Nagele getestet) die folgenden Accessordner öffnen. laden sie entweder extrem langsam bzw. reagieren nach einer Zeit nicht mehr und lassen sich dann auch nicht mehr schließen. nur noch durch runterfahren des Computers.    J:/ST_MAS/Markerauftrag_2018/ Markerauftrag_Frontend_Zuechter (2)  J:/ST_MAS/Markerauftrag_2018/ Markerauftrag_Frontend_Markerleute  J:/ST_MAS/Markerauftrag_2018/ Markerauftrag_Zwischenablage_Zuechter_erweitert    In Einbeck funktioniert der Zugang einwandfrei.    Wir sind vom Funktionieren sehr abhängig. weshalb es gut wäre. wenn sie schnellst möglich eine Lösung finden könnten. Vielen Dank!    Mit freundlichen Grüßen.  [NAME]  ,General Query,Medium,firewalleinstellung aardevoguten tag wir haben bei aardevo wahrscheinlich ein problem mit der firewalleinstellung wenn wir auf computern hier nagele getestet die folgenden accessordner ffnen laden sie entweder extrem langsam bzw reagieren nach einer zeit nicht mehr und lassen sich dann auch nicht mehr schlie nur noch durch runterfahren des computers mas markerauftrag markerauftrag frontend zuechter mas markerauftrag markerauftrag frontend markerleute mas markerauftrag markerauftrag zwischenablage zuechter erweitert einbeck funktioniert der zugang einwandfrei wir sind vom funktionieren sehr abh ngig weshalb gut wenn sie schnellst glich eine sung finden nnten vielen dank mit freundlichen
[TICKET ID] - New Support Ticket received  - Bloqueio e cancelamento de usuário - [NAME] [NAME],Account,Medium,ticket new support ticket received bloqueio cancelamento usu rio
[TICKET ID] - New information received on closed ticket  - [COMPANY] internet - cannot access training registration,General Query,Medium,ticket new information received closed ticket company internet access training registration
Locked out of emailI cant log onto email on phone or the computer.  It asks for sign in but fails,General Query,Medium,locked emaili log email phone computer asks sign fails
Access Driver J,Technical Issue,Medium,access driver
File Share Access - [TICKET ID] - [ADDRESS]. [NAME] ([COMPANY]A. [LOCATION]),Technical Issue,Medium,file share access ticket address company location
Acesso ao e-mail marketing e comunicação,General Query,Medium,acesso mail marketing comunica
[TICKET ID] - New Support Ticket received  - google earth,Technical Issue,Medium,ticket new support ticket received google earth
Basis User - [TICKET ID] -Service Request: Basis User     Create Windows account for internal user       Firstname:  [NAME]  Lastname:  [NAME] Center:  174454  Company:    Department:  [LOCATION]  Street:    ZIP:    City:    Country:  [ADDRESS]  Office:       Important: Please set the EA10 to the following value: [USERNAME]@Felipe (leave blank. when empty)  Please create Exchange and Skype account.  The user needs at least the following access permissions:  (RW) H:/%username%  (RO) J:/Auftrag  (RW) J:/Info  (RW) J:/Transfer  (RO) J:/Vorlagen  Access to [COMPANY] intranet  Access to [SOFTWARE] ([SERVER])  Requestor:  [NAME] ([COMPANY]. [LOCATION])     Desired date:  Jan 30 2019 12:00AM     Additional information:   Der neue Kollege startet am 01.02.2019,General Query,Medium,basis user ticket service request basis user create windows account internal user firstname lastname center company department location street zip city country address office important set following value username felipe leave blank create exchange skype account user needs following access permissions username auftrag info transfer vorlagen access company intranet access software server requestor company location desired date jan additional information der neue kollege startet
File Share Access - [TICKET ID] - [USERNAME]. [NAME] ([COMPANY]. [LOCATION])Service Request: File Share Access     Grant access to file share for the following user:  [USERNAME]. Gerrit ([COMPANY]. [LOCATION]) (Username: [USERNAME])  Access Type: (RW) Read / Write  File Share:  J:/Raumbuchungen     Requestor: [NAME] ([COMPANY]. [LOCATION])  Comment:,Technical Issue,Medium,file share access ticket username company location service request file share access grant access file share following user username gerrit company location username username access type read write file share raumbuchungen requestor company location comment
Wireless driver for [NAME]When he unplugs and reconnects her laptop. it doesnt connect - I suspect its a driver issue. Can anyone help please    [NAME]BA. PMP. CISSP      Head of IT  [COMPANY] Services North America  Phone [PHONE]         Mobile [PHONE]  [EMAIL]<mailto:[EMAIL]>            [URL]>    ,Technical Issue,Medium,wireless driver unplugs reconnects laptop doesnt connect suspect driver issue help pmp cissp head company services north america phone phone mobile phone email mailto email url
need to change Hostname,Account,Medium,need change hostname
Remove unauthorized e-mail forwarding to external,General Query,Medium,remove unauthorized mail forwarding external
[TICKET ID] - A Support Ticket was forwarded to your role  - Wrong OU. display name and email signature,Technical Issue,Medium,ticket support ticket forwarded role wrong display email signature
[TICKET ID] - A Support Ticket was forwarded to your role  - Problema para ingresar a una pagina,General Query,Medium,ticket support ticket forwarded role problema para ingresar una pagina
[TICKET ID] - New Support Ticket received  - New User - [NAME] [USERNAME],Account,Medium,ticket new support ticket received new user username
Basis User - [TICKET ID] - [NAME]. [NAME] ([COMPANY]. [LOCATION])Service Request: Basis User     Create Windows account for internal user  [USERNAME] [NAME] ([COMPANY]. [LOCATION])     Firstname:  [NAME]  Lastname:  [NAME]  Cost Center:  44256  Company:  SEMILLAS [COMPANY] Chile Ltda.  Department:  [COMPANY]_BR-[ADDRESS] Km 79  ZIP:  [ADDRESS]  City:  [ADDRESS]  Country:  [ADDRESS]  Office:       Important: Please set the EA10 to the following value: 13273 (leave blank. when empty)  Please create Exchange and Skype account.  The user needs at least the following access permissions:  Access to [SOFTWARE] ([SERVER])  Requestor: [NAME] ([COMPANY]. [LOCATION])     Desired date:  Aug 17 2018  5:00AM     Additional information:   Please. change his mail account to [EMAIL] Please. grant the same access and profile as user [NAME],Account,Medium,basis user ticket company location service request basis user create windows account internal user username company location firstname lastname cost center company semillas company chile ltda department company address zip address city address country address office important set following value leave blank create exchange skype account user needs following access permissions access software server requestor company location desired date aug additional information change mail account email grant access profile user
[TICKET ID] - New Support Ticket received  - Basis User - [USERNAME] - Klemm. [NAME] ([COMPANY]. [LOCATION]),General Query,Medium,ticket new support ticket received basis user username klemm company location
[TICKET ID] - A Support Ticket was forwarded to you  - firma en email sufre alteraciones,Technical Issue,Medium,ticket support ticket forwarded firma email sufre alteraciones
Recuperar documento excel,Technical Issue,Medium,recuperar documento excel
[TICKET ID] - A Support Ticket was forwarded to you  - need install printer,Technical Issue,Medium,ticket support ticket forwarded need install printer
File Share Access - [TICKET ID] - [NAME] ([COMPANY]F. [LOCATION]),Technical Issue,Medium,file share access ticket company location
File Share Access - [TICKET ID] - [NAME] ([COMPANY]. [LOCATION])Service Request: File Share Access     Grant access to file share for the following user:  [USERNAME]. [NAME] ([COMPANY]. [LOCATION]) (Username: [USERNAME])  Access Type: (RW) Read / Write  File Share:      J:/CE-STA/      please create the folder if it does not yet exist and give R/W access for this and all subfolders.        Requestor: [NAME] ([COMPANY]. [LOCATION])  Comment:,Technical Issue,Medium,file share access ticket company location service request file share access grant access file share following user username company location username username access type read write file share sta create folder does exist access subfolders requestor company location comment
WG: VPN/Serverzugriff -- fehlende Berechtigung,General Query,Medium,vpn serverzugriff fehlende berechtigung
File Share Access - [TICKET ID] - Peters. Ole ([COMPANY]A. [LOCATION]),Technical Issue,Medium,file share access ticket peters ole company location
Skype Meeting Button Berechtigung erteilen auf [EMAIL],Technical Issue,Medium,skype meeting button berechtigung erteilen auf email
File Share Access - [TICKET ID] - [USERNAME]. Adrian ([COMPANY]. [LOCATION])Service Request: File Share Access     Grant access to file share for the following user:  [USERNAME]. ([COMPANY]. [LOCATION]) (Username: [USERNAME])  Access Type: (RW) Read / Write  File Share:  J:/PSM-Tool     Requestor: [NAME] ([COMPANY]. [LOCATION])  Comment:,Technical Issue,Medium,file share access ticket username adrian company location service request file share access grant access file share following user username company location username username access type read write file share psm tool requestor company location comment
[TICKET ID] - New Support Ticket received  - [COMPANY]ulos de Segurança banco do Brasil - Itau e Caixa,Technical Issue,Medium,ticket new support ticket received company ulos seguran banco brasil itau caixa
File Share Access - [TICKET ID] - Pintos. [NAME] ([COMPANY]. [LOCATION]),Technical Issue,Medium,file share access ticket pintos company location
File Share Access - [TICKET ID] - [NAME] ([COMPANY]. BRLM)Service Request: File Share Access     Grant access to file share for the following user:  [NAME] ([COMPANY]. BRLM) (Username: [USERNAME])  Access Type: (RW) Read / Write  File Share:      N:/[SERVER]/[USERNAME]        R/W including all subfolders.         Requestor: [NAME] ([COMPANY]. [LOCATION])  Comment:,Technical Issue,Medium,file share access ticket company brlm service request file share access grant access file share following user company brlm username username access type read write file share server username including subfolders requestor company location comment
configure access to use kes group all usersPlease configure for the mailbox [EMAIL] the right to use the [COMPANY] group all users mail distribution group.  Please forward ticket to BEAS.  Request is appoved!  [NAME],Account,Medium,configure access use kes group usersplease configure mailbox email right use company group users mail distribution group forward ticket beas request appoved
[TICKET ID] - New Support Ticket received  - Server,General Query,Medium,ticket new support ticket received server
[TICKET ID] - A Support Ticket was forwarded to your role  - Wrong OU.  display name and email signature,Technical Issue,Medium,ticket support ticket forwarded role wrong display email signature
File Share Access - [TICKET ID] - [NAME]OliverService Request: File Share Access     Grant access to file share for the following user:  [NAME]Oliver (Username: [USERNAME])  Access Type: (RW) Read / Write  File Share:  J:/MA-BD     Requestor: [NAME] ([COMPANY]. [LOCATION])  Comment:,Technical Issue,Medium,file share access ticket oliverservice request file share access grant access file share following user oliver username username access type read write file share requestor company location comment
acceso al N,Technical Issue,Medium,acceso
not getting mails from [SOFTWARE],General Query,Medium,getting mails software
File Share Access - [TICKET ID] - [NAME] ([COMPANY]. [LOCATION])Service Request: File Share Access     Grant access to file share for the following user:  [NAME] ([COMPANY]. [LOCATION]) (Username: [USERNAME])  Access Type: (RW) Read / Write  File Share:  J:/[COMPANY]/HR     Requestor: [NAME] ([COMPANY]. [LOCATION])  Comment:,Technical Issue,Medium,file share access ticket company location service request file share access grant access file share following user company location username username access type read write file share company requestor company location comment
[TICKET ID] - New Support Ticket received  - Remove File Share Access - [TICKET ID] - [NAME] ([COMPANY]. [LOCATION]),Technical Issue,Medium,ticket new support ticket received remove file share access ticket company location
Review Email configuration for [NAME],General Query,Medium,review email configuration
[TICKET ID] - New Support Ticket received  - busqueda citrix mas lvs,Technical Issue,Medium,ticket new support ticket received busqueda citrix mas lvs
Excel file in Sharepoint corrupted,Technical Issue,Medium,excel file sharepoint corrupted
File Share Access - [TICKET ID] - Pracki. [NAME] ([COMPANY]. [LOCATION]),Technical Issue,Medium,file share access ticket pracki company location
<J:/CREDITO/[NAME]/__DOCUMENTOS> DE CLIENTES - RENOVAÇÕES/[NAME]/[NAME],Technical Issue,Medium,credito documentos clientes renova
File Share Access - [TICKET ID] - [NAME] ([COMPANY]. [LOCATION])Service Request: File Share Access     Grant access to file share for the following user:  [NAME] ([COMPANY]. [LOCATION]) (Username: [USERNAME])  Access Type: (RW) Read / Write  File Share:  J:/Topf- und Substratbestellungen     Requestor: [NAME] ([COMPANY]. [LOCATION])  Comment:  J:/Topf- und Substratbestellungen,Technical Issue,Medium,file share access ticket company location service request file share access grant access file share following user company location username username access type read write file share topf und substratbestellungen requestor company location comment topf und substratbestellungen
[TICKET ID] - A Support Ticket was forwarded to you  - Adicionar novo colaborador ,Account,Medium,ticket support ticket forwarded adicionar novo colaborador
[TICKET ID] - A Support Ticket was forwarded to your role  - [NAME] Citrix and J drive effects on LT,Technical Issue,Medium,ticket support ticket forwarded role citrix drive effects
Password change over VPN,Account,Medium,password change vpn
Permitir acesso a pasta da rede,Technical Issue,Medium,permitir acesso pasta rede
Create Shared Mailbox - [EMAIL] - my[COMPANY]-[NAME],General Query,Medium,create shared mailbox email company
Instalação de ImpressoraInstalação de impressora HP LaserJet P1102w.,Technical Issue,Medium,instala impressorainstala impressora laserjet
Light User for external - [TICKET ID] - [NAME]Service Request: Light User for external  Create Light user for [NAME]     Firstname: [NAME]  Lastname: [NAME]ailaddress: [EMAIL]  Phone: [PHONE]  Cost Center: 44288  Function: Lecturer  Company: GI  Department: KW-[ADDRESS] – [ADDRESS] 428 [ADDRESS] – [ADDRESS].  ZIP:[LOCATION][ADDRESS]  City: [ADDRESS]  Country: [ADDRESS]  Location:[LOCATION] Office:   Expiration date: Jan 24 2020  3:00AM     Important: Please indicate in EA14 that it is an external user.     Requestor: [NAME] [ADDRESS] [NAME] ([COMPANY]. [LOCATION])     Desired date: Jan 24 2019  3:00AM     Additional information:,General Query,Medium,light user external ticket service request light user external create light user firstname lastname ailaddress email phone phone cost center function lecturer company department address address address address zip location address city address country address location location office expiration date jan important indicate external user requestor address company location desired date jan additional information
[TICKET ID] - New Support Ticket received  - Basis User - [USERNAME] - [NAME] ([COMPANY]. [NAME]),General Query,Medium,ticket new support ticket received basis user username company
[TICKET ID] - New Support Ticket received  - Safenet Mobilpass setup,General Query,Medium,ticket new support ticket received safenet mobilpass setup
VPN UpdateDear IT.My[LOCATION]connection updated. but maintain the same layout as the one before. The connection does not give me the options to which each connection I will choose.Anyway. according to my[LOCATION]Manager. my computer does not updated correctly.Could anyone check my computer and this connection update?Thanks.  ,General Query,Medium,vpn updatedear location connection updated maintain layout connection does options connection choose according location manager computer does updated correctly check computer connection update thanks
[TICKET ID] - New Support Ticket received  - Actualización certificado [NAME],General Query,Medium,ticket new support ticket received actualizaci certificado
File Share Access - [TICKET ID] -  [NAME] ([COMPANY]. [LOCATION])Service Request: File Share Access     Grant access to file share for the following user:   [NAME] ([COMPANY]. [LOCATION]) (Username: [USERNAME])  Access Type: (RW) Read / Write  File Share:  Laufwerk J:[LOCATION]     Requestor: [NAME] ([COMPANY]. [LOCATION])  Comment:  Zugriff auf Laufwerk J:[LOCATION]wird benötigt.  Besten Dank [NAME],Technical Issue,Medium,file share access ticket company location service request file share access grant access file share following user company location username username access type read write file share laufwerk location requestor company location comment zugriff auf laufwerk location wird ben tigt besten dank
[SERVER] - McAfee Agent issue,Technical Issue,Medium,server mcafee agent issue
File Share Access - [TICKET ID] - [NAME] ([COMPANY]. [LOCATION])Service Request: File Share Access     Grant access to file share for the following user:  [USERNAME]. Benoit ([COMPANY]. [LOCATION]) (Username: [USERNAME])  Access Type: (RW) Read / Write  File Share:      J:/CE-STA/        please create the folder and give R/W access for this and all subfolders.        Requestor: [NAME] ([COMPANY]. [LOCATION])  Comment:,Technical Issue,Medium,file share access ticket company location service request file share access grant access file share following user username benoit company location username username access type read write file share sta create folder access subfolders requestor company location comment
[TICKET ID] - A Support Ticket was forwarded to you  - RE: Decision for Order required: #[TICKET ID] - Install request,Technical Issue,Medium,ticket support ticket forwarded decision order required ticket install request
[TICKET ID] - New information received on closed ticket  - Initiated by [COMPANY][LOCATION]- Vulnerable Windows Defender on [SERVER],General Query,Medium,ticket new information received closed ticket initiated company location vulnerable windows defender server
Printer installation -,Technical Issue,Medium,printer installation
[TICKET ID] - New Support Ticket received  - R & Rstudio re-installation,Technical Issue,Medium,ticket new support ticket received rstudio installation
[TICKET ID] - New Support Ticket received  - pagina campus achs,General Query,Medium,ticket new support ticket received pagina campus achs
exportar lista de e-mailsGostaria de solicitar um export da lista de e-mails. preferencialmente de excel (.csv) mas pode ser qualquer outra extenção.,Technical Issue,Medium,exportar lista mailsgostaria solicitar export lista mails preferencialmente excel csv mas pode ser qualquer outra exten
Erhöhung des Arbeitsspeichers / Speicherplatzerhöhung auf [SERVER],Technical Issue,Medium,erh hung des arbeitsspeichers speicherplatzerh hung auf server
[TICKET ID] - New Support Ticket received  - visual studio,Technical Issue,Medium,ticket new support ticket received visual studio
[TICKET ID] - A Support Ticket was forwarded to your role  - activacion blackverry work,General Query,Medium,ticket support ticket forwarded role activacion blackverry work
[TICKET ID] - New Support Ticket received  - Atualização,Technical Issue,Medium,ticket new support ticket received atualiza
[TICKET ID] - New Support Ticket received  - liberação,Technical Issue,Medium,ticket new support ticket received libera
E-Mail Verteiler [SERVER]-SFO und [SERVER] M. [NAME],Account,Medium,mail verteiler server sfo und server
Solicito arquivo de backup do arquivo,Technical Issue,Medium,solicito arquivo backup arquivo
(2020040620122) Verizon Initial Notification,General Query,Medium,verizon initial notification
[TICKET ID] - A Support Ticket was forwarded to you  - Leaving Employee - [TICKET ID] - [NAME] ([COMPANY]. [LOCATION]),Account,Medium,ticket support ticket forwarded leaving employee ticket company location
[TICKET ID] - New Support Ticket received  - PROGRAMA,Technical Issue,Medium,ticket new support ticket received programa
File Share Access - [TICKET ID] -Service Request: File Share Access     Grant access to file share for the following user:   (Username: )  Access Type: (RW) Read / Write  File Share:  J:/[COMPANY]/HR     Requestor: [NAME] ([COMPANY]. [LOCATION])  Comment:  Bitte aufnehmen in den Verteiler: [COMPANY]_HR,Technical Issue,Medium,file share access ticket service request file share access grant access file share following user username access type read write file share company requestor company location comment bitte aufnehmen den verteiler company
Create Shared Mailbox - [EMAIL] - [EMAIL] ([LOCATION]),General Query,Medium,create shared mailbox email email location
[TICKET ID] - New Support Ticket received  - Acceso a Citrix [NAME],Technical Issue,Medium,ticket new support ticket received acceso citrix
A budget file is missing out of my folder and have not been able to find it on the computer,Technical Issue,Medium,budget file missing folder able computer
[SERVER] on [SERVER] says offline,Technical Issue,Medium,server server says offline
Computador com atualizações pendentes,Technical Issue,Medium,computador com atualiza pendentes
Add user [COMPANY]up/Brodmann for Leasy Support,Account,Medium,add user company brodmann leasy support
[TICKET ID] - New Support Ticket received  - instalacion[LOCATION],Technical Issue,Medium,ticket new support ticket received instalacion location
[TICKET ID] - New Support Ticket received  - Abrir pasta de arquivos do google Drive,Technical Issue,Medium,ticket new support ticket received abrir pasta arquivos google drive
[TICKET ID] - A Support Ticket was forwarded to your role  - problemas ingreso a [NAME],Technical Issue,Medium,ticket support ticket forwarded role problemas ingreso
Create Shared Mailbox - [EMAIL] - my[COMPANY] HR,General Query,Medium,create shared mailbox email company
[TICKET ID] - A Support Ticket was forwarded to your role  - Initiated by [COMPANY][LOCATION]- Vulnerable Teamviewer on [SERVER],General Query,Medium,ticket support ticket forwarded role initiated company location vulnerable teamviewer server
Acesso [NAME],Account,Medium,acesso
Extraction of users mailbox and OneDrive storage,General Query,Medium,extraction users mailbox onedrive storage
Neuen[LOCATION]User erstellen -  von [NAME]. [NAME],Account,Medium,neuen location user erstellen von
onedrive,Technical Issue,Medium,onedrive
Zugriff Postfach hinzufügen / entfernen,General Query,Medium,zugriff postfach hinzuf gen entfernen
[TICKET ID] - New Support Ticket received  - configuracion telefono [NAME],General Query,Medium,ticket new support ticket received configuracion telefono
Citrix reciver takes very long to open,Technical Issue,Medium,citrix reciver takes long open
Initiated by [COMPANY][LOCATION]- Vulnerable Active X on [SERVER]8,Technical Issue,Medium,initiated company location vulnerable active server
Email lentoBom dia !!!  Meu email está muito lento. quando pesquiso emails anteriores. para abrir os email.  Gostaria por gentileza que verificassem.  Atenciosamente.,Technical Issue,Medium,email lentobom dia meu email est muito lento quando pesquiso emails anteriores para abrir email gostaria por gentileza que verificassem atenciosamente
[TICKET ID] - A Support Ticket was forwarded to your role  -  [NAME] locked out of PC,Technical Issue,Medium,ticket support ticket forwarded role locked
SR290616 Leaving employee: The user [NAME] ([COMPANY]; [LOCATION]) is going to leave [COMPANY] on 02;01;2018,Account,Medium,leaving employee user company location going leave company
sharepoint non accessible,Technical Issue,Medium,sharepoint non accessible
GH Printer Connection Issue,Technical Issue,Medium,printer connection issue
User admportz löschen,Account,Medium,user admportz schen
missing printerOur local printer in [ADDRESS] has disappeared from my laptop. How do I add it back?    Thanks    [NAME]obile: [PHONE]    ,Technical Issue,Medium,missing printerour local printer address disappeared laptop add thanks obile phone
Out of office notice on [EMAIL] email,General Query,Medium,office notice email email
Initiated by [COMPANY][LOCATION]- Vulnerable .NET Version on [SERVER],Technical Issue,Medium,initiated company location vulnerable net version server
[TICKET ID] - New Support Ticket received  - Mensaje al querer abrir outlook,Technical Issue,Medium,ticket new support ticket received mensaje querer abrir outlook
File Share Access - [TICKET ID] - [NAME] ([COMPANY]. [LOCATION])Service Request: File Share Access     Grant access to file share for the following user:  [NAME] ([COMPANY]. [LOCATION]) (Username: [USERNAME])  Access Type: (RW) Read / Write  File Share:      N:/[SERVER]/[USERNAME]        R/W including all subfolders.         Requestor: [NAME] ([COMPANY]. [LOCATION])  Comment:,Technical Issue,Medium,file share access ticket company location service request file share access grant access file share following user company location username username access type read write file share server username including subfolders requestor company location comment
[TICKET ID] - A Support Ticket was forwarded to you  - Instalar programa BarTender,Technical Issue,Medium,ticket support ticket forwarded instalar programa bartender
Instalación Impresora,Technical Issue,Medium,instalaci impresora
[TICKET ID] - A Support Ticket was forwarded to your role  - check_mk SD Servicealarm: ([SERVER]) [COMPANY] LS Systemmanagement - [SOFTWARE] Depot Server: Filesystem E:/ -[LOCATION]-> CRIT,General Query,Medium,ticket support ticket forwarded role check servicealarm server company systemmanagement software depot server filesystem location crit
Email duplication,General Query,Medium,email duplication
[TICKET ID] - A Support Ticket was forwarded to your role  - Initiated by [COMPANY][LOCATION]- Vulnerable TeamViewer on [SERVER],General Query,Medium,ticket support ticket forwarded role initiated company location vulnerable teamviewer server
[TICKET ID] - New Support Ticket received  - Relatorio de pedidos em Aberto Discoverer,Technical Issue,Medium,ticket new support ticket received relatorio pedidos aberto discoverer
Light User for external - [TICKET ID] - [USERNAME]. [NAME]Service Request: Light User for external  Create Light user for [USERNAME]     Firstname: [NAME]  Lastname: [NAME]ailaddress: [EMAIL]  Phone: [PHONE]  Cost Center: 32151  Function: Service Manager Service & Support  Company: [COMPANY] Einsteinstr. 8. [ADDRESS]  Department: [ADDRESS]  ZIP: [ADDRESS]  City: [ADDRESS]  Country: [ADDRESS]  Location:[LOCATION] Office:   Expiration date: Not defined     Important: Please indicate in EA14 that it is an external user.     Requestor: [NAME] ([COMPANY]. [LOCATION])     Desired date: Jan  7 2019 12:00AM     Additional information:,General Query,Medium,light user external ticket username service request light user external create light user username firstname lastname ailaddress email phone phone cost center function service manager service support company company einsteinstr address department address zip address city address country address location location office expiration date defined important indicate external user requestor company location desired date jan additional information
Blocked Website by ProxyPlease allow this site. It is used for the installation of Whitesmoke English editor.    [NAME] received a new laptop and needs Whitesmoke installed    Attached is the correspondence with [NAME] when this was installed on [NAME]s previous computer        Client-IP: [IP_ADDRESS]    Proxy Hostname: [SERVER].[COMPANY]up.ads.dir    Date (local server time): 2018-07-18 14:31:03    URL: [URL]   [LOCATION]Categories: Malicious Sites. Software/Hardware    Reputation: High Risk    Media Type:   [LOCATION]was blocked due to a[LOCATION]Reputation and Categorization lookup result: true   [LOCATION]was blocked due to a dynamic content classification result: false        [COMPANY] GATEWAY RESE[LOCATION] CENTER. LLC. [LOCATION]Park at The Danforth Plant Science Center  [ADDRESS]. [ADDRESS]     Managing Director: [NAME]  Company Headquarters: [ADDRESS]      [URL]  ,General Query,Medium,blocked website proxyplease allow site used installation whitesmoke english editor received new laptop needs whitesmoke installed attached correspondence installed previous computer client address proxy hostname server company ads dir date local server time url url location categories malicious sites software hardware reputation high risk media type location blocked location reputation categorization lookup result true location blocked dynamic content classification result false company gateway rese location center llc location park danforth plant science center address address managing director company headquarters address url
File Share Access - [TICKET ID] - [NAME]. [NAME] ([COMPANY]. [LOCATION])Service Request: File Share Access     Grant access to file share for the following user:  [NAME]. [NAME] ([COMPANY]. [LOCATION]) (Username: [USERNAME])  Access Type: (RW) Read / Write  File Share:    Please add the folder for Italy to the rights that [NAME] already has:    Folder J/  Receivables report / [COMPANY] Italia       Requestor: [NAME] ([COMPANY]. [LOCATION])  Comment:,Technical Issue,Medium,file share access ticket company location service request file share access grant access file share following user company location username username access type read write file share add folder italy rights folder receivables report company italia requestor company location comment
[TICKET ID] - New Support Ticket received  - Can not get company email on my phone. ,General Query,Medium,ticket new support ticket received company email phone
[TICKET ID] - New Support Ticket received  - Skype,Technical Issue,Medium,ticket new support ticket received skype
CONFIGURAÇÃO DA IMPRESSORA - DIGITALIZAR[LOCATION]E-MAIL,Technical Issue,Medium,configura impressora digitalizar location mail
Initiated by [COMPANY][LOCATION]- Unsupported Firefox on [SERVER],Technical Issue,Medium,initiated company location unsupported firefox server
[TICKET ID] - A Support Ticket was forwarded to your role  - User zu der Gruppe: [SERVER]-[NAME] hizufügen,General Query,Medium,ticket support ticket forwarded role user der gruppe server hizuf gen
Basis User - [TICKET ID] -Service Request: Basis User     Create Windows account for internal user       Firstname:  [NAME]  Lastname:  [NAME]  Cost Center:  174454  Company:    Department:  [ADDRESS]  Street:    ZIP:    City:    Country:  [ADDRESS]  Office:       Important: Please set the EA10 to the following value: [USERNAME]@Marco (leave blank. when empty)  Please create Exchange and Skype account.  The user needs at least the following access permissions:  (RW) H:/%username%  (RO) J:/Auftrag  (RW) J:/Info  (RW) J:/Transfer  (RO) J:/Vorlagen  Access to [COMPANY] intranet  Access to [SOFTWARE] ([SERVER])  Requestor:  [NAME] ([COMPANY]. [LOCATION])     Desired date:  Jan 31 2019 12:00AM     Additional information:   Neuer Kollege Startet am 01.02.2019,General Query,Medium,basis user ticket service request basis user create windows account internal user firstname lastname cost center company department address street zip city country address office important set following value username marco leave blank create exchange skype account user needs following access permissions username auftrag info transfer vorlagen access company intranet access software server requestor company location desired date jan additional information neuer kollege startet
[TICKET ID] - New Support Ticket received  -  connect to printers - not urgent at all,Technical Issue,High,ticket new support ticket received connect printers urgent
File Share Access - [TICKET ID] - [NAME] ([COMPANY]. [LOCATION])Service Request: File Share Access     Grant access to file share for the following user:  [NAME] ([COMPANY]. [LOCATION]) (Username: )  Access Type: (RW) Read / Write  File Share:    J:/CHR   J:/CHR-GLOBE   J:/CHR-H   J:/VORLAGEN       Requestor: [NAME] ([COMPANY]. [LOCATION])  Comment:  [ADDRESS] [NAME].  Bitte asap - Head of [LOCATION] HR,Technical Issue,High,file share access ticket company location service request file share access grant access file share following user company location username access type read write file share chr chr globe chr vorlagen requestor company location comment address bitte asap head location
Create Shared Mailbox - [ADDRESS] - [EMAIL],General Query,Medium,create shared mailbox address email
User admschen löschen,Account,Medium,user admschen schen
[TICKET ID] - New Support Ticket received  - Inclusão de Usuaria para recebimento de email do nfe.,Technical Issue,Medium,ticket new support ticket received inclus usuaria para recebimento email nfe
[TICKET ID] - A Support Ticket was forwarded to you  - Users do not receive Pallavis mails,Technical Issue,Medium,ticket support ticket forwarded users receive pallavis mails
COMPUTADOR[LOCATION]DESLIGANDO SOZINHO,Technical Issue,Medium,computador location desligando sozinho
[TICKET ID] - New Support Ticket received  - activacion blackverry work,General Query,Medium,ticket new support ticket received activacion blackverry work
[TICKET ID] - A Support Ticket was forwarded to your role  - Software Installation - [TICKET ID] - [NAME] ([COMPANY] [LOCATION]),Technical Issue,Medium,ticket support ticket forwarded role software installation ticket company location
PRECISO INSTALAR DRIVE DE IMPRESSORA,Technical Issue,Medium,preciso instalar drive impressora
[TICKET ID] - New Support Ticket received  - Growout Room spooling printer issue,Technical Issue,Medium,ticket new support ticket received growout room spooling printer issue
[TICKET ID] - [SERVER][LOCATION]- Planned Maintenance - 2018-9-25. 09:00[LOCATION]| [SERVER] [COMPANY] SE. Rückmeldungen erforderlich.,General Query,Medium,ticket server location planned maintenance location server company ckmeldungen erforderlich
File Share Access - [TICKET ID] - [NAME] ([COMPANY]. [LOCATION])Service Request: File Share Access     Grant access to file share for the following user:  [NAME] ([COMPANY]. [LOCATION]) (Username: )  Access Type: (RW) Read / Write  File Share:  [Image]     Requestor: [NAME] ([COMPANY]. [LOCATION])  Comment:,Technical Issue,Medium,file share access ticket company location service request file share access grant access file share following user company location username access type read write file share image requestor company location comment
change email for user,General Query,Medium,change email user
instalação da imprssora,Technical Issue,Medium,instala imprssora
[TICKET ID] - New Support Ticket received  - accidentally wiped my phone ,General Query,Medium,ticket new support ticket received accidentally wiped phone
File Share Access - [TICKET ID] - [ADDRESS]. [NAME] ([COMPANY]. [LOCATION]),Technical Issue,Medium,file share access ticket address company location
Light User for external - [TICKET ID] - [NAME]. PolService Request: Light User for external  Create Light user for [USERNAME]. Pol     Firstname: [NAME]  Lastname: [NAME]ailaddress: [EMAIL]  Phone: [PHONE]  Cost Center: 47004  Function: Agentur  Company: Welocalize  Department: GMC-[ADDRESS]  ZIP: [ADDRESS]  City: [ADDRESS]  Country: [ADDRESS]  Location:[LOCATION] Office:   Expiration date: Jun 29 2019 11:00PM     Important: Please indicate in EA14 that it is an external user.     Requestor: [NAME] ([COMPANY]. [LOCATION])     Desired date: Dec 13 2018 12:00AM     Additional information:,General Query,Medium,light user external ticket polservice request light user external create light user username pol firstname lastname ailaddress email phone phone cost center function agentur company welocalize department gmc address zip address city address country address location location office expiration date jun important indicate external user requestor company location desired date dec additional information
[TICKET ID] - New Support Ticket received  - Cannot login to Fival citrix,Technical Issue,Medium,ticket new support ticket received login fival citrix
[TICKET ID] - New Support Ticket received  - ajuste no base discovery e montagem de uma impressora,Technical Issue,Medium,ticket new support ticket received ajuste base discovery montagem uma impressora
File Share Access - [TICKET ID] - [USERNAME]. Ole ([COMPANY]. [LOCATION])Service Request: File Share Access     Grant access to file share for the following user:  [USERNAME] ([COMPANY]. [LOCATION]) (Username: )  Access Type: (RW) Read / Write  File Share:  J:/Scan     Requestor: [NAME] ([COMPANY]. [LOCATION])  Comment:  Das Büro von [NAME] wird sich imBürogebäude in der [ADDRESS] befinden (Büro: 1.04). Bitte liefern Sie die Hardware so schnell wie möglich aus.  Vielen Dank!  Für Rückfragen stehe ich gern zur Verfügung.  Beste Grüße [NAME] Tel.: [PHONE],Technical Issue,Medium,file share access ticket username ole company location service request file share access grant access file share following user username company location username access type read write file share scan requestor company location comment das von wird sich imb rogeb ude der address befinden bitte liefern sie die hardware schnell wie glich aus vielen dank ckfragen stehe ich gern zur verf gung beste tel phone
[TICKET ID] - [SERVER][LOCATION]- Planned Maintenance - 2018-11-17. 08:01[LOCATION]| [SERVER] | [SERVER] [COMPANY] SE. Rückmeldungen erforderlich.,General Query,Medium,ticket server location planned maintenance location server server company ckmeldungen erforderlich
File Share Access - [TICKET ID] - [NAME]. [NAME] ([COMPANY]A. [LOCATION]),Technical Issue,Medium,file share access ticket company location
Azure Logic Apps - License request (Please contact [NAME]),Technical Issue,Medium,azure logic apps license request contact
[SERVER],Technical Issue,Medium,server
[TICKET ID] - New Support Ticket received  - Not able to print to printer,Technical Issue,Medium,ticket new support ticket received able print printer
Basis User - [TICKET ID] - [NAME].[NAME]([COMPANY]. [LOCATION])Service Request: Basis User     Create Windows account for internal user  [NAME].[NAME]([COMPANY]. [LOCATION])     Firstname:  [NAME]  Lastname:  [NAME]  Cost Center:  44288  Company: [COMPANY] S.A.  Department:  KW-[ADDRESS] a [ADDRESS] – [ADDRESS] Rural.  ZIP: [LOCATION][ADDRESS]  City:  [ADDRESS]  Country:  [ADDRESS]  Office:       Important: Please set the EA10 to the following value: 13741 (leave blank. when empty)  Please create Exchange and Skype account.  The user needs at least the following access permissions:  Access to [SOFTWARE] ([SERVER])  Requestor:  [NAME] ([COMPANY]. [LOCATION])     Desired date:  Jan 23 2019  3:00AM     Additional information:,General Query,Medium,basis user ticket company location service request basis user create windows account internal user company location firstname lastname cost center company company department address address address rural zip location address city address country address office important set following value leave blank create exchange skype account user needs following access permissions access software server requestor company location desired date jan additional information
[TICKET ID] - New Support Ticket received  - Datos de Blackberry Work borrados,General Query,Medium,ticket new support ticket received datos blackberry work borrados
Configuração de pontoConfiguração de ponto top data viggia para guardas noturnos,Technical Issue,Medium,configura pontoconfigura ponto data viggia para guardas noturnos
Need access to the R drive,Technical Issue,Medium,need access drive
sem acesso a gropo j,Technical Issue,Medium,sem acesso gropo
Abteilungswechsel Postfachzugang [NAME] Für [NAME] Zugang entfernen.,General Query,Medium,abteilungswechsel postfachzugang zugang entfernen
urgent: create AD-account for [NAME],Account,High,urgent create account
File Share Access - [TICKET ID] - Portes [NAME] ([COMPANY]. [LOCATION]),Technical Issue,Medium,file share access ticket portes company location
[TICKET ID] - A Support Ticket was forwarded to your role  - Email Box - [EMAIL] is not working,Technical Issue,Medium,ticket support ticket forwarded role email box email working
[TICKET ID] - A Support Ticket was forwarded to you  - Basis User - [USERNAME] - [NAME] ([COMPANY]. [LOCATION]),Account,Medium,ticket support ticket forwarded basis user username company location
Email não está sincronizando no mobileEmail não está sincronizando no mobile,Technical Issue,Medium,email est sincronizando mobileemail est sincronizando mobile
File Share Access - [TICKET ID] - [NAME] ([COMPANY]. [LOCATION])Service Request: File Share Access     Grant access to file share for the following user:  [NAME] ([COMPANY]. [LOCATION]) (Username: )  Access Type: (RW) Read / Write  File Share:  J:/[COMPANY]/HR/Lohnsteuerprüfung     Requestor: [NAME] ([COMPANY]. [LOCATION])  Comment:,Technical Issue,Medium,file share access ticket company location service request file share access grant access file share following user company location username access type read write file share company lohnsteuerpr fung requestor company location comment
Unable to email [NAME] [EMAIL],General Query,Medium,unable email email
File Share Access - [TICKET ID] - [NAME]Service Request: File Share Access     Grant access to file share for the following user:  [NAME] (Username: [USERNAME])  Access Type: (RW) Read / Write  File Share:  Hello I need Access to the following folder:   J:/[COMPANY]  Best regards. [NAME]     Requestor: [NAME]  Comment:  Hello I need access to the following order:  J:/[COMPANY]  Best regards. [NAME],Technical Issue,Medium,file share access ticket service request file share access grant access file share following user username username access type read write file share hello need access following folder company best regards requestor comment hello need access following order company best regards
Remove File Share Access - [TICKET ID] - Pintos. [NAME] ([COMPANY]. [LOCATION]),Technical Issue,Medium,remove file share access ticket pintos company location
Decision for Order required: #[TICKET ID] - Install request,Technical Issue,Medium,decision order required ticket install request
File Share Access - [TICKET ID] - [NAME] ([COMPANY]. [LOCATION])Service Request: File Share Access     Grant access to file share for the following user:  [NAME] ([COMPANY]. [LOCATION]) (Username: [USERNAME])  Access Type: (RW) Read / Write  File Share:      J:/CE-STA/      please create the folder if it does not yet exist and give R/W access for this and all subfolders.        Requestor: [NAME] ([COMPANY]. [LOCATION])  Comment:,Technical Issue,Medium,file share access ticket company location service request file share access grant access file share following user company location username username access type read write file share sta create folder does exist access subfolders requestor company location comment
ActiveDirectory Sites and Services needs to be adjusted for [LOCATION],Technical Issue,Medium,activedirectory sites services needs adjusted location
[TICKET ID] - New Support Ticket received  - Install Dell[LOCATION]Connection,General Query,Medium,ticket new support ticket received install dell location connection
[COMPANY] Logo on email signatures is not appropriately sized on return emails,General Query,Medium,company logo email signatures appropriately sized return emails
[TICKET ID] - New Support Ticket received  - Mail en el Celular Samsung J7,General Query,Medium,ticket new support ticket received mail celular samsung
[TICKET ID] - A Support Ticket was forwarded to your role  - No Access to [COMPANY] @All WebMag with Chrome,General Query,Medium,ticket support ticket forwarded role access company webmag chrome
[TICKET ID] - New Support Ticket received  - very frequent crashes  of Google chrome browser,Technical Issue,Medium,ticket new support ticket received frequent crashes google chrome browser
Initiated by GIT: Missing connection to all securitytools on system [LOCATION]-TMP03,Technical Issue,Medium,initiated git missing connection securitytools location tmp
[TICKET ID] - New Support Ticket received  - no skype connection,Technical Issue,Medium,ticket new support ticket received skype connection
files in ... J:/ZRPMEXIM/MB/BS_raw_data ... deleted by mistake ... backup of all file from that directory needed night 3-4.2.2020,Technical Issue,Medium,files zrpmexim raw data deleted mistake backup file directory needed night
[TICKET ID] - New Support Ticket received  - Garmin Install,Technical Issue,Medium,ticket new support ticket received garmin install
[TICKET ID] - New Support Ticket received  - Basis User - [USERNAME] - Peta. [NAME] ([COMPANY]. [LOCATION]),General Query,Medium,ticket new support ticket received basis user username peta company location
[TICKET ID] - New Support Ticket received  - Basis User - [USERNAME] - [NAME]. [NAME] ([COMPANY]. [LOCATION]),General Query,Medium,ticket new support ticket received basis user username company location
Basis User - [USERNAME] - [NAME]. [NAME] ([COMPANY]. [LOCATION])Service Request: Basis User     Create Windows account for internal user  [USERNAME]. [NAME] ([COMPANY]. [LOCATION])     Firstname:  [NAME]  Lastname:  [NAME]  Cost Center:  44278  Company:  [COMPANY] Momont Recherche  Department:  [ADDRESS]  City:  [ADDRESS]  Country:    Office:       Important: Please set the EA10 to the following value: 11140 (leave blank. when empty)  Please create Exchange and Skype account.  The user needs at least the following access permissions:  Access to [SOFTWARE] ([SERVER])  Requestor:  [NAME] ([COMPANY]. [LOCATION])     Desired date:  Jan 10 2019 12:00AM     Additional information:,General Query,Medium,basis user username company location service request basis user create windows account internal user username company location firstname lastname cost center company company momont recherche department address city address country office important set following value leave blank create exchange skype account user needs following access permissions access software server requestor company location desired date jan additional information
eMail configuration for Salesforce,General Query,Medium,email configuration salesforce
[TICKET ID] - New Support Ticket received  - Instalaçãoe permissão para utilizar o SID,Technical Issue,Medium,ticket new support ticket received instala permiss para utilizar sid
[TICKET ID] - New Support Ticket received  - Bloqueio e cancelamento de usuário - Wanderson [NAME],Account,Medium,ticket new support ticket received bloqueio cancelamento usu rio wanderson
[TICKET ID] - A Support Ticket was forwarded to your role  - Create Shared Mailbox,Technical Issue,Medium,ticket support ticket forwarded role create shared mailbox
DNS removal - [SERVER]4 & [SERVER]5Hi.  Could you please remove the following[LOCATION]records and any subsequent records (e.g. PTR):  - [SERVER]4.[COMPANY]up.ads.dir  - [SERVER]5.[COMPANY]up.ads.dir  Please do not go through [COMPANY] when this is done. I can validate this myself.  Thank you in advance.  [NAME],General Query,Medium,dns removal server server remove following location records subsequent records ptr server company ads dir server company ads dir company validate thank advance
[TICKET ID] - check_mk SD Hostalarm: ([SERVER]) [COMPANY] LS Site2Site[LOCATION]- UP -> DOWN. Rückmeldungen erforderlich.,General Query,High,ticket check hostalarm server company site site location ckmeldungen erforderlich
[TICKET ID] - A Support Ticket was forwarded to your role  - Wrong email address,Technical Issue,Medium,ticket support ticket forwarded role wrong email address
[TICKET ID] - New Support Ticket received  - Computador Backup para Viagens,General Query,Medium,ticket new support ticket received computador backup para viagens
Create Shared Mailbox - [EMAIL] - GTC-TX,General Query,Medium,create shared mailbox email gtc
Light User - [USERNAME] -Service Request: Light User  Create Light user for      Firstname: [NAME]  Lastname: [NAME]  Cost Center: 47046  Company: [COMPANY] India Private Limited  Department: GIT-[ADDRESS]  ZIP: [ADDRESS]  City: [ADDRESS]  Country: Germany  Office:      Important: Please set the EA10 to the following value: [EMAIL] (leave blank. when empty)     Desired date: Aug 30 2018 12:00AM     Requestor: [NAME] ([COMPANY]. [LOCATION])     Additional information:,Account,Medium,light user username service request light user create light user firstname lastname cost center company company india private limited department git address zip address city address country germany office important set following value email leave blank desired date aug requestor company location additional information
[TICKET ID] - New Support Ticket received  - Acesso VPN,General Query,Medium,ticket new support ticket received acesso vpn
Forwarding Emails,General Query,Medium,forwarding emails
urgent- cant receive mails from [EMAIL] into mailbox [EMAIL]we have to receive orders from our webshop [URL] in mailbox [EMAIL] from mailaddress [EMAIL]. unfortunately it seems like our system block all mails from [EMAIL].   Can you please approve this mail address urgently today. important because we need to make webshop tests before launching the webpage on Monday.    thanks. and please call me on [PHONE] if you have any questions. please also confirm to me asap this issue is solved.    [NAME],General Query,High,urgent receive mails email mailbox email receive orders webshop url mailbox email mailaddress email unfortunately like block mails email approve mail address urgently today important need make webshop tests launching webpage monday thanks phone questions confirm asap issue solved
[TICKET ID] - New information received on closed ticket  - Criar acesso utilizando o Skype Meeting - Calendar,Technical Issue,Medium,ticket new information received closed ticket criar acesso utilizando skype meeting calendar
File Share Access - [TICKET ID] - [NAME] ([COMPANY]. [LOCATION])Service Request: File Share Access     Grant access to file share for the following user:  [NAME] ([COMPANY]. [LOCATION]) (Username: [USERNAME])  Access Type: (RW) Read / Write  File Share:  Please. provide me with assess to Server Link: GROUP (J:) with all relevant Folders and Dates. The same assess as by [NAME] ([COMPANY]. [LOCATION])     Requestor: [NAME] ([COMPANY]. [LOCATION])  Comment:,Technical Issue,Medium,file share access ticket company location service request file share access grant access file share following user company location username username access type read write file share provide assess server link group relevant folders dates assess company location requestor company location comment
access to [EMAIL],General Query,Medium,access email
[TICKET ID] - New Support Ticket received  - outlook,Technical Issue,Medium,ticket new support ticket received outlook
[TICKET ID] - New Support Ticket received  - [LOCATION]Eintrag für[LOCATION]Server,General Query,Medium,ticket new support ticket received location eintrag location server
need access to public folder,Technical Issue,Medium,need access public folder
Acesso pastas da rede,Technical Issue,Medium,acesso pastas rede
Please setup various site collections with template communication website (Thema) and map it to IMS-Hub.,Technical Issue,Medium,setup various site collections template communication website thema map ims hub
[TICKET ID] - New Support Ticket received  - Britos LapTop,Technical Issue,Medium,ticket new support ticket received britos laptop
[TICKET ID] - New Support Ticket received  - Skype audio/video,Technical Issue,Medium,ticket new support ticket received skype audio video
Instalação de Impresora,Technical Issue,Medium,instala impresora
File Share Access - [TICKET ID] - [NAME] ([COMPANY]. [LOCATION])Service Request: File Share Access     Grant access to file share for the following user:  [NAME] ([COMPANY]. [LOCATION]) (Username: [USERNAME])  Access Type: (RW) Read / Write  File Share:  J:/LiveDok     Requestor: [NAME] ([COMPANY]. [LOCATION])  Comment:,Technical Issue,Medium,file share access ticket company location service request file share access grant access file share following user company location username username access type read write file share livedok requestor company location comment
[TICKET ID] - New Support Ticket received  - configuracion de nuevo equipo,General Query,Medium,ticket new support ticket received configuracion nuevo equipo
Email encryption,General Query,Medium,email encryption
[TICKET ID] - New Support Ticket received  - Caterpillar phone,General Query,Medium,ticket new support ticket received caterpillar phone
[TICKET ID] - A Support Ticket was forwarded to your role  - Possibility to send emails from [EMAIL] on behalf of [EMAIL].,Technical Issue,Medium,ticket support ticket forwarded role possibility send emails email behalf email
Replacement Printer Network Set up,Technical Issue,Medium,replacement printer network set
[TICKET ID] - New Support Ticket received  - problema con activacion de office,Technical Issue,Medium,ticket new support ticket received problema activacion office
[TICKET ID] - New Support Ticket received  - Relatorio desconfigurado de credito devolução ao transferir para o excel,Technical Issue,Medium,ticket new support ticket received relatorio desconfigurado credito devolu transferir para excel
[TICKET ID] - New Support Ticket received  - Não está sendo possível entrar no Skype,Technical Issue,Medium,ticket new support ticket received est sendo poss vel entrar skype
[TICKET ID] - New Support Ticket received  - usuario bloqueado,Account,Medium,ticket new support ticket received usuario bloqueado
[TICKET ID] - New Support Ticket received  - need to install printer drivers on my laptop using Covo printers,Technical Issue,Medium,ticket new support ticket received need install printer drivers laptop using covo printers
Acesso as Pastas da Rede,Technical Issue,Medium,acesso pastas rede
Instalção de [COMPANY]ulo de segurança,Technical Issue,Medium,instal company ulo seguran
[TICKET ID] - New Support Ticket received  - Basis User - [USERNAME] - [NAME] ([COMPANY]. [LOCATION])  ,General Query,Medium,ticket new support ticket received basis user username company location
Configure DFS-RHello.  We will migrate the file server [SERVER] to [SERVER] tomorrow. Can you configure the DFS-R for this new server. please.  Kind Regards,Technical Issue,Medium,configure dfs rhello migrate file server server server tomorrow configure dfs new server kind regards
[TICKET ID] - New Support Ticket received  - Rede External,General Query,Medium,ticket new support ticket received rede external
[PASSWORD] - A Support Ticket was forwarded to your role  -[LOCATION]Passwort Reset,General Query,Medium,password support ticket forwarded role location passwort reset
E-mail Desconectado,General Query,Medium,mail desconectado
[TICKET ID] - New Support Ticket received  -[LOCATION]Change,General Query,Medium,ticket new support ticket received location change
[TICKET ID] - New Support Ticket received  - Skype Instável - Multiplos usuários,Technical Issue,Medium,ticket new support ticket received skype inst vel multiplos usu rios
[TICKET ID] - New Support Ticket received  - File Share Access - [TICKET ID] - [NAME] ([COMPANY]. [LOCATION])  ,Technical Issue,Medium,ticket new support ticket received file share access ticket company location
Questback[LOCATION](Sender Policy Framework),Technical Issue,Medium,questback location sender policy framework
Internet por cable lento. No conecta a internet explorer ni chrome,General Query,Medium,internet por cable lento conecta internet explorer chrome
Basis User - [TICKET ID] -Service Request: Basis User     Create Windows account for internal user       Firstname:  [NAME]  Lastname:  [USERNAME]  Cost Center:  174447  Company:    Department:  [LOCATION]  Street:    ZIP:    City:    Country:  [ADDRESS]  Office:       Important: Please set the EA10 to the following value: 13720 (leave blank. when empty)  Please create Exchange and Skype account.  The user needs at least the following access permissions:  (RW) H:/%username%  (RO) J:/Auftrag  (RW) J:/Info  (RW) J:/Transfer  (RO) J:/Vorlagen  Access to [COMPANY] intranet  Access to [SOFTWARE] ([SERVER])  Requestor:  [NAME] ([COMPANY]. [LOCATION])     Desired date:  Jan 31 2019 12:00AM     Additional information:   Starter 01.02.2019,General Query,Medium,basis user ticket service request basis user create windows account internal user firstname lastname username cost center company department location street zip city country address office important set following value leave blank create exchange skype account user needs following access permissions username auftrag info transfer vorlagen access company intranet access software server requestor company location desired date jan additional information starter
Create Shared Mailbox - [EMAIL] - Projektemail Adresse [EMAIL],General Query,Medium,create shared mailbox email projektemail adresse email
[TICKET ID] - New Support Ticket received  - Cannot access [COMPANY] intranet,General Query,Medium,ticket new support ticket received access company intranet
[TICKET ID] - A Support Ticket was forwarded to your role  - Initiated by [COMPANY][LOCATION]- Vulnerable Internet Explorer on [SERVER]-[NAME],General Query,Medium,ticket support ticket forwarded role initiated company location vulnerable internet explorer server
USB-C port not working,Technical Issue,Medium,usb port working
[TICKET ID] - New Support Ticket received  - Ingreso a J desde notebook,Technical Issue,Medium,ticket new support ticket received ingreso desde notebook
Skype will not log inMy Skype will not log in today. I have tried restarting. [NAME] and [NAME] are having the same issue. Everyone else around us are not having this issue.,Technical Issue,Medium,skype log inmy skype log today tried restarting having issue having issue
Access to N:/MA Stations,Technical Issue,Medium,access stations
Synchronisierung Sharepoint funktioniert nicht,Technical Issue,Medium,synchronisierung sharepoint funktioniert nicht
Create Shared Mailbox - [EMAIL] -[LOCATION]Training,General Query,Medium,create shared mailbox email location training
instalação power bi PRO,Technical Issue,Medium,instala power pro
[TICKET ID] - New Support Ticket received  - Skype login,Technical Issue,Medium,ticket new support ticket received skype login
File Share Access - [TICKET ID] - [NAME] ([COMPANY]. [LOCATION])Service Request: File Share Access     Grant access to file share for the following user:  [USERNAME]. [NAME] ([COMPANY]. [LOCATION]) (Username: [USERNAME])  Access Type: (RW) Read / Write  File Share:    J:/Receivables report    for the following entities     [COMPANY] [ADDRESS]   [COMPANY] Momont   [COMPANY] Momont Recherche   Razes Hybrides   [COMPANY] Mais France   [COMPANY] France   [COMPANY] Benelux   [COMPANY] Potato   [COMPANY] Scandinavia   [COMPANY] Suisse   [COMPANY] Türk   [COMPANY] Semillas   [COMPANY] UK   [COMPANY] Italy        Requestor: [NAME] ([COMPANY]. [LOCATION])  Comment:,Technical Issue,Medium,file share access ticket company location service request file share access grant access file share following user username company location username username access type read write file share receivables report following entities company address company momont company momont recherche razes hybrides company mais france company france company benelux company potato company scandinavia company suisse company company semillas company company italy requestor company location comment
Access to igarage denied,Account,Medium,access igarage denied
File Share Access - [TICKET ID] - Portes [NAME] ([COMPANY]. [LOCATION])Service Request: File Share Access     Grant access to file share for the following user:  Portes [NAME] ([COMPANY]. [LOCATION]) (Username: [USERNAME])  Access Type: (RW) Read / Write  File Share:      N:/[SERVER]/STA-PGRO        R/W including all subfolders.         Requestor: [NAME] ([COMPANY]. [LOCATION])  Comment:,Technical Issue,Medium,file share access ticket portes company location service request file share access grant access file share following user portes company location username username access type read write file share server sta pgro including subfolders requestor company location comment
[TICKET ID] - New Support Ticket received  - missing folders,Technical Issue,Medium,ticket new support ticket received missing folders
Acesso pastas e emails Crysmara,Technical Issue,Medium,acesso pastas emails crysmara
File Share Access - [TICKET ID] - Knoll. Natali ([COMPANY]. [LOCATION]),Technical Issue,Medium,file share access ticket knoll natali company location
[TICKET ID] - New Support Ticket received  - reinstalacion computador,General Query,Medium,ticket new support ticket received reinstalacion computador
Liberar acessos pasta Tesouraria,Technical Issue,Medium,liberar acessos pasta tesouraria
Light User for external - [TICKET ID] - [USERNAME]. WojciechService Request: Light User for external  Create Light user for [USERNAME]. Wojciech     Firstname: [NAME]  Lastname: [NAME]ailaddress: [EMAIL]  Phone: [PHONE]  Cost Center: 47004  Function: Agentur Polen  Company: BizWebStudio  Department: [ADDRESS]-[ADDRESS]  ZIP: [ADDRESS]  City: [ADDRESS]  Country: [ADDRESS]  Location:[LOCATION] Office:   Expiration date: Jun 29 2019 11:00PM     Important: Please indicate in EA14 that it is an external user.     Requestor: [NAME]. [USERNAME] ([COMPANY]. [LOCATION])     Desired date: Dec 17 2018 12:00AM     Additional information:,General Query,Medium,light user external ticket username wojciechservice request light user external create light user username wojciech firstname lastname ailaddress email phone phone cost center function agentur polen company bizwebstudio department address address zip address city address country address location location office expiration date jun important indicate external user requestor username company location desired date dec additional information
[TICKET ID] - New Support Ticket received  - [NAME] OUTLOOK [NAME] | URGENTE,Technical Issue,High,ticket new support ticket received outlook urgente
[TICKET ID] - A Support Ticket was forwarded to you  - Security Tools Aktualisierung und Entfernung der Festplatten Verschlüsselung auf den Systemen [SERVER],General Query,Medium,ticket support ticket forwarded security tools aktualisierung und entfernung der festplatten verschl sselung auf den systemen server
Instalacao Impressora Na Rede,Technical Issue,Medium,instalacao impressora rede
[TICKET ID] - New Support Ticket received  - enviar e_mail,Technical Issue,Medium,ticket new support ticket received enviar mail
[TICKET ID] - New Support Ticket received  - Error en correo,Technical Issue,Medium,ticket new support ticket received error correo
[TICKET ID] - New information received on closed ticket  - Name on desk phone,General Query,Medium,ticket new information received closed ticket desk phone
[TICKET ID] - New Support Ticket received  -[LOCATION]program,Technical Issue,Medium,ticket new support ticket received location program
Create Shared Mailbox - [EMAIL] - AR-[COMPANY],General Query,Medium,create shared mailbox email company
[TICKET ID] - A Support Ticket was forwarded to your role  - Não consigo abrir um site,General Query,Medium,ticket support ticket forwarded role consigo abrir site
File Share Access - [TICKET ID] - [NAME] ([COMPANY]. [LOCATION])Service Request: File Share Access     Grant access to file share for the following user:  [USERNAME]. Patrice ([COMPANY]. [LOCATION]) (Username: [USERNAME])  Access Type: (RW) Read / Write  File Share:      J:/CE-STA/      please create the folder if it does not yet exist and give R/W access for this and all subfolders.        Requestor: [NAME] ([COMPANY]. [LOCATION])  Comment:,Technical Issue,Medium,file share access ticket company location service request file share access grant access file share following user username patrice company location username username access type read write file share sta create folder does exist access subfolders requestor company location comment
Alterações em lista e-mail,General Query,Medium,altera lista mail
create[LOCATION]entry [SERVER]m.[COMPANY]up.ads.dir A [IP_ADDRESS]create[LOCATION]entry [SERVER]m.[COMPANY]up.ads.dir A [IP_ADDRESS],General Query,Medium,create location entry server company ads dir address create location entry server company ads dir address
Initiated by [COMPANY][LOCATION]- Missing Windows Updates on [LOCATION]-MON01,Technical Issue,Medium,initiated company location missing windows updates location mon
Basis User - [TICKET ID] - Rodrigues [NAME].[NAME]([COMPANY]. [LOCATION])Service Request: Basis User     Create Windows account for internal user  Rodrigues [NAME].[NAME]([COMPANY]. [LOCATION])     Firstname:  [NAME]  Lastname:  [NAME]  Cost Center:  44288  Company:  [COMPANY] S.A.  Department:  [COMPANY]_MA-LOG  Street:  [ADDRESS].  ZIP: [LOCATION][ADDRESS]  City:  [ADDRESS]  Country:  [ADDRESS]  Office:       Important: Please set the EA10 to the following value: 11589 (leave blank. when empty)  Please create Exchange and Skype account.  The user needs at least the following access permissions:  Access to [SOFTWARE] ([SERVER])  Requestor:  [NAME] ([COMPANY]. [LOCATION])     Desired date:  Jan 23 2019  3:00AM     Additional information:,General Query,Medium,basis user ticket rodrigues company location service request basis user create windows account internal user rodrigues company location firstname lastname cost center company company department company log street address zip location address city address country address office important set following value leave blank create exchange skype account user needs following access permissions access software server requestor company location desired date jan additional information
Light User for external - [TICKET ID] - [NAME]. [NAME]Service Request: Light User for external  Create Light user for [NAME]. [NAME]     Firstname: [NAME]  Lastname: [NAME]ailaddress: [EMAIL]  Phone: [PHONE]  Cost Center: 47037  Function: [COMPANY][LOCATION]consultant for FI/CO  Company: [COMPANY] do [ADDRESS] Ltda.  Department: GIT-[ADDRESS]  ZIP: [ADDRESS]  City: [ADDRESS]  Country: [ADDRESS]  Location:[LOCATION] Office:   Expiration date: Not defined     Important: Please indicate in EA14 that it is an external user.     Requestor: [NAME] ([COMPANY]. [LOCATION])     Desired date: Dec 16 2018 12:00AM     Additional information:  New[LOCATION]Consultant [NAME] [NAME]. She will work together with [NAME] da Costa in [ADDRESS].,General Query,Medium,light user external ticket service request light user external create light user firstname lastname ailaddress email phone phone cost center function company location consultant company company address ltda department git address zip address city address country address location location office expiration date defined important indicate external user requestor company location desired date dec additional information new location consultant work costa address
[TICKET ID] - New Support Ticket received  - acesso,Account,Medium,ticket new support ticket received acesso
Light User for external - [TICKET ID] - [NAME]Service Request: Light User for external  Create Light user for [USERNAME]     Firstname: [NAME]  Lastname: [NAME]ailaddress: [EMAIL]  Phone: [PHONE]  Cost Center: 32151  Function: Projektingenieur  Company: [COMPANY] Einsteinstr. 8. [ADDRESS]  Department: SB-[ADDRESS]  ZIP: [ADDRESS]  City: [ADDRESS]  Country: Germany  Location:[LOCATION] Office:   Expiration date: Not defined     Important: Please indicate in EA14 that it is an external user.     Requestor: [NAME] ([COMPANY]. [LOCATION])     Desired date: Jan  7 2019 12:00AM     Additional information:,General Query,Medium,light user external ticket service request light user external create light user username firstname lastname ailaddress email phone phone cost center function projektingenieur company company einsteinstr address department address zip address city address country germany location location office expiration date defined important indicate external user requestor company location desired date jan additional information
 Site[LOCATION]não abre a vários dias - utilizando a ferramenta com o roteador do celularA vários dias a ferramenta da[LOCATION]não carrega em nenhum provedor - nem Chrome nem o Explorer.    Suporte da feramenta acionado e foi identificada lentidão ou demora de resposta no acesso da internet da [COMPANY].    Já estamos a mais de uma semana com o problema.    Para usar a ferramenta tenho que utilizar o celular corporativo como roteador. porém fico sem acesso do email e outras informações de rede quando faço isso.    Solicitamos reparo no serviço de internet do escritório.,General Query,Medium,site location abre rios dias utilizando ferramenta com roteador celulara rios dias ferramenta location carrega nenhum provedor nem chrome nem explorer suporte feramenta acionado foi identificada lentid demora resposta acesso internet company estamos mais uma semana com problema para usar ferramenta tenho que utilizar celular corporativo como roteador por fico sem acesso email outras informa rede quando isso solicitamos reparo servi internet escrit rio
File Share Access - [TICKET ID] - [USERNAME]. [NAME] ([COMPANY]. [LOCATION])Service Request: File Share Access     Grant access to file share for the following user:  [USERNAME]. [NAME] ([COMPANY]. [LOCATION]) (Username: [USERNAME])  Access Type: (RW) Read / Write  File Share:    Groups (J:/)     J:/CH-MAP   J:/CH-MAZ   J:/CH-ZRST   J:/CH-ÖFZ   J:/CH-ChZugang           Requestor: [NAME] ([COMPANY]. [LOCATION])  Comment:  Standort:[LOCATION]Container[LOCATION]1OG Raum11,Technical Issue,Medium,file share access ticket username company location service request file share access grant access file share following user username company location username username access type read write file share groups map maz zrst chzugang requestor company location comment standort location container location raum
[TICKET ID] - New Support Ticket received  - Setup BB on mobile phone.,General Query,Medium,ticket new support ticket received setup mobile phone
[TICKET ID] - New Support Ticket received  - R Drive Permission,Technical Issue,Medium,ticket new support ticket received drive permission
[TICKET ID] - New Support Ticket received  - Update Rstudio,Technical Issue,Medium,ticket new support ticket received update rstudio
File Share Access - [TICKET ID] - [NAME] ([COMPANY]. [LOCATION])Service Request: File Share Access     Grant access to file share for the following user:  [NAME] ([COMPANY]. [LOCATION]) (Username: [USERNAME])  Access Type: (RW) Read / Write  File Share:  J:/CDC-C     Requestor: [NAME] ([COMPANY]. [LOCATION])  Comment:  Frau [USERNAME] wird ab 7. Januar im Raum 2.36 ([ID] Flügel 4) als Azubi tätig werden. Entstehende Kosten zu Lasten 47006.,Technical Issue,Medium,file share access ticket company location service request file share access grant access file share following user company location username username access type read write file share cdc requestor company location comment frau username wird januar raum gel als azubi tig werden entstehende kosten lasten
[TICKET ID] - A Support Ticket was forwarded to your role  - Kein Zugriff mehr auf [COMPANY] Intranet. (OKTA-APP nicht zugewiesen),Technical Issue,Medium,ticket support ticket forwarded role kein zugriff mehr auf company intranet okta app nicht zugewiesen
[TICKET ID] - New Support Ticket received  - Light User for external - [TICKET ID] - Everding. Florian,General Query,Medium,ticket new support ticket received light user external ticket everding florian
[TICKET ID] - A Support Ticket was forwarded to your role  - Instalação Impressora,Technical Issue,Medium,ticket support ticket forwarded role instala impressora
[TICKET ID] - New Support Ticket received  - New account,Account,Medium,ticket new support ticket received new account
[TICKET ID] - New Support Ticket received  - Celular sin mails,General Query,Medium,ticket new support ticket received celular sin mails
[TICKET ID] - New Support Ticket received  - Light User for external - [USERNAME] - [NAME],General Query,Medium,ticket new support ticket received light user external username
Light User for external - [TICKET ID] - [NAME] Service Request: Light User for external  Create Light user for [NAME]     Firstname: [NAME]  Lastname: [NAME]ailaddress: [EMAIL]  Phone: [PHONE]  Cost Center: 47054  Function: IT Support  Company: [COMPANY] IT Services GmbH  Department: GIT-[ADDRESS]  ZIP: [ADDRESS]  City: [ADDRESS]  Country: [ADDRESS]  Location:[LOCATION] Office:   Expiration date: Feb  1 2020 12:00AM     Important: Please indicate in EA14 that it is an external user.     Requestor: [NAME] ([COMPANY]. [LOCATION])     Desired date: Feb  1 2019 12:00AM     Additional information:  Bitte den User als admuser im [COMPANY] AD anlegen. Vielen Dank!,General Query,Medium,light user external ticket service request light user external create light user firstname lastname ailaddress email phone phone cost center function support company company services gmbh department git address zip address city address country address location location office expiration date feb important indicate external user requestor company location desired date feb additional information bitte den user als admuser company anlegen vielen dank
[TICKET ID] - New Support Ticket received  - [LightHouse] [SERVER] Updates,General Query,Medium,ticket new support ticket received lighthouse server updates
[TICKET ID] - New Support Ticket received  - Reparos Telefone - A/C[LOCATION]FERRARI,General Query,Medium,ticket new support ticket received reparos telefone location ferrari
Cancelamento Usuário e Acessos [NAME]Por gentileza cancelar o usuário da [NAME] e criar o aliás no e-mail para [NAME] (segue anexo autorização).  Obrigada!,Account,Medium,cancelamento usu rio acessos por gentileza cancelar usu rio criar ali mail para segue anexo autoriza obrigada
[TICKET ID] - New Support Ticket received  - Instalação Parallels,Technical Issue,Medium,ticket new support ticket received instala parallels
Basis User - [TICKET ID] - [NAME] ([COMPANY]. [LOCATION])Service Request: Basis User     Create Windows account for internal user  [USERNAME] ([COMPANY]. [LOCATION])     Firstname:  [NAME]  Lastname:  [NAME]  Cost Center:  22006  Company:  [COMPANY] SE  Department:  RD-[ADDRESS]  ZIP:  [ADDRESS]  City:  [ADDRESS]  Country:  [ADDRESS]  Office:       Important: Please set the EA10 to the following value: 13747 (leave blank. when empty)  Please create Exchange and Skype account.  The user needs at least the following access permissions:  (RW) H:/%username%  (RO) J:/Auftrag  (RW) J:/Info  (RW) J:/Transfer  (RO) J:/Vorlagen  Access to [COMPANY] intranet  Access to [SOFTWARE] ([SERVER])  Requestor: [NAME] ([COMPANY]. [LOCATION])     Desired date:  Feb 11 2019 12:00AM     Additional information:,General Query,Medium,basis user ticket company location service request basis user create windows account internal user username company location firstname lastname cost center company company department address zip address city address country address office important set following value leave blank create exchange skype account user needs following access permissions username auftrag info transfer vorlagen access company intranet access software server requestor company location desired date feb additional information
Basis User - [TICKET ID] - [NAME] ([COMPANY]. [LOCATION])Service Request: Basis User     Create Windows account for internal user  [NAME] ([COMPANY]. [LOCATION])     Firstname:  [NAME]  Lastname:  [NAME]  Cost Center:  79099  Company:  Kenfeng. [COMPANY] Seed Co.[LOCATION] Department:  [ADDRESS]  Street:    ZIP:    City:    Country:    Office: [LOCATION]    Important: Please set the EA10 to the following value: [EMAIL] (leave blank. when empty)  Please create Exchange and Skype account.  The user needs at least the following access permissions:  Access to [SOFTWARE] ([SERVER])  Requestor:  [NAME] ([COMPANY]. [LOCATION])     Desired date:  Jan 21 2019  5:00PM     Additional information:   Dear colleagues:  Create account please for new JV internal employee.  He is belong to [LOCATION]. His mailbox include @[EMAIL] and @[EMAIL] Thank you  First Name: [NAME]  Last Name: [NAME]  Gender: Male  Telephone:[PHONE]  Place: [ADDRESS]  ZIP: [ADDRESS]  Country: China  Company: KENFENG-[COMPANY][LOCATION]CO.. LTD.  Department : Production  Function: Production Manager,General Query,High,basis user ticket company location service request basis user create windows account internal user company location firstname lastname cost center company kenfeng company seed location department address street zip city country office location important set following value email leave blank create exchange skype account user needs following access permissions access software server requestor company location desired date jan additional information dear colleagues create account new internal employee belong location mailbox include email email thank gender male telephone phone place address zip address country china company kenfeng company location department production function production manager
reserva DHCPPoderia fazer uma reserva no DHCP? [LOCATION][MAC_ADDRESS]  é uma impressora.,General Query,Medium,reserva dhcppoderia fazer uma reserva dhcp location mac address uma impressora
File Share Access - [TICKET ID] - [USERNAME]. Alissa ([COMPANY]. [LOCATION])Service Request: File Share Access     Grant access to file share for the following user:  [USERNAME]. Alissa ([COMPANY]. [LOCATION]) (Username: [USERNAME])  Access Type: (RO) Read only  File Share:      j:/PDW/TargetDB/       Normal   0               false   false   false      DE   EN-US   AR-SA                                             MicrosoftInternetExplorer4                                                                                                                                                                                                                                                                                                                                                                                                                                                                                                                                                                                                                                                                                                                                                                                                                                                                                                                                                                                                                                                                                                                                                                                                                                      Requestor: [NAME] ([COMPANY]. [LOCATION])  Comment:,Technical Issue,Medium,file share access ticket username alissa company location service request file share access grant access file share following user username alissa company location username username access type read file share pdw targetdb normal false false false microsoftinternetexplorer requestor company location comment
[TICKET ID] - New Support Ticket received  - Okta Verify Reset,Technical Issue,Medium,ticket new support ticket received okta verify reset
File Share Access - [TICKET ID] - [USERNAME]. Maike ([COMPANY]. [LOCATION])Service Request: File Share Access     Grant access to file share for the following user:  [NAME] ([COMPANY]. [LOCATION]) (Username: [USERNAME])  Access Type: (RW) Read / Write  File Share:    Bitte für Frau [NAME]-Weiss den Vollzugriff auf J:/[SERVER] einrichten.   Danke.       Requestor: [NAME] ([COMPANY]. [LOCATION])  Comment:,Technical Issue,Medium,file share access ticket username maike company location service request file share access grant access file share following user company location username username access type read write file share bitte frau weiss den vollzugriff auf server einrichten danke requestor company location comment
[TICKET ID] - New Support Ticket received  - One Drive constantly asks me to sign in again. blocking access to the documents Im working on.,Technical Issue,Medium,ticket new support ticket received drive constantly asks sign blocking access documents working
[TICKET ID] - New Support Ticket received  - New installation of Blackberry work apps,General Query,Medium,ticket new support ticket received new installation blackberry work apps
Basis User - [TICKET ID] - [USERNAME]. Pauline ([COMPANY]. [LOCATION])Service Request: Basis User     Create Windows account for internal user  [USERNAME] ([COMPANY]. [LOCATION])     Firstname:  [NAME]  Lastname:  [NAME]  Cost Center:  44257  Company:  [COMPANY] France S.A.R.L.  Department:  [COMPANY]_SB-P  Street:  n/a  ZIP:  [ADDRESS]  City:  [ADDRESS]  Country:    Office:       Important: Please set the EA10 to the following value: 11966 (leave blank. when empty)  Please create Exchange and Skype account.  The user needs at least the following access permissions:  Access to [SOFTWARE] ([SERVER])  Requestor:  [NAME] ([COMPANY]. [LOCATION])     Desired date:  Jan  7 2019 12:00AM     Additional information:,General Query,Medium,basis user ticket username pauline company location service request basis user create windows account internal user username company location firstname lastname cost center company company france department company street zip address city address country office important set following value leave blank create exchange skype account user needs following access permissions access software server requestor company location desired date jan additional information
File Share Access - [TICKET ID] - [NAME]. [NAME] ([COMPANY]. [LOCATION])Service Request: File Share Access     Grant access to file share for the following user:  [NAME]. [NAME] ([COMPANY]. [LOCATION]) (Username: [USERNAME])  Access Type: (RW) Read / Write  File Share:  J:[COMPANY]-TC     Requestor: [NAME] ([COMPANY]. [LOCATION])  Comment:,Technical Issue,Medium,file share access ticket company location service request file share access grant access file share following user company location username username access type read write file share company requestor company location comment
[TICKET ID] - New Support Ticket received  - no accede a el mail,Technical Issue,Medium,ticket new support ticket received accede mail
[TICKET ID] - A Support Ticket was forwarded to your role  - NTT-Ticket: [SERVER] Alert for cpe0013940 ([LOCATION]_ManuelOcampo) (Ping) -[LOCATION]Monitor [LOCATION]_ManuelOcampo [COMPANY] SE,General Query,Medium,ticket support ticket forwarded role ntt ticket server alert cpe location manuelocampo ping location monitor location manuelocampo company
[TICKET ID] - New Support Ticket received  - desk phone not working properly for calls to and from [ADDRESS] office,General Query,Medium,ticket new support ticket received desk phone working properly calls address office
[TICKET ID] - New Support Ticket received  - Outlook Calendar not viewable,Technical Issue,Medium,ticket new support ticket received outlook calendar viewable
[TICKET ID] - New Support Ticket received  - Cadastrar usuário + compra de equipamento -[LOCATION]13494 - [NAME],Account,Medium,ticket new support ticket received cadastrar usu rio compra equipamento location
[TICKET ID] - New information received on closed ticket  - Initiated by [COMPANY][LOCATION]- Vulnerable[LOCATION]on [SERVER],General Query,Medium,ticket new information received closed ticket initiated company location vulnerable location server
[TICKET ID] - Configure Windows account and additional services for [NAME] ([COMPANY]; [LOCATION]) (Order Request ID [TICKET ID]),Account,Medium,ticket configure windows account additional services company location order request ticket
Basis User - [TICKET ID] - [USERNAME] ([COMPANY]. [LOCATION])Service Request: Basis User     Create Windows account for internal user  [USERNAME] ([COMPANY]. [LOCATION])     Firstname:  [NAME]  Lastname:  [NAME]  Cost Center:  174417  Company:  [COMPANY] Berlin GmbH  Department:  GFP-[ADDRESS]  ZIP:  [ADDRESS]  City:  [ADDRESS]  Country:  Germany  Office: [LOCATION]    Important: Please set the EA10 to the following value: 13563 (leave blank. when empty)  Please create Exchange and Skype account.  The user needs at least the following access permissions:  (RW) H:/%username%  (RO) J:/Auftrag  (RW) J:/Info  (RW) J:/Transfer  (RO) J:/Vorlagen  Access to [COMPANY] intranet  Access to [SOFTWARE] ([SERVER])  Requestor:  [NAME] ([COMPANY]. [LOCATION])     Desired date:  Jan  1 2019 12:00AM     Additional information:   Liebes [COMPANY]-Team.   Laptop. Bildschirm. Tastatur. Telefon. Headset bitte aus Gerätepool Berlin. falls vorhanden  Tastatur und Laptop bitte englische Tastatur   Danke,General Query,Medium,basis user ticket username company location service request basis user create windows account internal user username company location firstname lastname cost center company company berlin gmbh department gfp address zip address city address country germany office location important set following value leave blank create exchange skype account user needs following access permissions username auftrag info transfer vorlagen access company intranet access software server requestor company location desired date jan additional information liebes company team laptop bildschirm tastatur telefon headset bitte aus ger tepool berlin falls vorhanden tastatur und laptop bitte englische tastatur danke
File Share Access - [TICKET ID] - Herbst. [NAME] ([COMPANY]. [LOCATION])Service Request: File Share Access     Grant access to file share for the following user:  [NAME] ([COMPANY]. [LOCATION]) (Username: [USERNAME])  Access Type: (RW) Read / Write  File Share:    Bitte geben Sie Zugriff auf den Server [URL].    Ich muss Aktualisierungen von Vorlagen durchführen.    Der Zugriff eilt und wird dringend (!) benötigt.       Requestor: [NAME] ([COMPANY]. [LOCATION])  Comment:,Technical Issue,Medium,file share access ticket herbst company location service request file share access grant access file share following user company location username username access type read write file share bitte geben sie zugriff auf den server url ich muss aktualisierungen von vorlagen durchf hren der zugriff eilt und wird dringend ben tigt requestor company location comment
File Share Access - [TICKET ID] - [NAME] ([COMPANY]. [LOCATION])Service Request: File Share Access     Grant access to file share for the following user:  [NAME] ([COMPANY]. [LOCATION]) (Username: )  Access Type: (RO) Read only  File Share:  J:/KALENDER  J:/Prüfprotokolle  J:/Thermographie     Requestor: [NAME] ([COMPANY]. [LOCATION])  Comment:,Technical Issue,Medium,file share access ticket company location service request file share access grant access file share following user company location username access type read file share kalender fprotokolle thermographie requestor company location comment
Acesso Pastas do Servidor,Technical Issue,Medium,acesso pastas servidor
[TICKET ID] - New Support Ticket received  - Skype.,Technical Issue,Medium,ticket new support ticket received skype
File Share Access - [TICKET ID] - [USERNAME]. [NAME] ([COMPANY]. [LOCATION])Service Request: File Share Access     Grant access to file share for the following user:  [USERNAME]. [NAME] ([COMPANY]. [LOCATION]) (Username: [USERNAME])  Access Type: (RO) Read only  File Share:   J:/FAQ BTR_HR     Requestor: [NAME] ([COMPANY]. [LOCATION])  Comment:,Technical Issue,Medium,file share access ticket username company location service request file share access grant access file share following user username company location username username access type read file share faq btr requestor company location comment
Light User for external - [TICKET ID] - [NAME]Service Request: Light User for external  Create Light user for [NAME]    Firstname: [NAME]  Lastname: [NAME]ailaddress: [EMAIL]  Phone: [PHONE]  Cost Center: 47050  Function:[LOCATION]Consultant WM  Company: BA Busness Advice GmbH  Department: GIT-[ADDRESS]  ZIP: [ADDRESS]  City: [ADDRESS]  Country: [ADDRESS]  Location:[LOCATION] Office:   Expiration date: Dec 31 2020 12:00AM     Important: Please indicate in EA14 that it is an external user.     Requestor: [NAME] ([COMPANY]. [LOCATION])     Desired date: Jan 14 2019 12:00AM     Additional information:,General Query,Medium,light user external ticket service request light user external create light user firstname lastname ailaddress email phone phone cost center function location consultant company busness advice gmbh department git address zip address city address country address location location office expiration date dec important indicate external user requestor company location desired date jan additional information
[TICKET ID] - New Support Ticket received  - Conexão Internet [COMPANY],General Query,Medium,ticket new support ticket received conex internet company
[TICKET ID] - New Support Ticket received  - Roaming Internacional,General Query,Medium,ticket new support ticket received roaming internacional
[TICKET ID] - New Support Ticket received  - Certificado [NAME],Technical Issue,Medium,ticket new support ticket received certificado
[TICKET ID] - New Support Ticket received  - unlock my personal external[LOCATION]drive,Technical Issue,Medium,ticket new support ticket received unlock personal external location drive
[TICKET ID] - New Support Ticket received  - [NAME] não consegue acessar seu computador,Account,Medium,ticket new support ticket received consegue acessar seu computador
[TICKET ID] - New Support Ticket received  - File Share Access - [TICKET ID] - [NAME]. Okan ([COMPANY]. [LOCATION]),Technical Issue,Medium,ticket new support ticket received file share access ticket okan company location
Acessos[LOCATION]para time TI [ADDRESS] America,Account,Medium,acessos location para time address america
Basis User - [TICKET ID] - [NAME] ([COMPANY]. [LOCATION])Service Request: Basis User     Create Windows account for internal user  [NAME] ([COMPANY]. [LOCATION])     Firstname:  [NAME]  Lastname:  [NAME]  Cost Center:  44278  Company:  [COMPANY] Momont Recherche  Department:  [COMPANY]_BR-[ADDRESS]  City:  [ADDRESS]-Pévèle  Country:    Office:       Important: Please set the EA10 to the following value: 13005 (leave blank. when empty)  Please create Exchange and Skype account.  The user needs at least the following access permissions:  Access to [SOFTWARE] ([SERVER])  Requestor: [NAME] ([COMPANY]. [LOCATION])     Desired date:  Dec 17 2018 12:00AM     Additional information:,General Query,Medium,basis user ticket company location service request basis user create windows account internal user company location firstname lastname cost center company company momont recherche department company address city address country office important set following value leave blank create exchange skype account user needs following access permissions access software server requestor company location desired date dec additional information
[TICKET ID] - New Support Ticket received  - Create user. corporate access and email account for new employee [USERNAME].[LOCATION]ID n° 13413,Account,Medium,ticket new support ticket received create user corporate access email account new employee username location
[TICKET ID] - New Support Ticket received  - Skype and OneNote issue,Technical Issue,Medium,ticket new support ticket received skype onenote issue
[TICKET ID] - A Support Ticket was forwarded to your role  - Leaving Employee - [TICKET ID] - [ADDRESS]. [NAME] ([COMPANY]. [LOCATION]),General Query,Medium,ticket support ticket forwarded role leaving employee ticket address company location
File Share Access - [TICKET ID] - [NAME] ([COMPANY]. [LOCATION])Service Request: File Share Access     Grant access to file share for the following user:  [NAME] ([COMPANY]. [LOCATION]) (Username: [USERNAME])  Access Type: (RW) Read / Write  File Share:      Guten morgen zusammen.        könnten Sie mir bitte den Zugriff auf folgende Ordner einrichten?:            J:/HR_[SERVER]  J:/HR_[SERVER]  J:/HR_FRM-WBH  J:/PW-INSBB    Vielen dank im Voraus.                Normal   0         21         false   false   false      DE   X-NONE   X-NONE                                             MicrosoftInternetExplorer4                                                                                                                                                                                                                                                                                                                                                                                                                                                                                                                                                                                                                                                                                                                                                                                                                                                                                                                                                                                                                                                                                                                                                                                                                                      Requestor: [NAME] ([COMPANY]. [LOCATION])  Comment:,Technical Issue,Medium,file share access ticket company location service request file share access grant access file share following user company location username username access type read write file share guten morgen zusammen nnten sie mir bitte den zugriff auf folgende ordner einrichten server server frm wbh insbb vielen dank voraus normal false false false microsoftinternetexplorer requestor company location comment
File Share Access - [TICKET ID] - [NAME] ([COMPANY]. [LOCATION])Service Request: File Share Access     Grant access to file share for the following user:  [NAME] ([COMPANY]. [LOCATION]) (Username: [USERNAME])  Access Type: (RW) Read / Write  File Share:    Bitte Zugriff auf Laufwerk J:/ auf folgende Ordner einrichten:   Scan-Funktion auf Kopierer   Zugriff auf das Programm Zedal einrichten. Hat Herr Märting auch auf seinen PC:    [SERVER]   TOM_DOKU       Requestor: [NAME] ([COMPANY]. [LOCATION])  Comment:,Technical Issue,Medium,file share access ticket company location service request file share access grant access file share following user company location username username access type read write file share bitte zugriff auf laufwerk auf folgende ordner einrichten scan funktion auf kopierer zugriff auf das programm zedal einrichten hat herr rting auch auf seinen server tom doku requestor company location comment
File Share Access - [TICKET ID] - [USERNAME]. ([COMPANY]. [LOCATION])Service Request: File Share Access     Grant access to file share for the following user:  [USERNAME]. ([COMPANY]. [LOCATION]) (Username: [USERNAME])  Access Type: (RW) Read / Write  File Share:  j:/stundenbuecher     Requestor: [NAME] ([COMPANY]. [LOCATION])  Comment:,Technical Issue,Medium,file share access ticket username company location service request file share access grant access file share following user username company location username username access type read write file share stundenbuecher requestor company location comment
[TICKET ID] - New Support Ticket received  - Software Installation,Technical Issue,Medium,ticket new support ticket received software installation
[TICKET ID] - [SERVER][LOCATION]- Emergency Maintenance - 2018-8-31. 02:00[LOCATION]| cpe0004630 ([LOCATION]_Balcarce) | cpe0007405 ([LOCATION]_SaoPaulo) | cpe0008460 ([LOCATION]_PatosDeMinas) [COMPANY] SE. Rückmeldungen erforderlich.,General Query,Medium,ticket server location emergency maintenance location cpe location balcarce cpe location saopaulo cpe location patosdeminas company ckmeldungen erforderlich
File Share Access - [TICKET ID] - [NAME] ([COMPANY]. [LOCATION])Service Request: File Share Access     Grant access to file share for the following user:  [NAME] ([COMPANY]. [LOCATION]) (Username: [USERNAME])  Access Type: (RW) Read / Write  File Share:              J:/E-CAD       Requestor: [NAME] ([COMPANY]. [LOCATION])  Comment:  Sehr geehrte Damen und Herrn.  ich benötige den Zugriff für den Ordner E-CAD der sich auf dem Laufwerk J befindet.  Vielen Dank [NAME] [NAME],Technical Issue,Medium,file share access ticket company location service request file share access grant access file share following user company location username username access type read write file share cad requestor company location comment sehr geehrte damen und herrn ich ben tige den zugriff den ordner cad der sich auf dem laufwerk befindet vielen dank
File Share Access - [TICKET ID] - [USERNAME]. Manfred ([COMPANY]. [LOCATION])Service Request: File Share Access     Grant access to file share for the following user:  [USERNAME]. Manfred ([COMPANY]. [LOCATION]) (Username: [USERNAME])  Access Type: (RW) Read / Write  File Share:    Bitte für unseren Auszubildenden [NAME]    [SERVER]   Zugriff auf das Laufwerk J:/ECAD   einrichten !       Requestor: [NAME] ([COMPANY]. [LOCATION])  Comment:,Technical Issue,Medium,file share access ticket username manfred company location service request file share access grant access file share following user username manfred company location username username access type read write file share bitte unseren auszubildenden server zugriff auf das laufwerk ecad einrichten requestor company location comment
[TICKET ID] - New Support Ticket received  -  [NAME] ao acessar o Neoagro,Technical Issue,Medium,ticket new support ticket received acessar neoagro
[TICKET ID] - New Support Ticket received  - Banco do Brasil não entra. gerente pediu para formatar,Technical Issue,Medium,ticket new support ticket received banco brasil entra gerente pediu para formatar
[TICKET ID] - New Support Ticket received  - Problemas con la impresora de etiquetas,Technical Issue,Medium,ticket new support ticket received problemas impresora etiquetas
[TICKET ID] - A Support Ticket was forwarded to your role  - Remove attachements from E-Mails from external,Technical Issue,Medium,ticket support ticket forwarded role remove attachements mails external
Basis User - [TICKET ID] -Service Request: Basis User     Create Windows account for internal user       Firstname:  [NAME]  Lastname:  [NAME]  Cost Center:  44251  Company:  [COMPANY]  Department:  [COMPANY]OP  Street:  [ADDRESS]  ZIP:  [ADDRESS]  City:  [ADDRESS]  Country:  [ADDRESS]  Office:       Important: Please set the EA10 to the following value: [EMAIL] (leave blank. when empty)  Please create Exchange and Skype account.  The user needs at least the following access permissions:  Access to [SOFTWARE] ([SERVER])  Requestor:  [NAME] ([COMPANY]. [LOCATION])     Desired date:  Sep 19 2018  7:00AM     Additional information:   Please setup[LOCATION]user starts today.  Old ticket [TICKET ID].,Account,Medium,basis user ticket service request basis user create windows account internal user firstname lastname cost center company company department company street address zip address city address country address office important set following value email leave blank create exchange skype account user needs following access permissions access software server requestor company location desired date sep additional information setup location user starts today old ticket ticket
[TICKET ID] - New Support Ticket received  -[LOCATION]Phone Work App Crashing. Request new Certificate,General Query,Medium,ticket new support ticket received location phone work app crashing request new certificate
[TICKET ID] - New Support Ticket received  - Telefone está mudo,General Query,Medium,ticket new support ticket received telefone est mudo
[TICKET ID] - Reminder of paused Support Ticket  - Initiated by [COMPANY][LOCATION]- Vulnerable[LOCATION]on [SERVER],General Query,Medium,ticket reminder paused support ticket initiated company location vulnerable location server
[TICKET ID] - A Support Ticket was forwarded to you  - Ingreso a J desde notebook,Technical Issue,Medium,ticket support ticket forwarded ingreso desde notebook
[TICKET ID] - New Support Ticket received  - Install new printer driver,Technical Issue,Medium,ticket new support ticket received install new printer driver
[TICKET ID] - New Support Ticket received  - santiago [NAME] no puede ingresar a office 365,Technical Issue,Medium,ticket new support ticket received santiago puede ingresar office
Light User for external - [TICKET ID] - [NAME]. SatishService Request: Light User for external  Create Light user for [USERNAME]     Firstname: [NAME]  Lastname: [NAME]ailaddress: [EMAIL]  Phone: [PHONE]  Cost Center: 47046  Function: [COMPANY][LOCATION]consultant in service desk (dispatching)  Company: [COMPANY][LOCATION]India Private Limited  Department: GIT-EST  [ADDRESS]  ZIP: [ADDRESS]  City: [ADDRESS]  Country: [ADDRESS]  Location:[LOCATION] Office:   Expiration date: Not defined     Important: Please indicate in EA14 that it is an external user.     Requestor: [NAME] ([COMPANY]. [LOCATION])     Desired date: Jan 10 2019 12:00AM     Additional information:  3 new [COMPANY] service desk consultants replacing present service desk consultants [NAME] and [NAME] who will move to security[LOCATION]team. as they have upgraded their skill sets and they can help existing team.  Approver = [NAME],General Query,Medium,light user external ticket satishservice request light user external create light user username firstname lastname ailaddress email phone phone cost center function company location consultant service desk dispatching company company location india private limited department git est address zip address city address country address location location office expiration date defined important indicate external user requestor company location desired date jan additional information new company service desk consultants replacing present service desk consultants security location team upgraded skill sets help existing team approver
[TICKET ID] - New Support Ticket received  - trouble connecting to network printer,Technical Issue,Medium,ticket new support ticket received trouble connecting network printer
[TICKET ID] - New Support Ticket received  - Basis User - [USERNAME] - [USERNAME]. Birgit ([COMPANY]. [LOCATION]),General Query,Medium,ticket new support ticket received basis user username username birgit company location
[TICKET ID] - New Support Ticket received  - BitLocker lockout notice - [NAME],Technical Issue,Medium,ticket new support ticket received bitlocker lockout notice
Basis User - [TICKET ID] - [NAME] ([COMPANY]. [LOCATION])Service Request: Basis User     Create Windows account for internal user  [NAME] ([COMPANY]. [LOCATION])     Firstname:  [NAME]  Lastname:  Skidnova  Cost Center:  174439  Company:  [COMPANY] Berlin GmbH  Department:  GTC-[ADDRESS]  ZIP:  [ADDRESS]  City:  [ADDRESS]  Country:  Germany  Office:       Important: Please set the EA10 to the following value: 13615 (leave blank. when empty)  Please create Exchange and Skype account.  The user needs at least the following access permissions:  (RW) H:/%username%  (RO) J:/Auftrag  (RW) J:/Info  (RW) J:/Transfer  (RO) J:/Vorlagen  Access to [COMPANY] intranet  Access to [SOFTWARE] ([SERVER])  Requestor:  [NAME] ([COMPANY]. [LOCATION])     Desired date:  Jan 15 2019 12:00AM     Additional information:    [NAME] [COMPANY]-Team.   Laptop. Bildschirm. Tastatur. Telefon. Headset bitte aus Gerätepool Berlin. falls vorhanden  Tastatur und Laptop bitte englische Tastatur  danke,General Query,Medium,basis user ticket company location service request basis user create windows account internal user company location firstname lastname skidnova cost center company company berlin gmbh department gtc address zip address city address country germany office important set following value leave blank create exchange skype account user needs following access permissions username auftrag info transfer vorlagen access company intranet access software server requestor company location desired date jan additional information company team laptop bildschirm tastatur telefon headset bitte aus ger tepool berlin falls vorhanden tastatur und laptop bitte englische tastatur danke
[TICKET ID] - New Support Ticket received  - Cancelamento Usuário e Acessos [NAME],Account,Medium,ticket new support ticket received cancelamento usu rio acessos
Light User for external - [TICKET ID] - [USERNAME]. [NAME]Service Request: Light User for external  Create Light user for [USERNAME]. [NAME]     Firstname: [NAME]  Lastname: [NAME]ailaddress: [EMAIL]  Phone: [PHONE]  Cost Center: 47046  Function: [COMPANY][LOCATION]consultant in service desk (dispatching)  Company: [COMPANY][LOCATION]India Private Limited  Department: GIT-EST  [ADDRESS]: [ADDRESS]  ZIP: [ADDRESS]  City: [ADDRESS]  Country: [ADDRESS]  Location:[LOCATION] Office:   Expiration date: Not defined     Important: Please indicate in EA14 that it is an external user.     Requestor: [NAME] ([COMPANY]. [LOCATION])     Desired date: Jan 10 2019 12:00AM     Additional information:  3 new [COMPANY] service desk consultants replacing present service desk consultants [NAME] and [NAME] who will move to security[LOCATION]team. as they have upgraded their skill sets and they can help existing team.  Approver = Jens Schwetje,General Query,Medium,light user external ticket username service request light user external create light user username firstname lastname ailaddress email phone phone cost center function company location consultant service desk dispatching company company location india private limited department git est address address zip address city address country address location location office expiration date defined important indicate external user requestor company location desired date jan additional information new company service desk consultants replacing present service desk consultants security location team upgraded skill sets help existing team approver jens schwetje
Basis User - [TICKET ID] - [NAME] ([COMPANY]. [LOCATION])Service Request: Basis User     Create Windows account for internal user  [USERNAME]. [NAME] ([COMPANY]. [LOCATION])     Firstname:  [NAME]  Lastname:  [NAME]  Cost Center:  22010  Company:  [COMPANY] SE  Department:  BR-BS-[ADDRESS]  ZIP:  [ADDRESS]  City:  [ADDRESS]  Country:  [ADDRESS]  Office:       Important: Please set the EA10 to the following value: 13608 (leave blank. when empty)  Please create Exchange and Skype account.  The user needs at least the following access permissions:  (RW) H:/%username%  (RO) J:/Auftrag  (RW) J:/Info  (RW) J:/Transfer  (RO) J:/Vorlagen  Access to [COMPANY] intranet  Access to [SOFTWARE] ([SERVER])  Requestor:  [NAME] ([COMPANY]. [LOCATION])     Desired date:  Jan  9 2019 12:00AM     Additional information:,General Query,Medium,basis user ticket company location service request basis user create windows account internal user username company location firstname lastname cost center company company department address zip address city address country address office important set following value leave blank create exchange skype account user needs following access permissions username auftrag info transfer vorlagen access company intranet access software server requestor company location desired date jan additional information
[TICKET ID] - A Support Ticket was forwarded to you  - Skype not working in Several computers,Technical Issue,Medium,ticket support ticket forwarded skype working computers
[TICKET ID] - New Support Ticket received  - problemas ingreso a [NAME],Technical Issue,Medium,ticket new support ticket received problemas ingreso
File Share Access - [TICKET ID] -Service Request: File Share Access     Grant access to file share for the following user:   (Username: )  Access Type: (RW) Read / Write  File Share:    j:/MAZ-MATE   j:/MAZ-MB   j:/MBCALC   j:/MBDATA   j:/Transfer       Requestor: [NAME] ([COMPANY]. [LOCATION])  Comment:,Technical Issue,Medium,file share access ticket service request file share access grant access file share following user username access type read write file share maz mate maz mbcalc mbdata transfer requestor company location comment
[TICKET ID] - New Support Ticket received  - Skype for Business does not work,Technical Issue,Medium,ticket new support ticket received skype business does work
File Share Access - [TICKET ID] - Hass Neto. Carlos ([COMPANY]. [LOCATION])Service Request: File Share Access     Grant access to file share for the following user:  Hass Neto. Carlos ([COMPANY]. [LOCATION]) (Username: [USERNAME])  Access Type: (RW) Read / Write  File Share:      N:/[SERVER]/STA-PGRO        R/W including all subfolders.         Requestor: [NAME] ([COMPANY]. [LOCATION])  Comment:,Technical Issue,Medium,file share access ticket hass neto carlos company location service request file share access grant access file share following user hass neto carlos company location username username access type read write file share server sta pgro including subfolders requestor company location comment
Light User for external - [TICKET ID] - [NAME]. FelipeService Request: Light User for external  Create Light user for [NAME].      Firstname: [NAME]  Lastname: [NAME] Pinto  Mailaddress: [EMAIL]  Phone: [PHONE]  Cost Center: 47045  Function: [COMPANY][LOCATION]consultant for MM  Company: [COMPANY] do Brasil Ltda.  Department: GIT-ESC  [ADDRESS]  ZIP: [ADDRESS]  City: [ADDRESS]  Country: [ADDRESS]  Location:[LOCATION] Office:   Expiration date: Not defined     Important: Please indicate in EA14 that it is an external user.     Requestor: [NAME] ([COMPANY] [LOCATION])     Desired date: Dec 20 2018 12:00AM     Additional information:  New [COMPANY][LOCATION]consultant for [NAME],General Query,Medium,light user external ticket felipeservice request light user external create light user firstname lastname pinto mailaddress email phone phone cost center function company location consultant company company brasil ltda department git esc address zip address city address country address location location office expiration date defined important indicate external user requestor company location desired date dec additional information new company location consultant
File Share Access - [TICKET ID] - [NAME] ([COMPANY]. [LOCATION])Service Request: File Share Access     Grant access to file share for the following user:  [NAME] ([COMPANY]. [LOCATION]) (Username: )  Access Type: (RW) Read / Write  File Share:    J:/GE-SB   J:/MolTec   J:/Geldokumentation       Requestor: [NAME] ([COMPANY]. [LOCATION])  Comment:,Technical Issue,Medium,file share access ticket company location service request file share access grant access file share following user company location username access type read write file share moltec geldokumentation requestor company location comment
[TICKET ID] - New Support Ticket received  - Cannot print to new copier in KIM,Technical Issue,Medium,ticket new support ticket received print new copier kim
usu�rio��bloqueado,Account,Medium,usu rio bloqueado
[TICKET ID] - New Support Ticket received  - File Share Access - [TICKET ID] - [NAME]. [NAME] ([COMPANY]. [LOCATION]),Technical Issue,Medium,ticket new support ticket received file share access ticket company location
Light User for external - [TICKET ID] -  [NAME]Service Request: Light User for external  Create Light user for  [USERNAME]                       . [NAME]     Firstname: [NAME]  Lastname:  [NAME]                         Mailaddress: [EMAIL]                           Phone: [PHONE]                                              Cost Center: 32151  Function: Support  Company: ProLeiT [ADDRESS]. 8. [ADDRESS]  Department: SB-[ADDRESS]: [ADDRESS]  ZIP: [ADDRESS]  City: [ADDRESS]  Country: Germany  Location:[LOCATION] Office:   Expiration date: Not defined     Important: Please indicate in EA14 that it is an external user.     Requestor: [NAME] ([COMPANY]. [LOCATION])     Desired date: Jan  8 2019 12:00AM     Additional information:,General Query,Medium,light user external ticket service request light user external create light user username firstname lastname mailaddress email phone phone cost center function support company proleit address address department address address zip address city address country germany location location office expiration date defined important indicate external user requestor company location desired date jan additional information
File Share Access - [TICKET ID] - [USERNAME]. Felix (External. [LOCATION])Service Request: File Share Access     Grant access to file share for the following user:  [USERNAME]. Felix (External. [LOCATION]) (Username: [USERNAME])  Access Type: (RW) Read / Write  File Share:    J:/LTR;    J:/Projekte;    AD Gruppe Project_Manager_TP im[LOCATION]Projekt Management Portal TP       Requestor: [NAME] ([COMPANY]. [LOCATION])  Comment:,Technical Issue,Medium,file share access ticket username felix external location service request file share access grant access file share following user username felix external location username username access type read write file share ltr projekte gruppe project manager location projekt management portal requestor company location comment
[TICKET ID] - A Support Ticket was forwarded to you  - Problemas Outlook,Technical Issue,Medium,ticket support ticket forwarded problemas outlook
Light User for external - [TICKET ID] - [USERNAME]. [NAME]Service Request: Light User for external  Create Light user for [USERNAME]     Firstname: [NAME]  Lastname: [NAME]ailaddress: [EMAIL]  Phone: [PHONE]  Cost Center: 47037  Function: Externer Berater  Company: [COMPANY] Consulting GmbH  Department: [ADDRESS]-[ADDRESS]  ZIP: [ADDRESS]  City: [ADDRESS]  Country: [ADDRESS]  Location:[LOCATION] Office:   Expiration date: Aug 30 2019 11:00PM     Important: Please indicate in EA14 that it is an external user.     Requestor: [USERNAME] ([COMPANY]. [LOCATION])     Desired date: Jan 21 2019 12:00AM     Additional information:,General Query,Medium,light user external ticket username service request light user external create light user username firstname lastname ailaddress email phone phone cost center function externer berater company company consulting gmbh department address address zip address city address country address location location office expiration date aug important indicate external user requestor username company location desired date jan additional information
[TICKET ID] - New Support Ticket received  - Internet Celular,General Query,Medium,ticket new support ticket received internet celular
[TICKET ID] - New Support Ticket received  - Habilitar Base Discovery,Technical Issue,Medium,ticket new support ticket received habilitar base discovery
Cancelamento Usuário e Acessos [NAME]. Por gentileza efetuar o cancelamento do usuário de [NAME].  Obrigada!,Account,Medium,cancelamento usu rio acessos por gentileza efetuar cancelamento usu rio obrigada
[TICKET ID] - New Support Ticket received  - Install new printer in [NAME]s office,Technical Issue,Medium,ticket new support ticket received install new printer office
File Share Access - [TICKET ID] - [NAME] ([COMPANY]. [LOCATION])Service Request: File Share Access     Grant access to file share for the following user:  [NAME] ([COMPANY]. [LOCATION]) (Username: [USERNAME])  Access Type: (RW) Read / Write  File Share:  J:/[COMPANY]/IT       Requestor: [NAME] ([COMPANY]. [LOCATION])  Comment:,Technical Issue,Medium,file share access ticket company location service request file share access grant access file share following user company location username username access type read write file share company requestor company location comment
[TICKET ID] - A Support Ticket was forwarded to you  - RES: Order Provisioned: #[TICKET ID] - Install request for Soares. [NAME],General Query,Medium,ticket support ticket forwarded res order provisioned ticket install request soares
Criação de um e-mail para o ESHBoa tarde!        Gostaria de que fosse criado um endereço de e-mail para o envio de informção da área de ESH. o Endereço poderia ser[LOCATION]Comunica ou[LOCATION]Brasil.        Esse e-mail deverá ser administrado da minha máquina e da máquina do [NAME].        Seria possivel?        Obrigada    [NAME],Technical Issue,Medium,cria mail para eshboa tarde gostaria que fosse criado endere mail para envio inform rea esh endere poderia ser location comunica location brasil esse mail dever ser administrado minha quina quina seria possivel obrigada
Acesso de Pasta[NAME]. boa tarde.        Por gentileza. você poderia me conceder acesso a pasta do [NAME] conforme o e-mail de solicitação dele.        Obrigado.,Technical Issue,Medium,acesso pasta boa tarde por gentileza voc poderia conceder acesso pasta conforme mail solicita dele obrigado
Basis User - [TICKET ID] - [NAME] ([COMPANY]. [LOCATION])Service Request: Basis User     Create Windows account for internal user  [NAME] ([COMPANY]. [LOCATION])     Firstname:  [NAME]  Lastname:  [NAME]  Cost Center:  22006  Company:  [COMPANY] SE  Department:  RD-[ADDRESS]  ZIP:  [ADDRESS]  City:  [ADDRESS]  Country:  [ADDRESS]  Office:       Important: Please set the EA10 to the following value: 13424 (leave blank. when empty)  Please create Exchange and Skype account.  The user needs at least the following access permissions:  (RW) H:/%username%  (RO) J:/Auftrag  (RW) J:/Info  (RW) J:/Transfer  (RO) J:/Vorlagen  Access to [COMPANY] intranet  Access to [SOFTWARE] ([SERVER])  Requestor:  [NAME] ([COMPANY]. [LOCATION])     Desired date:  Oct  5 2018 12:00AM     Additional information:,Account,Medium,basis user ticket company location service request basis user create windows account internal user company location firstname lastname cost center company company department address zip address city address country address office important set following value leave blank create exchange skype account user needs following access permissions username auftrag info transfer vorlagen access company intranet access software server requestor company location desired date oct additional information
File Share Access - [TICKET ID] - [NAME] ([COMPANY]. [LOCATION])Service Request: File Share Access     Grant access to file share for the following user:  Lueders.[NAME]([COMPANY]. [LOCATION]) (Username: [USERNAME])  Access Type: (RW) Read / Write  File Share:  Groups (J:) SB-PM     Requestor: [NAME] ([COMPANY]. [LOCATION])  Comment:,Technical Issue,Medium,file share access ticket company location service request file share access grant access file share following user lueders company location username username access type read write file share groups requestor company location comment
Leaving Employee - [TICKET ID] - [NAME] (AMA. [LOCATION])Service Request: Leaving Employee     The user [NAME] (AMA. [LOCATION]) (Username: [USERNAME]) is going to leave [COMPANY] on Aug  9 2018 12:00AM.     The following IT services have to be canceled:  - Delete Windows account (Active Directory)  - Delete E-Mail account (Exchange)  - Return Hardware  - Return mobile device  - Delete[NAME]account  - Disable[LOCATION]access  - Disable Citrix access  - Disable file access  - Withdraw Adobe licenses     Requestor: Kleineheinrich. Constanze (AMA. [LOCATION])  Leaving date: Aug  9 2018 12:00AM  Comment:,Account,Medium,leaving employee ticket ama location service request leaving employee user ama location username username going leave company aug following services canceled delete windows account active directory delete mail account exchange return hardware return mobile device delete account disable location access disable citrix access disable file access withdraw adobe licenses requestor kleineheinrich constanze ama location leaving date aug comment
Light User for external - [TICKET ID] - [NAME]. [NAME]Service Request: Light User for external  Create Light user for [NAME]     Firstname: [NAME]  Lastname: [NAME]ailaddress: [EMAIL]  Phone: [PHONE]   Cost Center: 47037  Function: Consultant[LOCATION] Company: [COMPANY] Multimedia Solutions GmbH   Department: GIT-[ADDRESS]  ZIP: [ADDRESS]  City: [ADDRESS]  Country: [ADDRESS]  Location:[LOCATION] Office:   Expiration date: Jan 28 2020 12:00AM     Important: Please indicate in EA14 that it is an external user.     Requestor: [NAME] ([COMPANY]. [LOCATION])     Desired date: Jan 28 2019 12:00AM     Additional information:,General Query,Medium,light user external ticket service request light user external create light user firstname lastname ailaddress email phone phone cost center function consultant location company company multimedia solutions gmbh department git address zip address city address country address location location office expiration date jan important indicate external user requestor company location desired date jan additional information
[TICKET ID] - New Support Ticket received  - reconfiguración de mi teléfono corporativo.,General Query,Medium,ticket new support ticket received reconfiguraci tel fono corporativo
File Share Access - [TICKET ID] - [NAME] ([COMPANY]. [LOCATION])Service Request: File Share Access    Grant access to file share for the following user:  [NAME] ([COMPANY]. [LOCATION]) (Username: [USERNAME])    Access Type: (RW) Read / Write    File Share:       Please create access to the following file server:    //[COMPANY].ads.dir/[COMPANY]-ems01/[LOCATION]/Groups/ESBA      Requestor: [NAME] ([COMPANY]. [LOCATION])    Comment:,Technical Issue,Medium,file share access ticket company location service request file share access grant access file share following user company location username username access type read write file share create access following file server company ads dir company ems location groups esba requestor company location comment
[TICKET ID] - New Support Ticket received  - Can not delete a file in Access so I can update inventory,General Query,Medium,ticket new support ticket received delete file access update inventory
[TICKET ID] - A Support Ticket was forwarded to your role  - Citrix credentials missing,Technical Issue,Medium,ticket support ticket forwarded role citrix credentials missing
File Share Access - [TICKET ID] - [USERNAME] ([COMPANY]. [LOCATION])Service Request: File Share Access     Grant access to file share for the following user:  [USERNAME]. Ralf ([COMPANY]. [LOCATION]) (Username: [USERNAME])  Access Type: (RW) Read / Write  File Share:  j:/[NAME]     Requestor: [NAME] ([COMPANY]. [LOCATION])  Comment:,Technical Issue,Medium,file share access ticket username company location service request file share access grant access file share following user username ralf company location username username access type read write file share requestor company location comment
File Share Access - [TICKET ID] - [USERNAME]. [NAME] ([COMPANY]. [LOCATION])Service Request: File Share Access     Grant access to file share for the following user:  [USERNAME]. Wilm ([COMPANY]. [LOCATION]) (Username: [USERNAME])  Access Type: (RW) Read / Write  File Share:    User should have access to    J:/ZR-VVM   but he may not be able to access the folder!!!   J:/ZR-VVM/Statistics               Requestor: [NAME] ([COMPANY]. [LOCATION])  Comment:,Technical Issue,Medium,file share access ticket username company location service request file share access grant access file share following user username wilm company location username username access type read write file share user access vvm able access folder vvm statistics requestor company location comment
[TICKET ID] - New Support Ticket received  - Create[LOCATION]entry [COMPANY].ads.dir,General Query,Medium,ticket new support ticket received create location entry company ads dir
[TICKET ID] - A Support Ticket was forwarded to your role  - eMail Verschlüsselung,Technical Issue,Medium,ticket support ticket forwarded role email verschl sselung
[TICKET ID] - A Support Ticket was forwarded to you  - Files from Outlook/Shared drive taking 4-5 minutes to open,Technical Issue,Medium,ticket support ticket forwarded files outlook shared drive taking minutes open
[TICKET ID] - New Support Ticket received  - Erro ao entrar no Skype for Business,Technical Issue,Medium,ticket new support ticket received erro entrar skype business
[PASSWORD] - New Support Ticket received  - Forgotten iPhone Passcode,General Query,Medium,password new support ticket received forgotten iphone passcode
[TICKET ID] - New Support Ticket received  - Install R Suite,Technical Issue,Medium,ticket new support ticket received install suite
File Share Access - [TICKET ID] -Service Request: File Share Access     Grant access to file share for the following user:   (Username: )  Access Type: (RW) Read / Write  File Share:  J:/[NAME]  J:/[SERVER]  J:/Mailings  J:/Mailingversand     Requestor: [NAME] ([COMPANY]. [LOCATION])  Comment:,Technical Issue,Medium,file share access ticket service request file share access grant access file share following user username access type read write file share server mailings mailingversand requestor company location comment
[TICKET ID] - A Support Ticket was forwarded to your role  - [NAME] AD account keeps getting disabled,Account,Medium,ticket support ticket forwarded role account keeps getting disabled
VPN - [TICKET ID] - [NAME]. [NAME] ([COMPANY]. [LOCATION])Service Request:[LOCATION]    Grant access to[LOCATION]for the following user:  [USERNAME] [NAME]. [NAME] ([COMPANY]. [LOCATION])  (Username:  [USERNAME])     Token:   - Software Token    Desired date:  Oct  6 2018  5:00AM     Requestor: [NAME] ([COMPANY]. [LOCATION])     Comment:,General Query,Medium,vpn ticket company location service request location grant access location following user username company location username username token software token desired date oct requestor company location comment
[TICKET ID] - New Support Ticket received  - instalacion impresora parral,Technical Issue,Medium,ticket new support ticket received instalacion impresora parral
[TICKET ID] - New Support Ticket received  - reemplazo lamina protectora de telefono,General Query,Medium,ticket new support ticket received reemplazo lamina protectora telefono
[TICKET ID] - A Support Ticket was forwarded to your role  - Initiated by [COMPANY][LOCATION]- Vulnerable[LOCATION]on [LOCATION]-[ADDRESS],General Query,Medium,ticket support ticket forwarded role initiated company location vulnerable location location address
[TICKET ID] - New Support Ticket received  - [NAME]. [NAME] experiencing no Outlook. no Internet,Technical Issue,Medium,ticket new support ticket received experiencing outlook internet
[TICKET ID] - New Support Ticket received  - [NAME] MS Account Login failure,Account,Medium,ticket new support ticket received account login failure
[TICKET ID] - A Support Ticket was forwarded to your role  - Employee Management general/shared team mail box,Technical Issue,Medium,ticket support ticket forwarded role employee management general shared team mail box
[TICKET ID] - A Support Ticket was forwarded to your role  -[LOCATION]login request,Technical Issue,Medium,ticket support ticket forwarded role location login request
[TICKET ID] - New Support Ticket received  - File Share Access - [TICKET ID] - Schaupp. [NAME] ([COMPANY]. [LOCATION]),Technical Issue,Medium,ticket new support ticket received file share access ticket schaupp company location
File Share Access - [TICKET ID] - [NAME] ([COMPANY]. [LOCATION])Service Request: File Share Access     Grant access to file share for the following user:  [NAME] ([COMPANY]. [LOCATION]) (Username: [USERNAME])  Access Type: (RW) Read / Write  File Share:  Benötige Zugriff auf J:SVT/WST     Requestor: [NAME] ([COMPANY]. [LOCATION])  Comment:,Technical Issue,Medium,file share access ticket company location service request file share access grant access file share following user company location username username access type read write file share ben tige zugriff auf svt wst requestor company location comment
File Share Access - [TICKET ID] - [NAME]. [NAME] ([COMPANY]. [LOCATION])Service Request: File Share Access     Grant access to file share for the following user:  [NAME]. [NAME] ([COMPANY]. [LOCATION]) (Username: [USERNAME])  Access Type: (RW) Read / Write  File Share:  L:/CS     Requestor: [NAME] ([COMPANY]. [LOCATION])  Comment:,Technical Issue,Medium,file share access ticket company location service request file share access grant access file share following user company location username username access type read write file share requestor company location comment
[TICKET ID] - New Support Ticket received  - [NAME] verify for everything,Technical Issue,Medium,ticket new support ticket received verify
[TICKET ID] - New Support Ticket received  - Need to have Extech RHT10 Software Installed,Technical Issue,Medium,ticket new support ticket received need extech rht software installed
[TICKET ID] - New Support Ticket received  - Skype não funciona,Technical Issue,Medium,ticket new support ticket received skype funciona
[TICKET ID] - New Support Ticket received  - Update names on the Shakopee Copier,Technical Issue,Medium,ticket new support ticket received update names shakopee copier
File Share Access - [TICKET ID] - [NAME] ([COMPANY]. [LOCATION])Service Request: File Share Access     Grant access to file share for the following user:  [NAME] ([COMPANY]. [LOCATION]) (Username: )  Access Type: (RW) Read / Write  File Share:  J:/ZR-VVM     Requestor: [NAME] ([COMPANY]. [LOCATION])  Comment:,Technical Issue,Medium,file share access ticket company location service request file share access grant access file share following user company location username access type read write file share vvm requestor company location comment
[TICKET ID] - A Support Ticket was forwarded to your role  - create[LOCATION]entry [COMPANY].ads.dir       A      [IP_ADDRESS],General Query,Medium,ticket support ticket forwarded role create location entry company ads dir address
Arquivos PDFBom dia      Estamos com algum problema para vizualizar arquivos em PDF.  Na minha maquina aparece a extensão em pdf. Porém os mesmos arquivos que mando para pessoas aparece extensão .dll e eles não conseguem abrir.      [Image],Technical Issue,Medium,arquivos pdfbom dia estamos com algum problema para vizualizar arquivos pdf minha maquina aparece extens pdf por mesmos arquivos que mando para pessoas aparece extens dll eles conseguem abrir image
[TICKET ID] - New Support Ticket received  - Não estou conseguindo acessar a internet no site do banco itau,General Query,Medium,ticket new support ticket received estou conseguindo acessar internet site banco itau
[TICKET ID] - New Support Ticket received  - instalar o programa para acessar a conta do itau,Technical Issue,Medium,ticket new support ticket received instalar programa para acessar conta itau
[TICKET ID] - New Support Ticket received  - Installation of Datalogger Extech program,Technical Issue,Medium,ticket new support ticket received installation datalogger extech program
File Share Access - [TICKET ID] - [USERNAME]. [NAME] ([COMPANY]. [LOCATION])Service Request: File Share Access     Grant access to file share for the following user:  [USERNAME]. [NAME] ([COMPANY]. [LOCATION]) (Username: [USERNAME])  Access Type: (RW) Read / Write  File Share:  J:/MA-BD     Requestor: [NAME] ([COMPANY]. [LOCATION])  Comment:,Technical Issue,Medium,file share access ticket username company location service request file share access grant access file share following user username company location username username access type read write file share requestor company location comment
[TICKET ID] - New Support Ticket received  - Skype accessibility,Technical Issue,Medium,ticket new support ticket received skype accessibility
[TICKET ID] - New Support Ticket received  - Conference Call,Technical Issue,Medium,ticket new support ticket received conference
[TICKET ID] - A Support Ticket was forwarded to your role  - neues Postfach mit Alias E-Mailadressen einrichten,Technical Issue,Medium,ticket support ticket forwarded role neues postfach mit alias mailadressen einrichten
[TICKET ID] - New Support Ticket received  - outlook not working,Technical Issue,Medium,ticket new support ticket received outlook working
Setup [URL] emailHello [NAME].  Please setup the following users the same way that [NAME] was setup for [URL] emails.  Where the emails are delivered to the portal and the user can receive a notification via Flow.  See attached email for reference.  Please let me know if you have any questions.,Technical Issue,Low,setup url emailhello setup following users way setup url emails emails delivered portal user receive notification flow attached email reference let know questions
Basis User - [TICKET ID] - [NAME] ([COMPANY]. [LOCATION])Service Request: Basis User     Create Windows account for internal user  [USERNAME] [NAME] ([COMPANY]. [LOCATION])     Firstname:  [NAME]  Lastname:  [NAME]  Cost Center:  174440  Company:  [COMPANY] [ADDRESS] GmbH  Department:  [ADDRESS]  ZIP:  [ADDRESS]  City:  [ADDRESS]  Country:  Germany  Office:       Important: Please set the EA10 to the following value: 13306 (leave blank. when empty)  Please create Exchange and Skype account.  The user needs at least the following access permissions:  (RW) H:/%username%  (RO) J:/Auftrag  (RW) J:/Info  (RW) J:/Transfer  (RO) J:/Vorlagen  Access to [COMPANY] intranet  Access to [SOFTWARE] ([SERVER])  Requestor:  [NAME] ([COMPANY]. [LOCATION])     Desired date:  Sep  3 2018 12:00AM     Additional information:,Account,Medium,basis user ticket company location service request basis user create windows account internal user username company location firstname lastname cost center company company address gmbh department address zip address city address country germany office important set following value leave blank create exchange skype account user needs following access permissions username auftrag info transfer vorlagen access company intranet access software server requestor company location desired date sep additional information
[TICKET ID] - New Support Ticket received  - New devices installed cant install apps,General Query,Medium,ticket new support ticket received new devices installed install apps
[TICKET ID] - A Support Ticket was forwarded to your role  - Instalação do Visio,Technical Issue,Medium,ticket support ticket forwarded role instala visio
File Share Access - [TICKET ID] - [NAME] ([COMPANY]. [LOCATION])Service Request: File Share Access    Grant access to file share for the following user:  [USERNAME]. [NAME] ([COMPANY]. [LOCATION]) (Username: [USERNAME])    Access Type: (RW) Read / Write    File Share:     J:/MarkerDB  The user needs access to the Marker Database.     Best regards    Requestor: [NAME] ([COMPANY]. [LOCATION])    Comment:,Technical Issue,Medium,file share access ticket company location service request file share access grant access file share following user username company location username username access type read write file share markerdb user needs access marker database best regards requestor company location comment
[TICKET ID] - A Support Ticket was forwarded to your role  - Zugriff auf die Shared Mailbox [EMAIL],Technical Issue,Medium,ticket support ticket forwarded role zugriff auf die shared mailbox email
[TICKET ID] - New Support Ticket received  - Erro Fornecedor,Technical Issue,Medium,ticket new support ticket received erro fornecedor
[TICKET ID] - A Support Ticket was forwarded to your role  - Light User for external - [TICKET ID] - [NAME],General Query,Medium,ticket support ticket forwarded role light user external ticket
File Share Access - [TICKET ID] - [USERNAME]. [NAME] ([COMPANY]. [LOCATION])Service Request: File Share Access     Grant access to file share for the following user:  [USERNAME]. [NAME] ([COMPANY]. [LOCATION]) (Username: [USERNAME])  Access Type: (RO) Read only  File Share:   J:/FAQ BTR_HR     Requestor: Messing [NAME] ([COMPANY]. [LOCATION])  Comment:,Technical Issue,Medium,file share access ticket username company location service request file share access grant access file share following user username company location username username access type read file share faq btr requestor messing company location comment
[TICKET ID] - A Support Ticket was forwarded to your role  - please create shared mailbox.,Technical Issue,Medium,ticket support ticket forwarded role create shared mailbox
Please create new OU West,Account,Medium,create new west
[TICKET ID] - New Support Ticket received  - Unable to connect to home internet via cable,General Query,Medium,ticket new support ticket received unable connect home internet cable
[TICKET ID] - A Support Ticket was forwarded to your role  - no tengo outlook,Technical Issue,Medium,ticket support ticket forwarded role tengo outlook
File Share Access - [TICKET ID] - Risting. [NAME] ([COMPANY]. [LOCATION])Service Request: File Share Access     Grant access to file share for the following user:  Risting. [NAME] ([COMPANY]. [LOCATION]) (Username: [USERNAME])  Access Type: (RW) Read / Write  File Share:      N:/[SERVER]/STA-LEM    N:/[SERVER]/STA-CAM    N:/[SERVER]/STA-[LOCATION]    N:/[SERVER]/STA-PGRO        R/W including all subfolders.         Requestor: [NAME] ([COMPANY]. [LOCATION])  Comment:,Technical Issue,Medium,file share access ticket risting company location service request file share access grant access file share following user risting company location username username access type read write file share server sta lem server sta cam server sta location server sta pgro including subfolders requestor company location comment
File Share Access - [TICKET ID] - [NAME] ([COMPANY]. [LOCATION])Service Request: File Share Access     Grant access to file share for the following user:  [NAME] ([COMPANY]. [LOCATION]) (Username: )  Access Type: (RW) Read / Write  File Share:  J:/Scan     Requestor: [NAME] ([COMPANY]. [LOCATION])  Comment:  Liebes [COMPANY]-Team.  [NAME] [NAME] wird als Lead Business Partner Legal EMEA/APAC bei der [COMPANY] Berlin GmbH anfangen. Da sein Arbeitsplatz in [ADDRESS] sein wird. konfigurieren Sie bitte das Notebook für den Standort Berlin [LOCATION].  Für Rückfragen stehe ich gern zur Verfügung.  Beste Grüße [NAME] Tel.: [PHONE],Technical Issue,Medium,file share access ticket company location service request file share access grant access file share following user company location username access type read write file share scan requestor company location comment liebes company team wird als lead business partner legal emea apac bei der company berlin gmbh anfangen sein arbeitsplatz address sein wird konfigurieren sie bitte das notebook den standort berlin location ckfragen stehe ich gern zur verf gung beste tel phone
[TICKET ID] - New Support Ticket received  - Imprersora Brother remolacha 01_ arroja error . en visor dice sustitui piezas y abajo dive tambor,Technical Issue,Medium,ticket new support ticket received imprersora brother remolacha arroja error visor dice sustitui piezas abajo dive tambor
pROBLEMAS[LOCATION]IMPRENSSORABom dia.       A impressora não esta disponivel na minha maquina,Technical Issue,Medium,problemas location imprenssorabom dia impressora esta disponivel minha maquina
File Share Access - [TICKET ID] - [NAME] ([COMPANY]. [LOCATION])Service Request: File Share Access     Grant access to file share for the following user:  [USERNAME]. [NAME] ([COMPANY]. [LOCATION]) (Username: [USERNAME])  Access Type: (RW) Read / Write  File Share:  j:/scan/canon/udej     Requestor: [NAME] ([COMPANY]. [LOCATION])  Comment:  Bitte für Herrn Ude einen Scan Ordner anlegen,Technical Issue,Medium,file share access ticket company location service request file share access grant access file share following user username company location username username access type read write file share scan canon udej requestor company location comment bitte herrn ude einen scan ordner anlegen
No funciona SkypeNo puedo acceder a Skype,Technical Issue,Medium,funciona skypeno puedo acceder skype
File Share Access - [TICKET ID] - [NAME] ([COMPANY]. [LOCATION])Service Request: File Share Access     Grant access to file share for the following user:  [NAME] ([COMPANY]. [LOCATION]) (Username: [USERNAME])  Access Type: (RW) Read / Write  File Share:      N:/[SERVER]/STA-[LOCATION]        R/W including all subfolders.         Requestor: [NAME] ([COMPANY]. [LOCATION])  Comment:,Technical Issue,Medium,file share access ticket company location service request file share access grant access file share following user company location username username access type read write file share server sta location including subfolders requestor company location comment
File Share Access - [TICKET ID] - [USERNAME] ([COMPANY]. [LOCATION])Service Request: File Share Access     Grant access to file share for the following user:  [NAME] ([COMPANY]. [LOCATION]) (Username: [USERNAME])  Access Type: (RW) Read / Write  File Share:      J:/[COMPANY]/           R/W including all subfolders         Requestor: [NAME] ([COMPANY]. [LOCATION])  Comment:,Technical Issue,Medium,file share access ticket username company location service request file share access grant access file share following user company location username username access type read write file share company including subfolders requestor company location comment
File Share Access - [TICKET ID] - [NAME] ([COMPANY]. BRLM)Service Request: File Share Access     Grant access to file share for the following user:  [NAME] ([COMPANY]. BRLM) (Username: [USERNAME])  Access Type: (RW) Read / Write  File Share:      N:/[SERVER]/STA-LEM        R/W including all subfolders.         Requestor: [NAME] ([COMPANY]. [LOCATION])  Comment:,Technical Issue,Medium,file share access ticket company brlm service request file share access grant access file share following user company brlm username username access type read write file share server sta lem including subfolders requestor company location comment
[TICKET ID] - A Support Ticket was forwarded to your role  -[LOCATION]- [TICKET ID] - [NAME] ([COMPANY]. [LOCATION]),General Query,Medium,ticket support ticket forwarded role location ticket company location
[TICKET ID] - A Support Ticket was forwarded to your role  - Nacharbeiten TCK85637 - File Access,Technical Issue,Medium,ticket support ticket forwarded role nacharbeiten tck file access
[TICKET ID] - New Support Ticket received  - install applications,Technical Issue,Medium,ticket new support ticket received install applications
[TICKET ID] - New Support Ticket received  - Access to LVS,Technical Issue,Medium,ticket new support ticket received access lvs
[TICKET ID] - New Support Ticket received  - no puede abrir archivos pdf,Technical Issue,Medium,ticket new support ticket received puede abrir archivos pdf
Light User for external - [TICKET ID] - [NAME] Service Request: Light User for external  Create Light user for [NAME]     Firstname: [NAME]  Lastname: [NAME]ailaddress: [EMAIL]  Phone: [PHONE]  Cost Center: 47046  Function: [COMPANY][LOCATION]consultant for[LOCATION] Company: [COMPANY][LOCATION] [ADDRESS] Private Limited  Department: GIT-EST  [ADDRESS]  ZIP: [ADDRESS]  City: [ADDRESS]  Country: [ADDRESS]  Location:[LOCATION] Office:   Expiration date: Not defined     Important: Please indicate in EA14 that it is an external user.     Requestor: [NAME] ([COMPANY]. [LOCATION])     Desired date: Dec 14 2018 12:00AM     Additional information:  At present T-System India had only one[LOCATION]consultant supporting all [COMPANY]ules and her present bandwidth is not sufficient to support [COMPANY] all [COMPANY]ules. Therefore. this new[LOCATION]consultant is to be onboarded.,General Query,Medium,light user external ticket service request light user external create light user firstname lastname ailaddress email phone phone cost center function company location consultant location company company location address private limited department git est address zip address city address country address location location office expiration date defined important indicate external user requestor company location desired date dec additional information present india location consultant supporting company ules present bandwidth sufficient support company company ules new location consultant onboarded
Basis User - [USERNAME] -Service Request: Basis User     Create Windows account for internal user       Firstname:  [NAME]  Lastname:  [NAME] Center:  44132  Company:    Department:  [ADDRESS]:    ZIP:    City:    Country:  [ADDRESS]  Office:       Important: Please set the EA10 to the following value: 13645 (leave blank. when empty)  Please create Exchange and Skype account.  The user needs at least the following access permissions:  (RW) H:/%username%  (RO) J:/Auftrag  (RW) J:/Info  (RW) J:/Transfer  (RO) J:/Vorlagen  Access to [COMPANY] intranet  Access to [SOFTWARE] ([SERVER])  Requestor:  [NAME] ([COMPANY]. [LOCATION])     Desired date:  Jan  4 2019 12:00AM     Additional information:,General Query,Medium,basis user username service request basis user create windows account internal user firstname lastname center company department address zip city country address office important set following value leave blank create exchange skype account user needs following access permissions username auftrag info transfer vorlagen access company intranet access software server requestor company location desired date jan additional information
[TICKET ID] - A Support Ticket was forwarded to your role  - Check_MK: [SOFTWARE] Hostalarm: ([SERVER]) [COMPANY] LS Systemmanagement - [SOFTWARE] Depot Server - UP -> DOWN,General Query,High,ticket support ticket forwarded role check software hostalarm server company systemmanagement software depot server
[TICKET ID] - A Support Ticket was forwarded to your role  - Weiterleitung Fehlermeldung Outlook - wie besprochen,Technical Issue,Medium,ticket support ticket forwarded role weiterleitung fehlermeldung outlook wie besprochen
[TICKET ID] - A Support Ticket was forwarded to your role  - Problemas en scanner compartido,Technical Issue,Medium,ticket support ticket forwarded role problemas scanner compartido
File Share Access - [TICKET ID] - Knaak [NAME] ([COMPANY]. [LOCATION])Service Request: File Share Access     Grant access to file share for the following user:  [NAME] ([COMPANY]. [LOCATION]) (Username: [USERNAME])  Access Type: (RO) Read only  File Share:   J:/FAQ BTR_HR     Requestor: [NAME] ([COMPANY]. [LOCATION])  Comment:,Technical Issue,Medium,file share access ticket knaak company location service request file share access grant access file share following user company location username username access type read file share faq btr requestor company location comment
Basis User - [TICKET ID] - [USERNAME]. [NAME] ([COMPANY]. [LOCATION])Service Request: Basis User     Create Windows account for internal user  [USERNAME] ([COMPANY]. [LOCATION])     Firstname:  [NAME]  Lastname:  [NAME]  Cost Center:  174418  Company:  [COMPANY] Berlin GmbH  Department:  GFP-[ADDRESS]  ZIP:  [ADDRESS]  City:  [ADDRESS]  Country:  Germany  Office:       Important: Please set the EA10 to the following value: 13529 (leave blank. when empty)  Please create Exchange and Skype account.  The user needs at least the following access permissions:  (RW) H:/%username%  (RO) J:/Auftrag  (RW) J:/Info  (RW) J:/Transfer  (RO) J:/Vorlagen  Access to [COMPANY] intranet  Access to [SOFTWARE] ([SERVER])  Requestor:  [USERNAME] ([COMPANY]. [LOCATION])     Desired date:  Jan  1 2019 12:00AM     Additional information:   Liebes [COMPANY]-Team.   Laptop. Bildschirm. Tastatur. Telefon. Headset bitte aus Gerätepool Berlin. falls vorhanden  Tastatur und Laptop bitte englische Tastatur  Danke,General Query,Medium,basis user ticket username company location service request basis user create windows account internal user username company location firstname lastname cost center company company berlin gmbh department gfp address zip address city address country germany office important set following value leave blank create exchange skype account user needs following access permissions username auftrag info transfer vorlagen access company intranet access software server requestor username company location desired date jan additional information liebes company team laptop bildschirm tastatur telefon headset bitte aus ger tepool berlin falls vorhanden tastatur und laptop bitte englische tastatur danke
Basis User - [TICKET ID] - [USERNAME]. [NAME] ([COMPANY]. [LOCATION])Service Request: Basis User     Create Windows account for internal user  [USERNAME]. [NAME] F ([COMPANY]. [LOCATION])     Firstname:  [NAME]  Lastname:  [NAME]  Cost Center:  174449  Company:  [COMPANY] [ADDRESS] GmbH  Department:  [ADDRESS]  ZIP:  [ADDRESS]  City:  [ADDRESS]  Country:  [ADDRESS]  Office:       Important: Please set the EA10 to the following value: 13511 (leave blank. when empty)  Please create Exchange and Skype account.  The user needs at least the following access permissions:  (RW) H:/%username%  (RO) J:/Auftrag  (RW) J:/Info  (RW) J:/Transfer  (RO) J:/Vorlagen  Access to [COMPANY] intranet  Access to [SOFTWARE] ([SERVER])  Requestor:  [NAME] ([COMPANY]. [LOCATION])     Desired date:  Jan  1 2019 12:00AM     Additional information:   Liebes [COMPANY]-Team.   Laptop. Bildschirm. Tastatur. Telefon. Headset bitte aus Gerätepool Berlin. falls vorhanden  Tastatur und Laptop bitte englische  danke,General Query,Medium,basis user ticket username company location service request basis user create windows account internal user username company location firstname lastname cost center company company address gmbh department address zip address city address country address office important set following value leave blank create exchange skype account user needs following access permissions username auftrag info transfer vorlagen access company intranet access software server requestor company location desired date jan additional information liebes company team laptop bildschirm tastatur telefon headset bitte aus ger tepool berlin falls vorhanden tastatur und laptop bitte englische danke
[TICKET ID] - A Support Ticket was forwarded to your role  -  Mail Alias,Technical Issue,Medium,ticket support ticket forwarded role mail alias
File Share Access - [TICKET ID] - [NAME] ([COMPANY]. [LOCATION])Service Request: File Share Access     Grant access to file share for the following user:  [USERNAME] ([COMPANY]. [LOCATION]) (Username: [USERNAME])  Access Type: (RW) Read / Write  File Share:  J:/     Requestor: [NAME] ([COMPANY]. [LOCATION])  Comment:  [NAME] is our new employee in [ADDRESS]. Could you please create her an access to our file share?  Thank you!,Technical Issue,Medium,file share access ticket company location service request file share access grant access file share following user username company location username username access type read write file share requestor company location comment new employee address create access file share thank
[TICKET ID] - New Support Ticket received  -  senha Wifi para visitante (consultores) da High Level,General Query,Medium,ticket new support ticket received senha wifi para visitante consultores high level
[TICKET ID] - New Support Ticket received  - liberar meu acesso,Account,Medium,ticket new support ticket received liberar meu acesso
reserva[LOCATION]FAvor fazer uma reserva no[LOCATION]para o relogio de ponto. MAC:        [MAC_ADDRESS]     IP na realidade eu não sei. Ou é [IP_ADDRESS] ou [IP_ADDRESS],General Query,Medium,reserva location favor fazer uma reserva location para relogio ponto mac mac address realidade sei address address
[TICKET ID] - This Support Ticket was reopened  - Light User for external - [TICKET ID] - [NAME],General Query,Medium,ticket support ticket reopened light user external ticket
[TICKET ID] - A Support Ticket was forwarded to you  - Inclusão de Usuaria para recebimento de email do nfe.,Technical Issue,Medium,ticket support ticket forwarded inclus usuaria para recebimento email nfe
[TICKET ID] - A Support Ticket was forwarded to you  - necesito acceso a las carpetas del email,Technical Issue,Medium,ticket support ticket forwarded necesito acceso las carpetas del email
[TICKET ID] - New Support Ticket received  - check_mk [SOFTWARE] Hostalarm: ([SERVER]) [COMPANY] LS Systemmanagement - [SOFTWARE] Depot Server - UP -> DOWN,General Query,High,ticket new support ticket received check software hostalarm server company systemmanagement software depot server
[TICKET ID] - New Support Ticket received  - Adobe Acrobat DC Pro Install,Technical Issue,Medium,ticket new support ticket received adobe acrobat pro install
[TICKET ID] - New Support Ticket received  - Kein Zugriff: Shared Mailbox - [EMAIL] - Ref.[LOCATION]--> [TICKET ID],Technical Issue,Medium,ticket new support ticket received kein zugriff shared mailbox email ref location ticket
[TICKET ID] - New Support Ticket received  - No me funciona el outllok,Technical Issue,Medium,ticket new support ticket received funciona outllok
File Share Access - [TICKET ID] - [NAME] ([COMPANY]. [LOCATION])Service Request: File Share Access     Grant access to file share for the following user:  [NAME] ([COMPANY]. [LOCATION]) (Username: [USERNAME])  Access Type: (RW) Read / Write  File Share:      N:/[SERVER]/STA-LEM    N:/[SERVER]/[USERNAME]    N:/[SERVER]/STA-PGRO    N:/[SERVER]/STA-[LOCATION]        R/W incl. all subfolders.         Requestor: [NAME] ([COMPANY]. [LOCATION])  Comment:,Technical Issue,Medium,file share access ticket company location service request file share access grant access file share following user company location username username access type read write file share server sta lem server username server sta pgro server sta location incl subfolders requestor company location comment
File Share Access - [TICKET ID] - [NAME]. [NAME] ([COMPANY]. [LOCATION])Service Request: File Share Access    Grant access to file share for the following user:  [NAME]. [NAME] ([COMPANY]. [LOCATION]) (Username: [USERNAME])    Access Type: (RO) Read only    File Share:     J:/Arbeigtschutzunterweisungen   J:/Bioinf  J:/Biotic-Stress  J:/MOLTOOL  J:/SCHIMMEL  J:/ST_MAS       Requestor: [NAME] ([COMPANY]. [LOCATION])    Comment:,Technical Issue,Medium,file share access ticket company location service request file share access grant access file share following user company location username username access type read file share arbeigtschutzunterweisungen bioinf biotic stress moltool schimmel mas requestor company location comment
File Share Access - [TICKET ID] - [NAME] ([COMPANY]. [LOCATION])Service Request: File Share Access     Grant access to file share for the following user:  [NAME] ([COMPANY]. [LOCATION]) (Username: [USERNAME])  Access Type: (RW) Read / Write  File Share:  GROUPS J / MA-PRICING     Requestor: [NAME] ([COMPANY]. [LOCATION])  Comment:,Technical Issue,Medium,file share access ticket company location service request file share access grant access file share following user company location username username access type read write file share groups pricing requestor company location comment
Light User for external - [TICKET ID] - [NAME]Service Request: Light User for external  Create Light user for [USERNAME]. [NAME]      Firstname: [NAME]   Lastname: [NAME]ailaddress: [EMAIL]  Phone: 0  Cost Center: 47050  Function:[LOCATION]Consultant  Company: [COMPANY]  Department: GIT-[ADDRESS]  ZIP: [ADDRESS]  City: [ADDRESS]  Country: [ADDRESS]  Location:[LOCATION] Office:   Expiration date: Not defined     Important: Please indicate in EA14 that it is an external user.     Requestor: [NAME] ([COMPANY]. [LOCATION])     Desired date: Dec 18 2018 12:00AM     Additional information:  [EMAIL],General Query,Medium,light user external ticket service request light user external create light user username firstname lastname ailaddress email phone cost center function location consultant company company department git address zip address city address country address location location office expiration date defined important indicate external user requestor company location desired date dec additional information email
[TICKET ID] - New Support Ticket received  - Acesso skype,Technical Issue,Medium,ticket new support ticket received acesso skype
[TICKET ID] - New Support Ticket received  - REINSTALACION DE ESCANER,Technical Issue,Medium,ticket new support ticket received reinstalacion escaner
Adicionar usuário ao servidor[LOCATION]para o MarketingAdicionar usuário ao servidor[LOCATION]para o Marketing,General Query,Medium,adicionar usu rio servidor location para marketingadicionar usu rio servidor location para marketing
Basis User - [USERNAME] ([COMPANY]. [LOCATION])Service Request: Basis User     Create Windows account for internal user  [NAME] ([COMPANY]. [LOCATION])     Firstname:  [NAME]  Lastname:  [NAME]  Cost Center:  44257  Company:  [COMPANY] .  Department:  [COMPANY]_[SERVER]  Street:  [ADDRESS]  ZIP:  [ADDRESS]  City:  [ADDRESS]  Country:    Office:       Important: Please set the EA10 to the following value: 7607 (leave blank. when empty)  Please create Exchange and Skype account.  The user needs at least the following access permissions:  Access to [SOFTWARE] ([SERVER])  Requestor: [NAME] ([COMPANY]. [LOCATION])     Desired date:  Feb  1 2019 12:00AM     Additional information:,General Query,Medium,basis user username company location service request basis user create windows account internal user company location firstname lastname cost center company company department company server street address zip address city address country office important set following value leave blank create exchange skype account user needs following access permissions access software server requestor company location desired date feb additional information
Light User for external - [USERNAME] - [USERNAME]. Service Request: Light User for external  Create Light user for [USERNAME].    Firstname: [NAME]  Lastname: [NAME]ailaddress: [EMAIL]  Phone: [PHONE]  Cost Center: 44288  Function: Vigilant  Company: [COMPANY]  Department: [ADDRESS].  ZIP:[LOCATION][ADDRESS]  City: [ADDRESS] - MG  Country: [ADDRESS]  Location:[LOCATION] Office:   Expiration date: Not defined     Important: Please indicate in EA14 that it is an external user.     Requestor: [NAME] ([COMPANY]. [LOCATION])     Desired date: Dec 22 2018  3:00AM     Additional information:,General Query,Medium,light user external username username service request light user external create light user username firstname lastname ailaddress email phone phone cost center function vigilant company company department address zip location address city address country address location location office expiration date defined important indicate external user requestor company location desired date dec additional information
[TICKET ID] - New Support Ticket received  - Basis User - [USERNAME] - [NAME].  ([COMPANY]. [LOCATION]),General Query,Medium,ticket new support ticket received basis user username company location
Need Nautilus and the Nautilus Citrix appI need the nautilus 9.3 software and the Nautilus 9.3 Citrix app installed on my PC.  This may have to go through [COMPANY] for approval.  Please contact [NAME] if you need further information.,Technical Issue,Medium,need nautilus nautilus citrix appi need nautilus software nautilus citrix app installed company approval contact need information
[TICKET ID] - New Support Ticket received  - Basis User - [USERNAME] - [NAME] [NAME] ([COMPANY]. [LOCATION]),General Query,Medium,ticket new support ticket received basis user username company location
[TICKET ID] - [SERVER][LOCATION]- Planned Maintenance - 2018-10-27. 07:00[LOCATION]| cpe0009469 ([COMPANY]) | cpe0013003 ([COMPANY]) [COMPANY] SE. Rückmeldungen erforderlich.,General Query,Medium,ticket server location planned maintenance location cpe company cpe company company ckmeldungen erforderlich
[TICKET ID] - New Support Ticket received  - Configuración perfil [NAME],Account,Medium,ticket new support ticket received configuraci perfil
[TICKET ID] - A Support Ticket was forwarded to you  - Impresoras mal funcionamiento,Technical Issue,Medium,ticket support ticket forwarded impresoras mal funcionamiento
Check[LOCATION]for One Drive ([SERVER]-TEST),Account,Medium,check location drive server test
File Share Access - [TICKET ID] - [NAME]. ([COMPANY]. [LOCATION])Service Request: File Share Access     Grant access to file share for the following user:  [NAME]dria ([COMPANY]. [LOCATION]) (Username: [USERNAME])  Access Type: (RW) Read / Write  File Share:    J:/MarkerDB       The user needs access to the Marker Database.   Thanks        Requestor: [NAME] ([COMPANY]. [LOCATION])  Comment:,Technical Issue,Medium,file share access ticket company location service request file share access grant access file share following user dria company location username username access type read write file share markerdb user needs access marker database thanks requestor company location comment
Basis User - [TICKET ID] - [USERNAME]. ([COMPANY]. [LOCATION])Service Request: Basis User     Create Windows account for internal user  [USERNAME]. ([COMPANY]. [LOCATION])     Firstname:  [NAME]  Lastname:  [USERNAME]  Cost Center:  174430  Company:  [COMPANY] [ADDRESS] GmbH  Department:  [ADDRESS]  ZIP:  [ADDRESS]  City:  [ADDRESS]  Country:  Germany  Office:       Important: Please set the EA10 to the following value: 13740 (leave blank. when empty)  Please create Exchange and Skype account.  The user needs at least the following access permissions:  (RW) H:/%username%  (RO) J:/Auftrag  (RW) J:/Info  (RW) J:/Transfer  (RO) J:/Vorlagen  Access to [COMPANY] intranet  Access to [SOFTWARE] ([SERVER])  Requestor:  [NAME] ([COMPANY]. [LOCATION])     Desired date:  Jan 31 2019 12:00AM     Additional information:   Startdatum: 01.02.2019,General Query,Medium,basis user ticket username company location service request basis user create windows account internal user username company location firstname lastname username cost center company company address gmbh department address zip address city address country germany office important set following value leave blank create exchange skype account user needs following access permissions username auftrag info transfer vorlagen access company intranet access software server requestor company location desired date jan additional information startdatum
[TICKET ID] - New Support Ticket received  - Building 6 Fishbowl Printer,Technical Issue,Medium,ticket new support ticket received building fishbowl printer
SR290626 Leaving employee: The user [NAME] ([COMPANY]; [LOCATION]) is going to leave [COMPANY] on 02;01;2018,Account,Medium,leaving employee user company location going leave company
[TICKET ID] - New Support Ticket received  - equipo no inicia,General Query,Medium,ticket new support ticket received equipo inicia
[TICKET ID] - New Support Ticket received  - Erro de Impressão,Technical Issue,Medium,ticket new support ticket received erro impress
Basis User - [TICKET ID] - [NAME]. ([COMPANY]. [LOCATION])Service Request: Basis User     Create Windows account for internal user  [NAME]. ([COMPANY]. [LOCATION])     Firstname:  [NAME]  Lastname:  [NAME]  Cost Center:  174454  Company:  [COMPANY] Berlin GmbH  Department:  GTC-PP1  [ADDRESS]  ZIP:  [ADDRESS]  City:  [ADDRESS]  Country:  Germany  Office:       Important: Please set the EA10 to the following value: 13588 (leave blank. when empty)  Please create Exchange and Skype account.  The user needs at least the following access permissions:  (RW) H:/%username%  (RO) J:/Auftrag  (RW) J:/Info  (RW) J:/Transfer  (RO) J:/Vorlagen  Access to [COMPANY] intranet  Access to [SOFTWARE] ([SERVER])  Requestor:  [NAME] ([COMPANY]. [LOCATION])     Desired date:  Jan  1 2019 12:00AM     Additional information:   Liebes [COMPANY]-Team.   Laptop. Bildschirm. Tastatur. Telefon. Headset bitte aus Gerätepool Berlin. falls vorhanden  Tastatur und Laptop bitte englische,General Query,Medium,basis user ticket company location service request basis user create windows account internal user company location firstname lastname cost center company company berlin gmbh department gtc address zip address city address country germany office important set following value leave blank create exchange skype account user needs following access permissions username auftrag info transfer vorlagen access company intranet access software server requestor company location desired date jan additional information liebes company team laptop bildschirm tastatur telefon headset bitte aus ger tepool berlin falls vorhanden tastatur und laptop bitte englische
[TICKET ID] - New information received on closed ticket  - Initiated by [COMPANY][LOCATION]- Vulnerable Office on [SERVER],General Query,Medium,ticket new information received closed ticket initiated company location vulnerable office server
[TICKET ID] - A Support Ticket was forwarded to you  - Abrir mi correo [COMPANY] en PC de otro usuario,Technical Issue,Medium,ticket support ticket forwarded abrir correo company otro usuario
File Share Access - [TICKET ID] - [NAME]. [NAME] ([COMPANY]. [LOCATION])Service Request: File Share Access     Grant access to file share for the following user:  [NAME] ([COMPANY]. [LOCATION]) (Username: [USERNAME])  Access Type: (RW) Read / Write  File Share:    J:/CLC-Server   J:/CS-MED   J:/Geldokumentation   J:/MOL_Service   J:/Mol_Tech           Requestor: [NAME] ([COMPANY]. [LOCATION])  Comment:,Technical Issue,Medium,file share access ticket company location service request file share access grant access file share following user company location username username access type read write file share clc server med geldokumentation mol service mol tech requestor company location comment
Basis User - [TICKET ID] - [NAME] [NAME] ([COMPANY]. [LOCATION])Service Request: Basis User     Create Windows account for internal user  [NAME] [NAME] ([COMPANY]. [LOCATION])     Firstname:  [NAME]  Lastname:  [NAME]  Cost Center:  44288  Company:  Riber - [COMPANY] S.A.  Department:  [COMPANY]_MA-[ADDRESS] – KM 428 a direita + 2 KM – Zona Rural.  ZIP: [LOCATION][ADDRESS]  City:  [ADDRESS]  Country:  [ADDRESS]  Office:       Important: Please set the EA10 to the following value: 10166 (leave blank. when empty)  Please create Exchange and Skype account.  The user needs at least the following access permissions:  Access to [SOFTWARE] ([SERVER])  Requestor:  [NAME] ([COMPANY]. [LOCATION])     Desired date:  Jan 23 2019  3:00AM     Additional information:,General Query,Medium,basis user ticket company location service request basis user create windows account internal user company location firstname lastname cost center company riber company department company address direita zona rural zip location address city address country address office important set following value leave blank create exchange skype account user needs following access permissions access software server requestor company location desired date jan additional information
[TICKET ID] - New Support Ticket received  - cuenta bloqueada,Account,Medium,ticket new support ticket received cuenta bloqueada
[TICKET ID] - A Support Ticket was forwarded to your role  - Skype not working in Several computers,Technical Issue,Medium,ticket support ticket forwarded role skype working computers
[TICKET ID] - A Support Ticket was forwarded to your role  - alterar nome de sala de reunião exchange,Technical Issue,Medium,ticket support ticket forwarded role alterar nome sala reuni exchange
[TICKET ID] - A Support Ticket was forwarded to your role  - VM for Bank program,General Query,Medium,ticket support ticket forwarded role bank program
Light User for external - [TICKET ID] - [NAME]Service Request: Light User for external  Create Light user for [USERNAME]. [NAME]     Firstname: [NAME]  Lastname: [NAME]ailaddress: [EMAIL]  Phone: [PHONE]  Cost Center: 44258  Function: Exeternal sales agent  Company: [COMPANY] Italia S.p.A.  Department: [SERVER]-[ADDRESS]  ZIP: [ADDRESS]  City: [ADDRESS]  Country: [ADDRESS]  Location:[LOCATION] Office:   Expiration date: Not defined     Important: Please indicate in EA14 that it is an external user.     Requestor: [NAME] ([COMPANY]. [LOCATION])     Desired date: Dec 18 2018 12:00AM     Additional information:,General Query,Medium,light user external ticket service request light user external create light user username firstname lastname ailaddress email phone phone cost center function exeternal sales agent company company italia department server address zip address city address country address location location office expiration date defined important indicate external user requestor company location desired date dec additional information
File Share Access - [TICKET ID] - [USERNAME]. [NAME] ([COMPANY]. [LOCATION])Service Request: File Share Access     Grant access to file share for the following user:  [USERNAME]. [NAME] ([COMPANY]. [LOCATION]) (Username: [USERNAME])  Access Type: (RW) Read / Write  File Share:  J:/Topf- und Substratbestellungen     Requestor: [NAME] ([COMPANY]. [LOCATION])  Comment:  J:/Topf- und Substratbestellungen,Technical Issue,Medium,file share access ticket username company location service request file share access grant access file share following user username company location username username access type read write file share topf und substratbestellungen requestor company location comment topf und substratbestellungen
[TICKET ID] - New Support Ticket received  - IPad Pro,General Query,Medium,ticket new support ticket received ipad pro
[TICKET ID] - New Support Ticket received  - Duplicação de tela,General Query,Medium,ticket new support ticket received duplica tela
File Share Access - [TICKET ID] - [USERNAME]. ([COMPANY]. [LOCATION])Service Request: File Share Access     Grant access to file share for the following user:  [USERNAME]. Renee ([COMPANY]. [LOCATION]) (Username: [USERNAME])  Access Type: (RW) Read / Write  File Share:  I need access to J:/CONSTRUCTION     Requestor: [NAME] ([COMPANY]. [LOCATION])  Comment:  I need access to J:/CONSTRUCTION,Technical Issue,Medium,file share access ticket username company location service request file share access grant access file share following user username renee company location username username access type read write file share need access construction requestor company location comment need access construction
Basis User - [TICKET ID] - [NAME] ([COMPANY]. [LOCATION])Service Request: Basis User     Create Windows account for internal user  [NAME] ([COMPANY]. [LOCATION])     Firstname:  [NAME]  Lastname: [NAME]  Cost Center:  44265  Company:  [COMPANY] Seme YU D.O.O.  Department:  [COMPANY]_MA-[ADDRESS]  ZIP:  [ADDRESS]  City:  [ADDRESS]  Country:  [ADDRESS]  Office:       Important: Please set the EA10 to the following value: 13745 (leave blank. when empty)  Please create Exchange and Skype account.  The user needs at least the following access permissions:  Access to [SOFTWARE] ([SERVER])  Requestor:  [NAME] (EXTERNAL. [LOCATION])     Desired date:  Jan 23 2019 12:00AM     Additional information:,General Query,Medium,basis user ticket company location service request basis user create windows account internal user company location firstname lastname cost center company company seme department company address zip address city address country address office important set following value leave blank create exchange skype account user needs following access permissions access software server requestor external location desired date jan additional information
[TICKET ID] - New Support Ticket received  - User Ricard needs credentials in order to log into [NAME].,Technical Issue,Medium,ticket new support ticket received user ricard needs credentials order log
[TICKET ID] - New Support Ticket received  - no internet,General Query,Medium,ticket new support ticket received internet
OneDrive nao configuraOi. meu onedrive nao configura (mas email e skype ta ok). Podem ajudar por favor?        [Image],Technical Issue,Medium,onedrive nao configuraoi meu onedrive nao configura mas email skype podem ajudar por favor image
Check DNS/DHCP entries for network 10.10.89.0 - server networkCheck DNS/DHCP entries for network 10.10.89.0 - server network,General Query,Medium,check dns dhcp entries network server networkcheck dns dhcp entries network server network
[TICKET ID] - New Support Ticket received  - Can not connect to [URL],General Query,Medium,ticket new support ticket received connect url
File Share Access - [TICKET ID] - [USERNAME].[NAME]([COMPANY]. [LOCATION])Service Request: File Share Access     Grant access to file share for the following user:  [USERNAME].[NAME]([COMPANY]. [LOCATION]) (Username: [USERNAME])  Access Type: (RW) Read / Write  File Share:  J:/LSB Deutschland     Requestor: [USERNAME].[NAME]([COMPANY]. [LOCATION])  Comment:,Technical Issue,Medium,file share access ticket username company location service request file share access grant access file share following user username company location username username access type read write file share lsb deutschland requestor username company location comment
[TICKET ID] - New Support Ticket received  - Shakopee Employees Distribution List,Technical Issue,Medium,ticket new support ticket received shakopee employees distribution list
[TICKET ID] - New Support Ticket received  - Access to R drive for team member,Technical Issue,Medium,ticket new support ticket received access drive team member
[TICKET ID] - New Support Ticket received  - Proxy Error,General Query,Medium,ticket new support ticket received proxy error
[TICKET ID] - New Support Ticket received  - Malfunction [SERVER],Technical Issue,Medium,ticket new support ticket received malfunction server
Acesso a pasta do servidor de PatosCaros.        Estou novamente com o problema de acesso às pastas do drive J:. Por favor. seguir com os acessos idênticos ao do usuário da [NAME]  [NAME] ([EMAIL])        Desde já agradeço        [Image],Technical Issue,Medium,acesso pasta servidor patoscaros estou novamente com problema acesso pastas drive por favor seguir com acessos nticos usu rio email desde agrade image
[TICKET ID] - New Support Ticket received  - Skype uninstall and reinstall,Technical Issue,Medium,ticket new support ticket received skype uninstall reinstall
[TICKET ID] - New Support Ticket received  - File Share Access - [TICKET ID] - [NAME] [NAME] ([COMPANY]. [LOCATION]),Technical Issue,Medium,ticket new support ticket received file share access ticket company location
[TICKET ID] - A Support Ticket was forwarded to your role  - Shared email address request,Technical Issue,Medium,ticket support ticket forwarded role shared email address request
Remove File Share Access - [TICKET ID] - [NAME] ([COMPANY]. [LOCATION])Service Request: Remove File Share Access     Remove file share access for the following user:  [NAME] ([COMPANY]. [LOCATION]) (Username: [USERNAME])  File Share:  - GROUPS (J:) ZR-SP - GROUPS (J:) ZR-SV - GROUPS(J:) ZRMUSTER     Requestor: [NAME] ([COMPANY]. [LOCATION])  Comment:,Technical Issue,Medium,remove file share access ticket company location service request remove file share access remove file share access following user company location username username file share groups groups groups zrmuster requestor company location comment
Basis User - [TICKET ID] -Service Request: Basis User     Create Windows account for internal user       Firstname:  [NAME]  Lastname:  [NAME]  Cost Center:  44254  Company:    Department:  [ADDRESS]:    ZIP:    City:    Country:    Office:       Important: Please set the EA10 to the following value: 13663 (leave blank. when empty)  Please create Exchange and Skype account.  The user needs at least the following access permissions:  Access to [SOFTWARE] ([SERVER])  Requestor:  [NAME] ([COMPANY]. [LOCATION])     Desired date:  Jan  6 2019 12:00AM     Additional information:,General Query,Medium,basis user ticket service request basis user create windows account internal user firstname lastname cost center company department address zip city country office important set following value leave blank create exchange skype account user needs following access permissions access software server requestor company location desired date jan additional information
[TICKET ID] - A Support Ticket was forwarded to your role  - Activación Skype en perfil [NAME],Technical Issue,Medium,ticket support ticket forwarded role activaci skype perfil
Light User - [USERNAME] -Service Request: Light User  Create Light user for      Firstname: [NAME]  Lastname: [NAME]  Cost Center: 47046  Company: [COMPANY] Consulting   Department: GIT-EST  [ADDRESS]  ZIP: [ADDRESS]  City: [ADDRESS]  Country: Germany  Office:      Important: Please set the EA10 to the following value: [EMAIL]  (leave blank. when empty)     Desired date: Sep  4 2018 12:00AM     Requestor: [NAME] ([COMPANY]. [LOCATION])     Additional information:  Bitte auf die Kostenstelle 44220 buchen.,Account,Medium,light user username service request light user create light user firstname lastname cost center company company consulting department git est address zip address city address country germany office important set following value email leave blank desired date sep requestor company location additional information bitte auf die kostenstelle buchen
File Share Access - [TICKET ID] - [USERNAME]. Wiebke ([COMPANY]. [LOCATION])Service Request: File Share Access     Grant access to file share for the following user:  [USERNAME]. Wiebke ([COMPANY]. [LOCATION]) (Username: [USERNAME])  Access Type: (RW) Read / Write  File Share:  J:/Topf- und Substratbestellungen     Requestor: [NAME] ([COMPANY]. [LOCATION])  Comment:  J:/Topf- und Substratbestellungen,Technical Issue,Medium,file share access ticket username wiebke company location service request file share access grant access file share following user username wiebke company location username username access type read write file share topf und substratbestellungen requestor company location comment topf und substratbestellungen
[TICKET ID] - New information received on closed ticket  - LH - [SERVER] OS Updates,General Query,Medium,ticket new information received closed ticket server updates
Neuer Nutzer f�r Email User Gruppe,Technical Issue,Medium,neuer nutzer email user gruppe
Basis User - [TICKET ID] -Service Request: Basis User     Create Windows account for internal user       Firstname:  [NAME]  Lastname:  [NAME] Center:  44295  Company:    Department:  MOM_ADM-[ADDRESS]:    ZIP:    City:    Country:    Office:       Important: Please set the EA10 to the following value: 13713 (leave blank. when empty)  Please create Exchange and Skype account.  The user needs at least the following access permissions:  Access to [SOFTWARE] ([SERVER])  Requestor:  [NAME] ([COMPANY]. ESBA)     Desired date:  Jan  9 2019 12:00AM     Additional information:,General Query,Medium,basis user ticket service request basis user create windows account internal user firstname lastname center company department mom adm address zip city country office important set following value leave blank create exchange skype account user needs following access permissions access software server requestor company esba desired date jan additional information
Light User for external - [TICKET ID] - [NAME]Service Request: Light User for external  Create Light user for [NAME]. [USERNAME]      Firstname: [NAME]   Lastname: [NAME]ailaddress: [EMAIL]  Phone: 0  Cost Center: 47050  Function:[LOCATION]Consultant  Company: [COMPANY]  Department: GIT-[ADDRESS]  ZIP: [ADDRESS]  City: [ADDRESS]  Country: [ADDRESS]  Location:[LOCATION] Office:   Expiration date: Not defined     Important: Please indicate in EA14 that it is an external user.     Requestor: [NAME] ([COMPANY]. [LOCATION])     Desired date: Dec 18 2018 12:00AM     Additional information:  [EMAIL],General Query,Medium,light user external ticket service request light user external create light user username firstname lastname ailaddress email phone cost center function location consultant company company department git address zip address city address country address location location office expiration date defined important indicate external user requestor company location desired date dec additional information email
Missing group in AD,Account,Medium,missing group
[TICKET ID] - New information received on closed ticket  - desconexion del VPN,General Query,Medium,ticket new information received closed ticket desconexion del vpn
[TICKET ID] - New Support Ticket received  - Erro no site da RFB,General Query,Medium,ticket new support ticket received erro site rfb
Basis User - [USERNAME] -Service Request: Basis User     Create Windows account for internal user       Firstname:  [NAME]  Lastname:  [NAME]  Cost Center:  44286  Company:    Department:  [LOCATION]  Street:  [ADDRESS] grande – Piura - Piura  ZIP:  [ADDRESS]  City:  [ADDRESS]  Country:  Peru  Office:       Important: Please set the EA10 to the following value: [USERNAME] (leave blank. when empty)  Please create Exchange and Skype account.  The user needs at least the following access permissions:  Access to [SOFTWARE] ([SERVER])  Requestor: [NAME] ([COMPANY]. [LOCATION])     Desired date:  Jan 16 2019  4:00AM     Additional information:   dear all.  please. create the AD as [USERNAME] and mail account as [EMAIL]  thank you very much,General Query,Medium,basis user username service request basis user create windows account internal user firstname lastname cost center company department location street address grande piura piura zip address city address country peru office important set following value username leave blank create exchange skype account user needs following access permissions access software server requestor company location desired date jan additional information dear create username mail account email thank
Light User for external - [TICKET ID] - [USERNAME]. [NAME]Service Request: Light User for external  Create Light user for [USERNAME]. [NAME]     Firstname: [NAME]  Lastname: [NAME]ailaddress: [EMAIL]  Phone: [PHONE]                            Cost Center: 47050  Function: Externer Berater  Company: [COMPANY] GmbH  Department: GIT-[ADDRESS]  ZIP: [ADDRESS]  City: [ADDRESS]  Country: [ADDRESS]  Location:[LOCATION] Office:   Expiration date: Jun 30 2019 11:00PM     Important: Please indicate in EA14 that it is an external user.     Requestor: [NAME] ([COMPANY]. [LOCATION])     Desired date: Jan 22 2019 12:00AM     Additional information:  [NAME] arbeitet an der WM Lösung für Serbien und muss dafür auf die SCP.  VG [NAME],General Query,Medium,light user external ticket username service request light user external create light user username firstname lastname ailaddress email phone phone cost center function externer berater company company gmbh department git address zip address city address country address location location office expiration date jun important indicate external user requestor company location desired date jan additional information arbeitet der sung serbien und muss daf auf die scp
[TICKET ID] - New Support Ticket received  - espelhamento de usuario,Account,Medium,ticket new support ticket received espelhamento usuario
Basis User for external - [TICKET ID] - [NAME]. OlgaService Request: Basis User for external     Create Windows account for external user  [NAME]     Firstname: [NAME]  Lastname: [NAME]ailaddress: [EMAIL]  Phone: [PHONE]  Cost Center: 44263  Function: Payroll outsource specialist  Company: [COMPANY]  Department: [COMPANY]_ADM-[ADDRESS]  City: [ADDRESS]  Country: [ADDRESS]  Location:[LOCATION] Office:   Expiration date: Not defined     Important: Please indicate in EA14 that it is an external user.     Requestor: [NAME] ([COMPANY]. [LOCATION])     Desired date: Dec 29 2018 10:00PM     Additional information:,General Query,Medium,basis user external ticket olgaservice request basis user external create windows account external user firstname lastname ailaddress email phone phone cost center function payroll outsource specialist company company department company adm address city address country address location location office expiration date defined important indicate external user requestor company location desired date dec additional information
[TICKET ID] - A Support Ticket was forwarded to your role  - Leaving Employee - [TICKET ID] - [NAME] (External. [LOCATION]),General Query,Medium,ticket support ticket forwarded role leaving employee ticket external location
File Share Access - [TICKET ID] - [NAME]. [NAME] ([COMPANY]. [LOCATION])Service Request: File Share Access     Grant access to file share for the following user:  [USERNAME]. [NAME] ([COMPANY]. [LOCATION]) (Username: [USERNAME])  Access Type: (RW) Read / Write  File Share:      J:/CE-STA/      please create the folder if it does not yet exist and give R/W access for this and all subfolders.        Requestor: [NAME] ([COMPANY]. [LOCATION])  Comment:,Technical Issue,Medium,file share access ticket company location service request file share access grant access file share following user username company location username username access type read write file share sta create folder does exist access subfolders requestor company location comment
[TICKET ID] - New Support Ticket received  - Contacts are gone on iPhone 5,General Query,Medium,ticket new support ticket received contacts gone iphone
[TICKET ID] - New Support Ticket received  - Instalaçao d e programa,Technical Issue,Medium,ticket new support ticket received instala programa
[TICKET ID] - New Support Ticket received  - unable to log into skype,Technical Issue,Medium,ticket new support ticket received unable log skype
File Share Access - [TICKET ID] - [NAME] ([COMPANY]. [LOCATION])Service Request: File Share Access     Grant access to file share for the following user:  [USERNAME]. [NAME] ([COMPANY]. [LOCATION]) (Username: [USERNAME])  Access Type: (RW) Read / Write  File Share:  J:/ÖFZFOX/MOM-OSR     Requestor: [NAME] ([COMPANY]. [LOCATION])  Comment:,Technical Issue,Medium,file share access ticket company location service request file share access grant access file share following user username company location username username access type read write file share fzfox mom osr requestor company location comment
[TICKET ID] - New Support Ticket received  - Printing error,Technical Issue,Medium,ticket new support ticket received printing error
[TICKET ID] - A Support Ticket was forwarded to your role  - Access to Team Email in Outlook,Technical Issue,Medium,ticket support ticket forwarded role access team email outlook
conta de serviço o365Olá.  Gostaria de solicitar a criação de uma conta de serviço no O365 para que usassemos nas impressoras. para que elas façam o scan to email.  Aproveitando. pode acrescentar nesse ticket se precisa ser feito alguma alteração na impressora em si.  Como: servidro SMTP. servidor DNS. SSL. email usado. etc.,Technical Issue,Medium,conta servi gostaria solicitar cria uma conta servi para que usassemos nas impressoras para que elas scan email aproveitando pode acrescentar nesse ticket precisa ser feito alguma altera impressora como servidro smtp servidor dns ssl email usado
[TICKET ID] - A Support Ticket was forwarded to your role  -[LOCATION]account locked,Technical Issue,Medium,ticket support ticket forwarded role location account locked
[TICKET ID] - New information received on closed ticket  - Initiated by [COMPANY][LOCATION]- Vulnerable[LOCATION]on [LOCATION]-[ADDRESS],General Query,Medium,ticket new information received closed ticket initiated company location vulnerable location location address
Delete the system,Account,Medium,delete
[TICKET ID] - New Support Ticket received  - Atualização SICALC,Technical Issue,Medium,ticket new support ticket received atualiza sicalc
[TICKET ID] - New information received on closed ticket  - [NAME] iPhone BlackBerry app launches. then quits immediately,General Query,High,ticket new information received closed ticket iphone blackberry app launches quits immediately
[TICKET ID] - New Support Ticket received  - Mobile Device - [TICKET ID] - [NAME] ([COMPANY]. [LOCATION]),General Query,Medium,ticket new support ticket received mobile device ticket company location
Basis User - [TICKET ID] - [NAME] ([COMPANY]. [LOCATION])Service Request: Basis User     Create Windows account for internal user  [NAME] ([COMPANY]. [LOCATION])     Firstname:  [NAME]  Lastname:  [NAME]  Cost Center:  79099  Company:  [COMPANY] Seed Co.[LOCATION] Department:  [LOCATION]  Street:    ZIP:    City:    Country:    Office: [LOCATION]    Important: Please set the EA10 to the following value: [EMAIL] (leave blank. when empty)  Please create Exchange and Skype account.  The user needs at least the following access permissions:  Access to [SOFTWARE] ([SERVER])  Requestor:  [NAME] ([COMPANY]. [LOCATION])     Desired date:  Dec 12 2018  5:00PM     Additional information:   Dear colleagues:  Please help me create account for new JV internal employee.  She is belong to[LOCATION]Group. Her mailbox include @[EMAIL] and @[EMAIL] Thank you  First Name: [NAME]  Last Name: [NAME]  Gender: Female  Telephone:[PHONE]  Place: [ADDRESS]  ZIP: [ADDRESS]  Country: China  Company: [COMPANY][LOCATION]CO.. LTD.  Department : Financial  Function:[LOCATION]Accountant,General Query,Medium,basis user ticket company location service request basis user create windows account internal user company location firstname lastname cost center company company seed location department location street zip city country office location important set following value email leave blank create exchange skype account user needs following access permissions access software server requestor company location desired date dec additional information dear colleagues help create account new internal employee belong location group mailbox include email email thank gender female telephone phone place address zip address country china company company location department financial function location accountant
Union Equipos al Dominio,Account,Medium,union equipos dominio
[TICKET ID] - New Support Ticket received  - Skype sem acesso,Technical Issue,Medium,ticket new support ticket received skype sem acesso
Light User for external - [TICKET ID] - [NAME] Service Request: Light User for external  Create Light user for [USERNAME]                           Firstname: [NAME]                        Lastname: [NAME]                                  Mailaddress: [EMAIL]                                      Phone: [PHONE]                                              Cost Center: 32151  Function: Support  Company: [COMPANY] Einsteinstr. 8. [ADDRESS]  Department: [ADDRESS]-[ADDRESS]  ZIP: [ADDRESS]  City: [ADDRESS]  Country: [ADDRESS]  Location:[LOCATION] Office:   Expiration date: Not defined     Important: Please indicate in EA14 that it is an external user.     Requestor: [NAME] ([COMPANY]. [LOCATION])     Desired date: Jan  8 2019 12:00AM     Additional information:,General Query,Medium,light user external ticket service request light user external create light user username firstname lastname mailaddress email phone phone cost center function support company company einsteinstr address department address address zip address city address country address location location office expiration date defined important indicate external user requestor company location desired date jan additional information
File Share Access - [TICKET ID] - [NAME].[NAME]([COMPANY]. [LOCATION])Service Request: File Share Access     Grant access to file share for the following user:  [NAME].[NAME]([COMPANY]. [LOCATION]) (Username: [USERNAME])  Access Type: (RW) Read / Write  File Share:  J:/GMO-DECLARATIONS_MA     Requestor: [NAME] ([COMPANY]. [LOCATION])  Comment:,Technical Issue,Medium,file share access ticket company location service request file share access grant access file share following user company location username username access type read write file share gmo declarations requestor company location comment
[TICKET ID] - New Support Ticket received  - Deactivate email address: [EMAIL],Account,Medium,ticket new support ticket received deactivate email address email
File Share Access - [TICKET ID] - [USERNAME]. [NAME] ([COMPANY]. [LOCATION])Service Request: File Share Access     Grant access to file share for the following user:  [USERNAME]. [NAME] ([COMPANY]. [LOCATION]) (Username: [USERNAME])  Access Type: (RO) Read only  File Share:  J:/ZR_MAS     Requestor: [NAME] ([COMPANY]. [LOCATION])  Comment:,Technical Issue,Medium,file share access ticket username company location service request file share access grant access file share following user username company location username username access type read file share mas requestor company location comment
Basis User - [TICKET ID] - [NAME] ([COMPANY]. [LOCATION])Service Request: Basis User     Create Windows account for internal user  [NAME] ([COMPANY]. [LOCATION])     Firstname:  [NAME]  Lastname:  Nadj  Cost Center:  44265  Company:  [COMPANY] Seme YU D.O.O.  Department:  [COMPANY]_MA-[ADDRESS]  ZIP:  [ADDRESS]  City:  [ADDRESS]  Country:  [ADDRESS]  Office:       Important: Please set the EA10 to the following value: 13315 (leave blank. when empty)  Please create Exchange and Skype account.  The user needs at least the following access permissions:  Access to [SOFTWARE] ([SERVER])  Requestor:  [NAME] (EXTERNAL. [LOCATION])     Desired date:  Sep  3 2018 12:00AM     Additional information:  [LOCATION]Emloyee!  !!!! She also need mobile device accounts only - for A6 and iPad with [COMPANY] CRM. but this options are not existing in the Matrix shop!!!!,Account,Medium,basis user ticket company location service request basis user create windows account internal user company location firstname lastname nadj cost center company company seme department company address zip address city address country address office important set following value leave blank create exchange skype account user needs following access permissions access software server requestor external location desired date sep additional information location emloyee need mobile device accounts ipad company crm options existing matrix shop
new computer,Account,Medium,new computer
Cancelamento Usuário e Acessos Glauco Santos BahiaPor gentileza efetuar o cancelamento do usuário do Glauco Santos Bahia e criar aliás para e-mail do [NAME]. conforme termo em anexo.  Obrigada!,Account,Medium,cancelamento usu rio acessos glauco santos bahiapor gentileza efetuar cancelamento usu rio glauco santos bahia criar ali para mail conforme termo anexo obrigada
Basis User for external - [USERNAME] - [NAME]. [NAME]Service Request: Basis User for external     Create Windows account for external user  [NAME]     Firstname: [NAME]  Lastname: [NAME]ailaddress: [EMAIL]  Phone: [PHONE]  Cost Center: 44293  Function: Controlling Temp  Company: [COMPANY]  Department: [COMPANY]_CT  Street: [ADDRESS]  ZIP: [ADDRESS]  City: [ADDRESS]  Country: [ADDRESS]  Location:[LOCATION] Office:   Expiration date: Not defined     Important: Please indicate in EA14 that it is an external user.     Requestor: [NAME] ([COMPANY]. [LOCATION])     Desired date: Jan  9 2019  7:00AM     Additional information:,General Query,Medium,basis user external username service request basis user external create windows account external user firstname lastname ailaddress email phone phone cost center function controlling temp company company department company street address zip address city address country address location location office expiration date defined important indicate external user requestor company location desired date jan additional information
[TICKET ID] - New information received on closed ticket  - Atualizar o programa Receira BX,Technical Issue,Medium,ticket new information received closed ticket atualizar programa receira
Zugriff auf[LOCATION]Server von einem anderen[LOCATION]ServerHallo Zusammen.      vom [IP] gibt es keinen keinen Zugriff auf den Port 443 (https) des [IP]. Die andere Richtung funktioniert. Für das Geoprocessing (eine Webapplikation) brauchen wir aber eine beidseitige Kommunikation auf die https-Ports des Applikationservers und des Geoprocessing-Servers.      Können Sie bitte den Zugriff vom IP] auf den Port 443 (https) des [IP]  freischalten?                Danek udn Viele Grüße  [NAME],General Query,Medium,zugriff auf location server von einem anderen location serverhallo zusammen vom gibt keinen keinen zugriff auf den port https des die andere richtung funktioniert das geoprocessing eine webapplikation brauchen wir aber eine beidseitige kommunikation auf die https ports des applikationservers und des geoprocessing servers nnen sie bitte den zugriff vom auf den port https des freischalten danek udn viele
File Share Access - [TICKET ID] - [NAME] ([COMPANY]. [LOCATION])Service Request: File Share Access     Grant access to file share for the following user:  [NAME] ([COMPANY]. [LOCATION]) (Username: )  Access Type: (RW) Read / Write  File Share:    J:/Stundenbuecher  J:/WST-ALLG       Requestor: [NAME] ([COMPANY]. [LOCATION])  Comment:,Technical Issue,Medium,file share access ticket company location service request file share access grant access file share following user company location username access type read write file share stundenbuecher wst allg requestor company location comment
[TICKET ID] - New Support Ticket received  - Basis User - [USERNAME]. [NAME] ([COMPANY]. [LOCATION]),General Query,Medium,ticket new support ticket received basis user username company location
[TICKET ID] - New Support Ticket received  - Impressora com atolamento de papel,Technical Issue,Medium,ticket new support ticket received impressora com atolamento papel
[TICKET ID] - New Support Ticket received  - Light House - Missing Updates,General Query,Medium,ticket new support ticket received light house missing updates
File Share Access - [TICKET ID] - [NAME] ([COMPANY]. [LOCATION])Service Request: File Share Access     Grant access to file share for the following user:  [NAME] ([COMPANY]. [LOCATION]) (Username: [USERNAME])  Access Type: (RW) Read / Write  File Share:  J:/ÖFZFOX/MOM-OSR     Requestor: [NAME] ([COMPANY]. [LOCATION])  Comment:,Technical Issue,Medium,file share access ticket company location service request file share access grant access file share following user company location username username access type read write file share fzfox mom osr requestor company location comment
[TICKET ID] - New Support Ticket received  - check_mk SD Hostalarm: ([SERVER]) [COMPANY] LS Site2Site[LOCATION]- UP -> DOWN,General Query,High,ticket new support ticket received check hostalarm server company site site location
[TICKET ID] - A Support Ticket was forwarded to your role  - Create[LOCATION]entry [SERVER]m.[COMPANY]up.ads.dir,General Query,Medium,ticket support ticket forwarded role create location entry server company ads dir
[TICKET ID] - A Support Ticket was forwarded to your role  - Instalación de software,Technical Issue,Medium,ticket support ticket forwarded role instalaci software
[TICKET ID] - A Support Ticket was forwarded to your role  - Displaynamen für generische Email-Adressen anpassen,Technical Issue,Medium,ticket support ticket forwarded role displaynamen generische email adressen anpassen
[TICKET ID] - New Support Ticket received  - BarTender app,Technical Issue,Medium,ticket new support ticket received bartender app
[TICKET ID] - New Support Ticket received  - emails sent from GTC-TR mailbox appear in personal sent items instead GTC-TR sent items,Technical Issue,Medium,ticket new support ticket received emails sent gtc mailbox appear personal sent items instead gtc sent items
[TICKET ID] - New Support Ticket received  - My computer is not connecting to the network when it is out of the docking station.,Technical Issue,Medium,ticket new support ticket received computer connecting network docking station
[TICKET ID] - New Support Ticket received  - BD[LOCATION]Computer,Technical Issue,Medium,ticket new support ticket received location computer
Basis User - [TICKET ID] - [NAME] ([COMPANY]. [LOCATION])Service Request: Basis User     Create Windows account for internal user  [NAME] ([COMPANY]. [LOCATION])     Firstname:  [NAME]  Lastname:  [NAME] Center:  44278  Company:  [COMPANY]  Department:  [ADDRESS]-MOM_BR-[ADDRESS]:  [ADDRESS]  ZIP:  [ADDRESS]  City:  [ADDRESS]  Country:    Office:       Important: Please set the EA10 to the following value: 12661 (leave blank. when empty)  Please create Exchange and Skype account.  The user needs at least the following access permissions:  Access to [SOFTWARE] ([SERVER])  Requestor: [NAME] ([COMPANY]. [LOCATION])     Desired date:  Jan 10 2019 12:00AM     Additional information:,General Query,Medium,basis user ticket company location service request basis user create windows account internal user company location firstname lastname center company company department address mom address address zip address city address country office important set following value leave blank create exchange skype account user needs following access permissions access software server requestor company location desired date jan additional information
[TICKET ID] - A Support Ticket was forwarded to your role  - Nutzer zu bestehenden Shared Mailboxen hinzufügen,Technical Issue,Medium,ticket support ticket forwarded role nutzer bestehenden shared mailboxen hinzuf gen
Basis User for external - [TICKET ID] - [NAME]Service Request: Basis User for external     Create Windows account for external user  [NAME]     Firstname: [NAME]  Lastname: [NAME]ailaddress: [EMAIL]   Phone: [PHONE]  Cost Center: 44281  Function: IT provider  Company:[LOCATION] Department: [ADDRESS]/ [ADDRESS]  ZIP: [ADDRESS]  City: [ADDRESS]  Country:   Location:[LOCATION] Office:   Expiration date: Not defined     Important: Please indicate in EA14 that it is an external user.     Requestor: [NAME] ([COMPANY]. [LOCATION])     Desired date: Jan  4 2019 12:00AM     Additional information:  Please. could you create the adm user [USERNAME] in[LOCATION]OU with the same rights as admpearce.,General Query,Medium,basis user external ticket service request basis user external create windows account external user firstname lastname ailaddress email phone phone cost center function provider company location department address address zip address city address country location location office expiration date defined important indicate external user requestor company location desired date jan additional information create adm user username location rights admpearce
[TICKET ID] - New Support Ticket received  - File Share Access - [TICKET ID] - [NAME]. ([COMPANY]. [LOCATION]),Technical Issue,Medium,ticket new support ticket received file share access ticket company location
File Share Access - [TICKET ID] - [USERNAME]. ([COMPANY]. [LOCATION])Service Request: File Share Access     Grant access to file share for the following user:  [USERNAME] ([COMPANY]. [LOCATION]) (Username: [USERNAME])  Access Type: (RW) Read / Write  File Share:        J:[COMPANY]_[COMPANY]    J:IT-ILV    Zugriff app22 share            Requestor: [NAME] ([COMPANY]. [LOCATION])  Comment:,Technical Issue,Medium,file share access ticket username company location service request file share access grant access file share following user username company location username username access type read write file share company company ilv zugriff app share requestor company location comment
Basis User - [TICKET ID] - [USERNAME]. ([COMPANY]. [LOCATION])Service Request: Basis User     Create Windows account for internal user  [USERNAME] ([COMPANY]. [LOCATION])     Firstname:  [NAME]  Lastname:  [USERNAME]  Cost Center:  174454  Company:  [COMPANY] [ADDRESS] GmbH  Department:  GTC-[ADDRESS]  ZIP:  [ADDRESS]  City:  [ADDRESS]  Country:  Germany  Office:       Important: Please set the EA10 to the following value: 13616 (leave blank. when empty)  Please create Exchange and Skype account.  The user needs at least the following access permissions:  (RW) H:/%username%  (RO) J:/Auftrag  (RW) J:/Info  (RW) J:/Transfer  (RO) J:/Vorlagen  Access to [COMPANY] intranet  Access to [SOFTWARE] ([SERVER])  Requestor:  [NAME] ([COMPANY]. [LOCATION])     Desired date:  Dec 30 2018 12:00AM     Additional information:,General Query,Medium,basis user ticket username company location service request basis user create windows account internal user username company location firstname lastname username cost center company company address gmbh department gtc address zip address city address country germany office important set following value leave blank create exchange skype account user needs following access permissions username auftrag info transfer vorlagen access company intranet access software server requestor company location desired date dec additional information
User locked out,Account,Medium,user locked
[TICKET ID] - New Support Ticket received  - Email cell phone problems,General Query,Medium,ticket new support ticket received email cell phone problems
[TICKET ID] - A Support Ticket was forwarded to your role  - Acesso a pasta Z (Obers),Technical Issue,Medium,ticket support ticket forwarded role acesso pasta obers
[TICKET ID] - A Support Ticket was forwarded to your role  - Basis User - [USERNAME] -,General Query,Medium,ticket support ticket forwarded role basis user username
Unable to obtain[LOCATION]QR code[NAME] is not able to get a QR code to set up the[LOCATION]Verify App on his phone. When he goes to his settings on the [COMPANY] Okta page. the Extra Verification simply says[LOCATION]Enabled but his mobile device need the QR code to activate. Please provide assistance.,Technical Issue,Medium,unable obtain location code able code set location verify app phone goes settings company okta page extra verification simply says location enabled mobile device need code activate provide assistance
File Share Access - [TICKET ID] - [USERNAME]. [NAME] ([COMPANY]. [LOCATION])Service Request: File Share Access     Grant access to file share for the following user:  [USERNAME]. [NAME] ([COMPANY]. [LOCATION]) (Username: [USERNAME])  Access Type: (RW) Read / Write  File Share:    Bitte richten Sie einen neuen Ordner auf Laufwerk J ein:   [SERVER]   Zugriff (Read and Write) für [NAME] und [NAME].       Requestor: [NAME] ([COMPANY]. [LOCATION])  Comment:,Technical Issue,Medium,file share access ticket username company location service request file share access grant access file share following user username company location username username access type read write file share bitte richten sie einen neuen ordner auf laufwerk ein server zugriff read write und requestor company location comment
Basis User - [TICKET ID] - [NAME] ([COMPANY]. [LOCATION])Service Request: Basis User     Create Windows account for internal user  [NAME] ([COMPANY]. [LOCATION])     Firstname:  [NAME]  Lastname:  [NAME]  Cost Center:  44288  Company:  [COMPANY] S.A.  Department:  [ADDRESS]. 20°andar  ZIP: [LOCATION][ADDRESS]  City:  [ADDRESS]  Country:  [ADDRESS]  Office:  [LOCATION].     Important: Please set the EA10 to the following value: 9102 (leave blank. when empty)  Please create Exchange and Skype account.  The user needs at least the following access permissions:  Access to [SOFTWARE] ([SERVER])  Requestor:  [NAME] ([COMPANY]. [LOCATION])     Desired date:  Jan 28 2019 12:00AM     Additional information:    Da der Mitarbeiter in[LOCATION]noch nicht von Braslien nach Deutschland umgehängt werden kann (erst mit seinem Arbeitsgebinn am 01.02.2019). bitte die Bestellungen auf die[LOCATION]47009 / Group Strategy/ [COMPANY] buchen.  Bitte die Bestellungen zur Freigabe an den neuen Vorgesetzen [NAME] van der Hoeven umlenken!  Lieferung aller Bestellungen bitte bis 28.01.2019,General Query,Medium,basis user ticket company location service request basis user create windows account internal user company location firstname lastname cost center company company department address andar zip location address city address country address office location important set following value leave blank create exchange skype account user needs following access permissions access software server requestor company location desired date jan additional information der mitarbeiter location noch nicht von braslien nach deutschland umgeh ngt werden kann erst mit seinem arbeitsgebinn bitte die bestellungen auf die location group strategy company buchen bitte die bestellungen zur freigabe den neuen vorgesetzen van der hoeven umlenken lieferung aller bestellungen bitte bis
Light User for external - [TICKET ID] - [NAME]Service Request: Light User for external  Create Light user for [NAME]     Firstname: [NAME]  Lastname: [NAME]ailaddress: [EMAIL]  Phone: [ADDRESS]  Function:[LOCATION]consultant Serbia  Company: [COMPANY]  Department: GIT-[ADDRESS]  ZIP: [ADDRESS]  City: [ADDRESS]  Country: [ADDRESS]  Location:[LOCATION] Office:   Expiration date: Mar 31 2019 12:00AM     Important: Please indicate in EA14 that it is an external user.     Requestor: [NAME] ([COMPANY]. [LOCATION])     Desired date: Dec 19 2018 12:00AM     Additional information:,General Query,Medium,light user external ticket service request light user external create light user firstname lastname ailaddress email phone address function location consultant serbia company company department git address zip address city address country address location location office expiration date mar important indicate external user requestor company location desired date dec additional information
OneDrive loginHello!  It is often the case (not every time. but very often) that when I open a file from OneDrive that I have to login when I want to save my changes.  I was under the impression that when Im using my work computer within the network I would not have to login every time.  Thanks in advance for your help!,Technical Issue,Medium,onedrive loginhello case time open file onedrive login want save changes impression using work computer network login time thanks advance help
Basis User - [TICKET ID] - [NAME] ([COMPANY]. [LOCATION])Service Request: Basis User     Create Windows account for internal user  [NAME] ([COMPANY]. [LOCATION])     Firstname:  [NAME]  Lastname:  Germerott  Cost Center:  47028  Company:  [COMPANY] SE  Department:  GCT-ESP  [ADDRESS]  ZIP:  [ADDRESS]  City:  [ADDRESS]  Country:  [ADDRESS]  Office:       Important: Please set the EA10 to the following value: 13496 (leave blank. when empty)  Please create Exchange and Skype account.  The user needs at least the following access permissions:  (RW) H:/%username%  (RO) J:/Auftrag  (RW) J:/Info  (RW) J:/Transfer  (RO) J:/Vorlagen  Access to [COMPANY] intranet  Access to [SOFTWARE] ([SERVER])  Requestor:  [NAME] ([COMPANY]. [LOCATION])     Desired date:  Dec 18 2018 12:00AM     Additional information:   This order includes Software & Hardware for [NAME]  Hello.   Please create a new[LOCATION]User for mrs. [NAME] with following roles:  P01:  .DE:CO:GR05:OM_CONTROL_SPART  .DE:CO:GR05:PA_CONTROL_SPART  .DE:CO:GR05:PC_HQ_MATBEW  .DE:MM:0001:AUSWERTER_ZR  .DE:MM:0001:INVENTURABWICKL_ZR  .DE:MM:GEIN:LOGISTIK_CONTRL_ZR  .DE:MM:GR05:CONTRL_LOGISTIK_ZR  .DE:SD:0001:ABSATZPLANER_ZR  .NL:MM:0065:BESTANDSPLANER_KA  .US:MM:5850:LOGI_CO  .US:SD:5850:SDP_[SERVER]     BIP:  .BW:CO:CCT:REP  .BW:EC:CORPCT:REP  .BW:ICP:CM:CCT:REP  .BW:ICP:FC:CCT:REP  .BW:ICP:IM:CCT:REP  .BW:ICP:PP:CCT:REP  .DE:BC:ALLE:BASIS_FUNCTIONS  .PC:CF:INPL:CCT,General Query,Medium,basis user ticket company location service request basis user create windows account internal user company location firstname lastname germerott cost center company company department gct esp address zip address city address country address office important set following value leave blank create exchange skype account user needs following access permissions username auftrag info transfer vorlagen access company intranet access software server requestor company location desired date dec additional information order includes software hardware hello create new location user mrs following roles control spart control spart matbew auswerter inventurabwickl gein logistik contrl contrl logistik absatzplaner bestandsplaner logi sdp server bip cct rep corpct rep icp cct rep icp cct rep icp cct rep icp cct rep alle basis functions inpl cct
File Share Access - [TICKET ID] - [USERNAME] ([COMPANY]. [LOCATION])Service Request: File Share Access     Grant access to file share for the following user:  [USERNAME]([COMPANY]. [LOCATION]) (Username: [USERNAME])  Access Type: (RW) Read / Write  File Share:  J:/LTR     Requestor: [USERNAME] ([COMPANY]. [LOCATION])  Comment:  Zugriff auf Laufwerk J:/LTR,Technical Issue,Medium,file share access ticket username company location service request file share access grant access file share following user username company location username username access type read write file share ltr requestor username company location comment zugriff auf laufwerk ltr
[TICKET ID] - New Support Ticket received  - Liberar acesso,Account,Medium,ticket new support ticket received liberar acesso
[TICKET ID] - [SERVER][LOCATION]- Planned Maintenance - 2018-10-04. 10:00[LOCATION]| cpe0009469 ([COMPANY]) | cpe0013003 ([LOCATION]_Kimberly) [COMPANY] SE. Rückmeldungen erforderlich.,General Query,Medium,ticket server location planned maintenance location cpe company cpe location kimberly company ckmeldungen erforderlich
[TICKET ID] - A Support Ticket was forwarded to you  - problem with[LOCATION]on new device [SERVER],General Query,Medium,ticket support ticket forwarded problem location new device server
[TICKET ID] - New Support Ticket received  - Fuser error on [SERVER],Technical Issue,Medium,ticket new support ticket received fuser error server
[TICKET ID] - New Support Ticket received  - When connect through VPN. cannot access R: drive normally. only through IP,Technical Issue,Medium,ticket new support ticket received connect vpn access drive normally
[TICKET ID] - New Support Ticket received  - new phone set up,General Query,Medium,ticket new support ticket received new phone set
[TICKET ID] - New Support Ticket received  - Emails missing in outlook,Technical Issue,Medium,ticket new support ticket received emails missing outlook
[TICKET ID] - A Support Ticket was forwarded to you  - Fones de Ouvido,General Query,Medium,ticket support ticket forwarded fones ouvido
File Share Access - [TICKET ID] - [NAME] ([COMPANY]. [LOCATION])Service Request: File Share Access     Grant access to file share for the following user:  [NAME] ([COMPANY]. [LOCATION]) (Username: [USERNAME])  Access Type: (RW) Read / Write  File Share:  J:/scan/canon/ningel     Requestor: [NAME] ([COMPANY]. [LOCATION])  Comment:,Technical Issue,Medium,file share access ticket company location service request file share access grant access file share following user company location username username access type read write file share scan canon ningel requestor company location comment
[TICKET ID] - New Support Ticket received  - 3rd Party Consultant Access Denied,Account,Medium,ticket new support ticket received party consultant access denied
Light User for external - [TICKET ID] - [NAME]Service Request: Light User for external  Create Light user for [USERNAME]. [NAME]     Firstname: [NAME]  Lastname: [NAME]ailaddress: [EMAIL]  Phone: [PHONE] Center: 47054  Function: External Staff  Company: [COMPANY] IT Services  Department: GIT-[ADDRESS]  ZIP: [ADDRESS]  City: [ADDRESS]  Country: [ADDRESS]  Location:[LOCATION] Office:   Expiration date: Not defined     Important: Please indicate in EA14 that it is an external user.     Requestor: [NAME] ([COMPANY]. [LOCATION])     Desired date: Jan  3 2019 12:00AM     Additional information:  Please creat an[LOCATION]Admin Account for external.,General Query,Medium,light user external ticket service request light user external create light user username firstname lastname ailaddress email phone phone center function external staff company company services department git address zip address city address country address location location office expiration date defined important indicate external user requestor company location desired date jan additional information creat location admin account external
File Share Access - [TICKET ID] - [NAME] ([COMPANY]. [LOCATION])Service Request: File Share Access     Grant access to file share for the following user:  [NAME] ([COMPANY]. [LOCATION]) (Username: [USERNAME])  Access Type: (RW) Read / Write  File Share:  [SERVER]-FINANCE-RW     Requestor: [NAME] ([COMPANY]. [LOCATION])  Comment:,Technical Issue,Medium,file share access ticket company location service request file share access grant access file share following user company location username username access type read write file share server finance requestor company location comment
Abertura de PastaBom dia!      Por gentileza. criar uma pasta Relatório estoque dentro do Grupos J selecionar opção Laboratório e liberar o acesso para todos do ticket.,Technical Issue,Medium,abertura pastabom dia por gentileza criar uma pasta relat rio estoque dentro grupos selecionar laborat rio liberar acesso para todos ticket
Basis User - [USERNAME] -Service Request: Basis User     Create Windows account for internal user       Firstname:  [NAME]   Lastname:  [NAME]   Cost Center:  174407  Company:    Department:  [ADDRESS]:    ZIP:    City:    Country:  [ADDRESS]  Office:       Important: Please set the EA10 to the following value: 13681 (leave blank. when empty)  Please create Exchange and Skype account.  The user needs at least the following access permissions:  (RW) H:/%username%  (RO) J:/Auftrag  (RW) J:/Info  (RW) J:/Transfer  (RO) J:/Vorlagen  Access to [COMPANY] intranet  Access to [SOFTWARE] ([SERVER])  Requestor:  [NAME] ([COMPANY]. [LOCATION])     Desired date:  Jan 15 2019 12:00AM     Additional information:   english keyboard Bitte vom Berliner Bestand nehmen. wenn möglich. danke.,General Query,Medium,basis user username service request basis user create windows account internal user firstname lastname cost center company department address zip city country address office important set following value leave blank create exchange skype account user needs following access permissions username auftrag info transfer vorlagen access company intranet access software server requestor company location desired date jan additional information english keyboard bitte vom berliner bestand nehmen wenn glich danke
[TICKET ID] - New Support Ticket received  - instalação de aplicativos no celular,General Query,Medium,ticket new support ticket received instala aplicativos celular
INSTALAR ATUALIZAÇÃO SICALCBom dia!         Por favor. poderia me ajudar?     Preciso que coloquem a senha. para que eu possa instalar a atualização do Sicalc.         Obrigada!        Att..     [NAME],Technical Issue,Medium,instalar atualiza sicalcbom dia por favor poderia ajudar preciso que coloquem senha para que possa instalar atualiza sicalc obrigada att
Leaving Employee - [TICKET ID] - [NAME] ([COMPANY] [LOCATION])Service Request: Leaving Employee     The user [NAME] ([COMPANY] [LOCATION]) (Username: [USERNAME]) is going to leave [COMPANY] on Aug 15 2018  7:00AM.     The following IT services have to be canceled:  - Delete Windows account (Active Directory)  - Delete E-Mail account (Exchange)  - Return Hardware  - Return mobile device  - Delete[NAME]account  - Disable[LOCATION]access  - Disable Citrix access  - Disable file access  - Withdraw Adobe licenses     Requestor: [NAME] ([COMPANY]. [LOCATION])  Leaving date: Aug 15 2018  7:00AM  Comment:,Account,Medium,leaving employee ticket company location service request leaving employee user company location username username going leave company aug following services canceled delete windows account active directory delete mail account exchange return hardware return mobile device delete account disable location access disable citrix access disable file access withdraw adobe licenses requestor company location leaving date aug comment
[TICKET ID] - New Support Ticket received  - Instalação de impressora,Technical Issue,Medium,ticket new support ticket received instala impressora
Problemas para abrir archivos adjuntos en correoNecesito solucionar este problema para el cual adjunto imagen:  Saludos [Image],Technical Issue,Medium,problemas para abrir archivos adjuntos correonecesito solucionar este problema para cual adjunto imagen saludos image
[TICKET ID] - New Support Ticket received  - Add label printer,Technical Issue,Medium,ticket new support ticket received add label printer
Instalação de SoftwarePreciso da instalação do software do receptor de Wi-fi.,Technical Issue,Medium,instala softwarepreciso instala software receptor
[NAME] and [NAME]Hello.  When [NAME] replies all to an email he receives a copy of the email he just sent.  I believe this is due to the way his email is setup. as a distribution list (figure 1).   I suspect this issue is affecting all the users that have [URL][USERNAME] as their primary email. these include the following.    [NAME]  [NAME]  [NAME]  [NAME]  [Image]  When expanding. it populates the users name (figure 2).  Please also note a critical of this is the user is sending as @[USERNAME] (figure 2).  User should be sending email as [EMAIL] mailto:[EMAIL]. [Image],Technical Issue,High,hello replies email receives copy email just sent believe way email setup distribution list figure suspect issue affecting users url username primary email include following image expanding populates users figure note critical user sending username figure user sending email email mailto email image
ingreso skipe[Image],Technical Issue,Medium,ingreso skipe image
File Share Access - [TICKET ID] - [NAME] ([COMPANY]. [LOCATION])Service Request: File Share Access     Grant access to file share for the following user:  [NAME] ([COMPANY]. [LOCATION]) (Username: [USERNAME])  Access Type: (RW) Read / Write  File Share:  j:/ins-dv     Requestor: [NAME] ([COMPANY]. [LOCATION])  Comment:,Technical Issue,Medium,file share access ticket company location service request file share access grant access file share following user company location username username access type read write file share ins requestor company location comment
[TICKET ID] - New Support Ticket received  - problem with[LOCATION]on new device [SERVER],General Query,Medium,ticket new support ticket received problem location new device server
Basis User - [TICKET ID] - [USERNAME]. [NAME] ([COMPANY]. [LOCATION])Service Request: Basis User     Create Windows account for internal user  [USERNAME]. [NAME] ([COMPANY]. [LOCATION])     Firstname:  [NAME]  Lastname:  [NAME]  Cost Center:  31204  Company:  [COMPANY] SE  Department:  SB-[ADDRESS]  ZIP:  [ADDRESS]  City:  [ADDRESS]  Country:  [ADDRESS]  Office:       Important: Please set the EA10 to the following value: 5601 (leave blank. when empty)  Please create Exchange and Skype account.  The user needs at least the following access permissions:  (RW) H:/%username%  (RO) J:/Auftrag  (RW) J:/Info  (RW) J:/Transfer  (RO) J:/Vorlagen  Access to [COMPANY] intranet  Access to [SOFTWARE] ([SERVER])  Requestor: [NAME] ([COMPANY]. [LOCATION])     Desired date:  Feb  1 2019 12:00AM     Additional information:,General Query,Medium,basis user ticket username company location service request basis user create windows account internal user username company location firstname lastname cost center company company department address zip address city address country address office important set following value leave blank create exchange skype account user needs following access permissions username auftrag info transfer vorlagen access company intranet access software server requestor company location desired date feb additional information
[TICKET ID] - A Support Ticket was forwarded to your role  - check_mk SD Hostalarm: (nsc-magalhaes) [COMPANY] LS Site2Site[LOCATION]- UP -> DOWN,General Query,High,ticket support ticket forwarded role check hostalarm nsc magalhaes company site site location
[TICKET ID] - New Support Ticket received  - Instalación de impresora multifuncional Longavi,Technical Issue,Medium,ticket new support ticket received instalaci impresora multifuncional longavi
[TICKET ID] - New Support Ticket received  - instalacion de google earth y basecamp,Technical Issue,Medium,ticket new support ticket received instalacion google earth basecamp
File Share Access - [TICKET ID] - [USERNAME]. Elvin ([COMPANY]. [LOCATION])Service Request: File Share Access     Grant access to file share for the following user:  [USERNAME]. Elvin ([COMPANY]. [LOCATION]) (Username: [USERNAME])  Access Type: (RW) Read / Write  File Share:    J:/MarkerDB       The user needs access to the Marker Database.   Thanks        Requestor: [NAME] ([COMPANY]. [LOCATION])  Comment:,Technical Issue,Medium,file share access ticket username elvin company location service request file share access grant access file share following user username elvin company location username username access type read write file share markerdb user needs access marker database thanks requestor company location comment
Teams & Skype integration questionCan someone look at integration problems between Teams and Skype?  Example:  I am online in Teams. but not in Skype now. When I try to contact someone (chat or call) that is Online in Skype but not in Teams. it doesnt work. Is this by design?  thanks    [NAME]BA. PMP. CISSP   [COMPANY] Services North America  Phone [PHONE]         Mobile [PHONE]  [EMAIL]<mailto:[EMAIL]>            [URL]>,Technical Issue,Low,teams skype integration questioncan look integration problems teams skype example online teams skype try contact chat online skype teams doesnt work design thanks pmp cissp company services north america phone phone mobile phone email mailto email url
[TICKET ID] - New Support Ticket received  - celphone application Access does not work,General Query,Medium,ticket new support ticket received celphone application access does work
[TICKET ID] - New Support Ticket received  - setup PC,General Query,Medium,ticket new support ticket received setup
[TICKET ID] - A Support Ticket was forwarded to you  - Initiated by [COMPANY][LOCATION]- Vulnerable Intel[LOCATION]on [SERVER],General Query,Medium,ticket support ticket forwarded initiated company location vulnerable intel location server
[TICKET ID] - New Support Ticket received  - Add member to [COMPANY] Leadership Team email distribution list,Technical Issue,Medium,ticket new support ticket received add member company leadership team email distribution list
[TICKET ID] - New Support Ticket received  - Computador - Conta a pagar,General Query,Medium,ticket new support ticket received computador conta pagar
File Share Access - [TICKET ID] -Service Request: File Share Access     Grant access to file share for the following user:   (Username: )  Access Type: (RW) Read / Write  File Share:  J:/[COMPANY]/HR     Requestor: Messing [NAME] ([COMPANY]. [LOCATION])  Comment:,Technical Issue,Medium,file share access ticket service request file share access grant access file share following user username access type read write file share company requestor messing company location comment
File Share Access - [TICKET ID] - [USERNAME]. [NAME] ([COMPANY]. [LOCATION])Service Request: File Share Access     Grant access to file share for the following user:  [USERNAME]. [NAME] ([COMPANY]. [LOCATION]) (Username: [USERNAME])  Access Type: (RW) Read / Write  File Share:    Laufwerk J: ZET-PW           Requestor: [NAME] ([COMPANY]. [LOCATION])  Comment:,Technical Issue,Medium,file share access ticket username company location service request file share access grant access file share following user username company location username username access type read write file share laufwerk zet requestor company location comment
Light User for external - [TICKET ID] - [NAME] Service Request: Light User for external  Create Light user for [NAME]     Firstname: [NAME]  Lastname: [NAME]ailaddress: [EMAIL]  Phone: [PHONE]  Cost Center: 47050  Function: External Consultant  Company: [COMPANY] Brasil  Department: GIT-[ADDRESS]  ZIP: [ADDRESS]  City: [ADDRESS]  Country: [ADDRESS]  Location:[LOCATION] Office:   Expiration date: May 31 2019 11:00PM     Important: Please indicate in EA14 that it is an external user.     Requestor: [NAME] ([COMPANY]. [LOCATION])     Desired date: Jan 18 2019 12:00AM     Additional information:,General Query,Medium,light user external ticket service request light user external create light user firstname lastname ailaddress email phone phone cost center function external consultant company company brasil department git address zip address city address country address location location office expiration date important indicate external user requestor company location desired date jan additional information
[TICKET ID] - New Support Ticket received  - Instalar scanner,Technical Issue,Medium,ticket new support ticket received instalar scanner
[TICKET ID] - New Support Ticket received  - Skype meeting invitations,Technical Issue,Medium,ticket new support ticket received skype meeting invitations
[TICKET ID] - New Support Ticket received  - SKYPE[LOCATION]BUSINESS,Technical Issue,Medium,ticket new support ticket received skype location business
[TICKET ID] - New Support Ticket received  - passcode for work cell phone,General Query,Medium,ticket new support ticket received passcode work cell phone
[TICKET ID] - New Support Ticket received  - iPad perm Wi-Fi,General Query,Medium,ticket new support ticket received ipad perm
[TICKET ID] - New Support Ticket received  - Printer doesn`t work correctly,Technical Issue,Medium,ticket new support ticket received printer doesn work correctly
Einrichtung des [COMPANY] Kalenders auf einem privaten NotebookEinrichtung des [COMPANY] Kalenders auf einem privaten Notebook  Verantwortliche Person: [NAME],Technical Issue,Medium,einrichtung des company kalenders auf einem privaten notebookeinrichtung des company kalenders auf einem privaten notebook verantwortliche person
[TICKET ID] - A Support Ticket was forwarded to your role  -  Cambios de PC [NAME] y [NAME] oficina a Original,General Query,Medium,ticket support ticket forwarded role cambios oficina original
File Share Access - [TICKET ID] - [NAME] ([COMPANY]. [LOCATION])Service Request: File Share Access     Grant access to file share for the following user:  [NAME] ([COMPANY]. [LOCATION]) (Username: [NAME])  Access Type: (RW) Read / Write  File Share:                                //[COMPANY]ads.dir/[COMPANY]ein01-ems01/[LOCATION])                           Requestor: [NAME] ([COMPANY]. [LOCATION])  Comment:,Technical Issue,Medium,file share access ticket company location service request file share access grant access file share following user company location username access type read write file share company ads dir company ein ems location requestor company location comment
[TICKET ID] - New Support Ticket received  - instalacion de impresoras [SERVER] y 03,Technical Issue,Medium,ticket new support ticket received instalacion impresoras server
[TICKET ID] - New Support Ticket received  - switch phones,General Query,Medium,ticket new support ticket received switch phones
[TICKET ID] - A Support Ticket was forwarded to your role  - Email Benachrichtigung nach Kalenderbuchung,Technical Issue,Medium,ticket support ticket forwarded role email benachrichtigung nach kalenderbuchung
SR272002 Marriage and changed name requested for: [NAME] ([COMPANY]; [NAME]),Account,Medium,marriage changed requested company
File Share Access - [TICKET ID] - [NAME] ([COMPANY]. [LOCATION])Service Request: File Share Access     Grant access to file share for the following user:  [NAME] ([COMPANY]. [LOCATION]) (Username: [USERNAME])  Access Type: (RW) Read / Write  File Share:  N:/share_/Döbbert     Requestor: [NAME] ([COMPANY]. [LOCATION])  Comment:,Technical Issue,Medium,file share access ticket company location service request file share access grant access file share following user company location username username access type read write file share share bbert requestor company location comment
Basis User for external - [TICKET ID] - [NAME]Service Request: Basis User for external     Create Windows account for external user  [NAME]     Firstname: [NAME]  Lastname: [NAME]ailaddress: [EMAIL]  Phone: [PHONE]  Cost Center: 44251  Function: Business Development Support  Company: [COMPANY]  Department: [COMPANY]SM  Street: [ADDRESS]  ZIP: [ADDRESS]  City: [ADDRESS]  Country: [ADDRESS]  Location:[LOCATION] Office:   Expiration date: Not defined     Important: Please indicate in EA14 that it is an external user.     Requestor: [NAME] ([COMPANY]. [LOCATION])     Desired date: Dec 19 2018  7:00AM     Additional information:  User is a part time employee.,General Query,Medium,basis user external ticket service request basis user external create windows account external user firstname lastname ailaddress email phone phone cost center function business development support company company department company street address zip address city address country address location location office expiration date defined important indicate external user requestor company location desired date dec additional information user time employee
File Share Access - [TICKET ID] - [NAME] ([COMPANY] Inc.. [LOCATION])Service Request: File Share Access     Grant access to file share for the following user:  [NAME] ([COMPANY] Inc.. [LOCATION]) (Username: [USERNAME])  Access Type: (RW) Read / Write  File Share:       J:/INS-ZR      J:/INS-ZRMO            J:/INS-ZRRP            J:/ZR_MAS             Requestor: [NAME] ([COMPANY]. [LOCATION])  Comment:,Technical Issue,Medium,file share access ticket company location service request file share access grant access file share following user company location username username access type read write file share ins ins zrmo ins zrrp mas requestor company location comment
Instalar impressoraBoa tarde.  Gostaria de instalar em meu computador uma impressora.  Impressora RENA. [COMPANY]elo Enveloper imager 2.5.  É uma impressora para imprimir em pacotinhos de sementes.      Obrigado!,Technical Issue,Medium,instalar impressoraboa tarde gostaria instalar meu computador uma impressora impressora rena company elo enveloper imager uma impressora para imprimir pacotinhos sementes obrigado
Light User for external - [USERNAME] - [NAME] Service Request: Light User for external  Create Light user for [NAME]     Firstname: [NAME]  Lastname: [NAME]ailaddress: [EMAIL]  Phone: [PHONE]  Cost Center: 44288  Function: Vigilant  Company: [COMPANY]  Department: [ADDRESS] [ADDRESS] Rural.  ZIP: [ADDRESS]  City: [ADDRESS] - MG  Country: [ADDRESS]  Location:[LOCATION] Office:   Expiration date: Not defined     Important: Please indicate in EA14 that it is an external user.     Requestor: [NAME] ([COMPANY]. [LOCATION])     Desired date: Dec 22 2018  3:00AM     Additional information:,General Query,Medium,light user external username service request light user external create light user firstname lastname ailaddress email phone phone cost center function vigilant company company department address address rural zip address city address country address location location office expiration date defined important indicate external user requestor company location desired date dec additional information
Basis User - [TICKET ID] -Service Request: Basis User     Create Windows account for internal user       Firstname:  [NAME]  Lastname:  [NAME]  Cost Center:  150400  Company:    Department:  [COMPANY]_FT-[ADDRESS]:    ZIP:    City:    Country:  [ADDRESS]  Office:       Important: Please set the EA10 to the following value: [USERNAME]@Jessica (leave blank. when empty)  Please create Exchange and Skype account.  The user needs at least the following access permissions:  (RW) H:/%username%  (RO) J:/Auftrag  (RW) J:/Info  (RW) J:/Transfer  (RO) J:/Vorlagen  Access to [COMPANY] intranet  Access to [SOFTWARE] ([SERVER])  Requestor:  [NAME] ([COMPANY]. [LOCATION])     Desired date:  Jan 11 2019 12:00AM     Additional information:,General Query,Medium,basis user ticket service request basis user create windows account internal user firstname lastname cost center company department company address zip city country address office important set following value username jessica leave blank create exchange skype account user needs following access permissions username auftrag info transfer vorlagen access company intranet access software server requestor company location desired date jan additional information
[TICKET ID] - A Support Ticket was forwarded to your role  - Anpassung der shared Mailbox: [SERVER],Technical Issue,Medium,ticket support ticket forwarded role anpassung der shared mailbox server
Basis User - [TICKET ID] - [NAME] ([COMPANY] [LOCATION])Service Request: Basis User     Create Windows account for internal user  [NAME] ([COMPANY] [LOCATION])     Firstname:  [NAME]  Lastname:  [NAME]  Cost Center:  44251  Company:  [COMPANY] Inc.  Department:  [COMPANY]OP  Street:  [ADDRESS]  ZIP:  [ADDRESS]  City:  [ADDRESS]  Country:  [ADDRESS]  Office:       Important: Please set the EA10 to the following value: 13401 (leave blank. when empty)  Please create Exchange and Skype account.  The user needs at least the following access permissions:  Access to [SOFTWARE] ([SERVER])  Requestor:  [NAME] ([COMPANY]. [LOCATION])     Desired date:  Sep 25 2018  7:00AM     Additional information:   Please set primary email to be [EMAIL],Account,Medium,basis user ticket company location service request basis user create windows account internal user company location firstname lastname cost center company company department company street address zip address city address country address office important set following value leave blank create exchange skype account user needs following access permissions access software server requestor company location desired date sep additional information set primary email email
File Share Access - [TICKET ID] - [NAME] ([COMPANY]. [LOCATION])Service Request: File Share Access     Grant access to file share for the following user:  [NAME] ([COMPANY]. [LOCATION]) (Username: [USERNAME])  Access Type: (RW) Read / Write  File Share:  J:/FW-PA_FB     Requestor: [NAME] ([COMPANY]. [LOCATION])  Comment:,Technical Issue,Medium,file share access ticket company location service request file share access grant access file share following user company location username username access type read write file share requestor company location comment
[TICKET ID] - A Support Ticket was forwarded to your role  - Erstellung von generischen Email-Adressen für[LOCATION]Procurement,Technical Issue,Medium,ticket support ticket forwarded role erstellung von generischen email adressen location procurement
[TICKET ID] - A Support Ticket was forwarded to you  - Zugriff eMail Postfach,Technical Issue,Medium,ticket support ticket forwarded zugriff email postfach
Basis User - [TICKET ID] - [USERNAME] [NAME] ([COMPANY]. [LOCATION])Service Request: Basis User     Create Windows account for internal user  [USERNAME] [NAME] ([COMPANY]. [LOCATION])     Firstname:  [NAME]  Lastname:  [NAME]  Cost Center:  47015  Company:  [COMPANY] SE  Department:  GGR-[ADDRESS]  ZIP:  [ADDRESS]  City:  [ADDRESS]  Country:  Germany  Office:  [LOCATION]. BOB. 2.25     Important: Please set the EA10 to the following value: 795 (leave blank. when empty)  Please create Exchange and Skype account.  The user needs at least the following access permissions:  (RW) H:/%username%  (RO) J:/Auftrag  (RW) J:/Info  (RW) J:/Transfer  (RO) J:/Vorlagen  Access to [COMPANY] intranet  Access to [SOFTWARE] ([SERVER])  Requestor:  [USERNAME] [NAME] ([COMPANY]. [LOCATION])     Desired date:  Jan 29 2019 12:00AM     Additional information:   Diese Bestellung ist für den neuen Mitarbeiter Herrn [NAME] mit Eintrittsdatum 01.02.2019. Bitte das Notebook Anfang KW 5 ausliefern bzw. mir die PC-Nr. mitteilen. so dass ich die notwendigen Zugriffsrechte für dieses Notebook bestellen kann.  Raumnummer steht Mitte dieser Woche fest  Handy ist ab 01.02. erforderlich. ggf. Leihgerät,General Query,Medium,basis user ticket username company location service request basis user create windows account internal user username company location firstname lastname cost center company company department ggr address zip address city address country germany office location bob important set following value leave blank create exchange skype account user needs following access permissions username auftrag info transfer vorlagen access company intranet access software server requestor username company location desired date jan additional information diese bestellung ist den neuen mitarbeiter herrn mit eintrittsdatum bitte das notebook anfang ausliefern bzw mir die mitteilen dass ich die notwendigen zugriffsrechte dieses notebook bestellen kann raumnummer steht mitte dieser woche fest handy ist erforderlich ggf leihger
Light User for external - [TICKET ID] - [NAME]Service Request: Light User for external  Create Light user for [USERNAME]. [NAME]     Firstname: [NAME]  Lastname: [NAME]ailaddress: [EMAIL]  Phone: [PHONE]  Cost Center: 47054  Function: IT Support [SOFTWARE][LOCATION] Company: [COMPANY] IT Services GmbH  Department: [ADDRESS]  ZIP: [ADDRESS]  City: [ADDRESS]  Country: [ADDRESS]  Location:[LOCATION] Office:   Expiration date: Not defined     Important: Please indicate in EA14 that it is an external user.     Requestor: [NAME] ([COMPANY]. [LOCATION])     Desired date: Jan 11 2019 12:00AM     Additional information:,General Query,Medium,light user external ticket service request light user external create light user username firstname lastname ailaddress email phone phone cost center function support software location company company services gmbh department address zip address city address country address location location office expiration date defined important indicate external user requestor company location desired date jan additional information
Excel sheet remains open even after being closedProtoplast_Exp_Plan_2018 says that I ([NAME]) have it open when I do not and prevents other people from editing the document.   Please fix this. Thanks.,Technical Issue,Medium,excel sheet remains open closedprotoplast exp plan says open prevents people editing document fix thanks
[TICKET ID] - A Support Ticket was forwarded to you  - [NAME],Technical Issue,Medium,ticket support ticket forwarded
[TICKET ID] - New Support Ticket received  - [NAME] cell phone,General Query,Medium,ticket new support ticket received cell phone
[TICKET ID] - A Support Ticket was forwarded to your role  - activacion Blackberry Work,General Query,Medium,ticket support ticket forwarded role activacion blackberry work
File Share Access - [TICKET ID] - [NAME]. [NAME] ([COMPANY]. BRCL)Service Request: File Share Access     Grant access to file share for the following user:  [NAME]. [NAME] ([COMPANY]. BRCL) (Username: [USERNAME])  Access Type: (RW) Read / Write  File Share:      N:/[SERVER]/STA-CAM        R/W including all subfolders.         Requestor: [NAME] ([COMPANY]. [LOCATION])  Comment:,Technical Issue,Medium,file share access ticket company brcl service request file share access grant access file share following user company brcl username username access type read write file share server sta cam including subfolders requestor company location comment
[TICKET ID] - New Support Ticket received  - Instalação do contaction,Technical Issue,Medium,ticket new support ticket received instala contaction
[TICKET ID] - New Support Ticket received  - Instalar o programa[LOCATION](Receita Federal),Technical Issue,Medium,ticket new support ticket received instalar programa location receita federal
Basis User - [TICKET ID] -Service Request: Basis User     Create Windows account for internal user       Firstname:  [NAME]  Lastname:  [NAME]  Cost Center:  44256  Company:    Department:  [ADDRESS] s/n  ZIP:  [ADDRESS]  City:  [ADDRESS]  Country:  Chile  Office:       Important: Please set the EA10 to the following value: [USERNAME] (leave blank. when empty)  Please create Exchange and Skype account.  The user needs at least the following access permissions:  Access to [SOFTWARE] ([SERVER])  Requestor: [NAME] ([COMPANY]. [LOCATION])     Desired date:  Jan 16 2019  4:00AM     Additional information:,General Query,Medium,basis user ticket service request basis user create windows account internal user firstname lastname cost center company department address zip address city address country chile office important set following value username leave blank create exchange skype account user needs following access permissions access software server requestor company location desired date jan additional information
[TICKET ID] - New Support Ticket received  - Dificuldade acesso ao Skype,Technical Issue,Medium,ticket new support ticket received dificuldade acesso skype
[TICKET ID] - Instalar programa BarTender. Rückmeldungen erforderlich.,Technical Issue,Medium,ticket instalar programa bartender ckmeldungen erforderlich
[NAME] PC locked out[NAME] has been traveling for yield trial harvest.  He will be in [NAME] the 5th. 7 am local.        Please call him to reset his account?        [PHONE]    or [NAME] extension [PHONE],Technical Issue,Medium,locked traveling yield trial harvest local reset account phone extension phone
[TICKET ID] - New Support Ticket received  - Opening Word (doc/docx) Resumes from[LOCATION]MS Word Issue,Technical Issue,Medium,ticket new support ticket received opening word doc docx resumes location word issue
Adding a name to the Shakopee Employees Distribution List.Please add [NAME] to the Shakopee Employees Distribution List.,Technical Issue,Medium,adding shakopee employees distribution list add shakopee employees distribution list
Light User for external - [TICKET ID] - [NAME]. CasperService Request: Light User for external  Create Light user for [USERNAME]     Firstname: [NAME]  Lastname: [NAME]ailaddress: [EMAIL]  Phone: [PHONE]  Cost Center: 44293  Function: DB Consultant  Company: [COMPANY]  Department: [COMPANY]_IT  Street: [ADDRESS]  ZIP: [ADDRESS]  City: [ADDRESS]  Country: [ADDRESS]  Location:[LOCATION] Office:   Expiration date: Not defined     Important: Please indicate in EA14 that it is an external user.     Requestor: [NAME] ([COMPANY]. [LOCATION])     Desired date: Jan 11 2019  7:00AM     Additional information:,General Query,Medium,light user external ticket casperservice request light user external create light user username firstname lastname ailaddress email phone phone cost center function consultant company company department company street address zip address city address country address location location office expiration date defined important indicate external user requestor company location desired date jan additional information
[TICKET ID] - New Support Ticket received  - Light User - [USERNAME] - [NAME] ([COMPANY]. [LOCATION]),General Query,Medium,ticket new support ticket received light user username company location
File Share Access - [TICKET ID] - [NAME] ([COMPANY]. [LOCATION])Service Request: File Share Access     Grant access to file share for the following user:  [USERNAME]. [NAME] ([COMPANY]. [LOCATION]) (Username: [USERNAME])  Access Type: (RW) Read / Write  File Share:      N:/MA55/        please create the folder and give R/W access for this and all subfolders.          Requestor: [NAME] ([COMPANY]. [LOCATION])  Comment:,Technical Issue,Medium,file share access ticket company location service request file share access grant access file share following user username company location username username access type read write file share create folder access subfolders requestor company location comment
[TICKET ID] - New Support Ticket received  - Pushmail[LOCATION]Verify for authentification does not work -,Technical Issue,Medium,ticket new support ticket received pushmail location verify authentification does work
ImpressoraBom dia.    Preciso da instalacao da impressora SHARP em meu laptop.    GRato.,Technical Issue,Medium,impressorabom dia preciso instalacao impressora sharp meu laptop grato
[TICKET ID] - New Support Ticket received  - aplicacion hobo en equipo celular y funcionamiento,General Query,Medium,ticket new support ticket received aplicacion hobo equipo celular funcionamiento
[TICKET ID] - A Support Ticket was forwarded to your role  - Change of User and E-mail Address,Technical Issue,Medium,ticket support ticket forwarded role change user mail address
File Share Access - [TICKET ID] - [NAME] ([COMPANY]. [LOCATION])Service Request: File Share Access     Grant access to file share for the following user:  [NAME] ([COMPANY]. [LOCATION]) (Username: [USERNAME])  Access Type: (RW) Read / Write  File Share:    J:/[COMPANY] SB International   J:/ALS coordination       Requestor: [NAME] ([COMPANY]. [LOCATION])  Comment:,Technical Issue,Medium,file share access ticket company location service request file share access grant access file share following user company location username username access type read write file share company international als coordination requestor company location comment
Outlook error (just started today)This error just started today.  What changed?     The below error users receive either when selecting a Skype conversation history. or a missed Skype conversation.     This seems to be affecting multiple users across multiple sites ([LOCATION] and[LOCATION]confirmed).  [Image],Technical Issue,Medium,outlook error just started today error just started today changed error users receive selecting skype conversation history missed skype conversation affecting multiple users multiple sites location location confirmed image
File Share Access - [TICKET ID] - [NAME]Service Request: File Share Access    Grant access to file share for the following user:  [NAME]Oliver (Username: )    Access Type: (RW) Read / Write    File Share:   J:/[USERNAME]    Requestor: [NAME] ([COMPANY]. [LOCATION])    Comment:,Technical Issue,Medium,file share access ticket service request file share access grant access file share following user oliver username access type read write file share username requestor company location comment
[TICKET ID] - New Support Ticket received  - Configuração sistema,Technical Issue,Medium,ticket new support ticket received configura sistema
[TICKET ID] - New Support Ticket received  - Problema no Telefone,General Query,Medium,ticket new support ticket received problema telefone
shared folders access issue@BeaS. for Fernando. see email in the journal.  Thanks.  [NAME]  head of IT. SC-W,Technical Issue,Medium,shared folders access issue beas fernando email journal thanks head
[TICKET ID] - A Support Ticket was forwarded to your role  - Access to Bloomington Fileserver not possible from [LOCATION],General Query,Medium,ticket support ticket forwarded role access bloomington fileserver possible location
[TICKET ID] - New Support Ticket received  - instalar impressora,Technical Issue,Medium,ticket new support ticket received instalar impressora
[TICKET ID] - New Support Ticket received  - Analysis tool missing,Technical Issue,Medium,ticket new support ticket received analysis tool missing
Skype does not log in on computerSkype does not log in on computer,Technical Issue,Medium,skype does log computerskype does log computer
[TICKET ID] - New Support Ticket received  -  Zugriff au [URL] über VPN,General Query,Medium,ticket new support ticket received zugriff url ber vpn
[TICKET ID] - New Support Ticket received  - scanning problems,Technical Issue,Medium,ticket new support ticket received scanning problems
Basis User - [TICKET ID] - [NAME] ([COMPANY].  )Service Request: Basis User     Create Windows account for internal user  [NAME] ([COMPANY].  )     Firstname:  [NAME]  Lastname:  [NAME]  Cost Center:  44288  Company:  Riber - [COMPANY] S.A.  Department:  KW-[ADDRESS]-[ADDRESS]  ZIP: [LOCATION][ADDRESS]  City:  [ADDRESS]  Country:  [ADDRESS]  Office:       Important: Please set the EA10 to the following value: 13647 (leave blank. when empty)  Please create Exchange and Skype account.  The user needs at least the following access permissions:  Access to [SOFTWARE] ([SERVER])  Requestor:  [NAME] ([COMPANY]. [LOCATION])     Desired date:  Dec 13 2018  3:00AM     Additional information:,General Query,Medium,basis user ticket company service request basis user create windows account internal user company firstname lastname cost center company riber company department address address zip location address city address country address office important set following value leave blank create exchange skype account user needs following access permissions access software server requestor company location desired date dec additional information
[TICKET ID] - A Support Ticket was forwarded to your role  - File Share Access - [TICKET ID] - [ADDRESS] ([COMPANY]. [LOCATION]),Technical Issue,Medium,ticket support ticket forwarded role file share access ticket address company location
[TICKET ID] - New Support Ticket received  - New Email Address,Account,Medium,ticket new support ticket received new email address
[TICKET ID] - New Support Ticket received  - missing folders on J drive,Technical Issue,Medium,ticket new support ticket received missing folders drive
[TICKET ID] - New Support Ticket received  - no aparecen contactos en blackberry work,General Query,Medium,ticket new support ticket received aparecen contactos blackberry work
Criar pasta rede drive J:Solicitamos a gentileza de criar uma pasta no drive J de nome[LOCATION]- Rateios com os seguintes acessos e permissões:    Permissão de Editor:    [NAME] - [EMAIL]    [NAME] - [EMAIL]    [NAME] - [EMAIL]    [NAME] - [EMAIL]        Permissão de Visualização:    [NAME] - [EMAIL]    [NAME] - [EMAIL]    [NAME] - [EMAIL]        Solicitamos ainda a gentileza de verificar quem da listagem acima não possui acesso a pasta J e liberar tal acesso.    Aguardamos e desde já agradecemos.        [NAME],Technical Issue,Medium,criar pasta rede drive solicitamos gentileza criar uma pasta drive nome location rateios com seguintes acessos permiss permiss editor email email email email permiss visualiza email email email solicitamos ainda gentileza verificar quem listagem acima possui acesso pasta liberar tal acesso aguardamos desde agradecemos
[TICKET ID] - New Support Ticket received  - Recuperar crapetas y archivos de computador,Technical Issue,Medium,ticket new support ticket received recuperar crapetas archivos computador
[TICKET ID] - New Support Ticket received  - archivos pdf pasan a wordpad y no se pueden leer,Technical Issue,Medium,ticket new support ticket received archivos pdf pasan wordpad pueden leer
[TICKET ID] - A Support Ticket was forwarded to your role  - check_mk SD Hostalarm: ([SERVER]) [COMPANY] LS Systemmanagement - [SOFTWARE] Depot Server - UP -> DOWN,General Query,High,ticket support ticket forwarded role check hostalarm server company systemmanagement software depot server
[TICKET ID] - New Support Ticket received  - Install of scanner driver to potting room computer,Technical Issue,Medium,ticket new support ticket received install scanner driver potting room computer
Basis User for external - [TICKET ID] - [NAME]Service Request: Basis User for external     Create Windows account for external user  [NAME]     Firstname: [NAME]  Lastname: [NAME]ailaddress: [EMAIL]  Phone: [PHONE]  Cost Center: 44281  Function: IT provider  Company: Frog  Department: [COMPANY]_IT  Street: C/ Angli. 31  ZIP: [ADDRESS]  City: [ADDRESS]  Country:   Location:[LOCATION] Office:   Expiration date: Not defined     Important: Please indicate in EA14 that it is an external user.     Requestor: [NAME] ([COMPANY]. [LOCATION])     Desired date: Dec 14 2018 12:00AM     Additional information:  As local IT provider for [LOCATION]. [NAME] needs an admin account (admtowns) with the same rights as his colleagues admin account (admpearce). IT cost center has to be set to 999998. No charge must be associated to this account.,General Query,Medium,basis user external ticket service request basis user external create windows account external user firstname lastname ailaddress email phone phone cost center function provider company frog department company street angli zip address city address country location location office expiration date defined important indicate external user requestor company location desired date dec additional information local provider location needs admin account admtowns rights colleagues admin account admpearce cost center set charge associated account
[TICKET ID] - New Support Ticket received  - external e-mails not being received,Technical Issue,Medium,ticket new support ticket received external mails received
reconfiguration of[LOCATION]serversHello Together.    some[LOCATION]server needs more working memory for properly running of applications.    Please upgrade the servers as follow:             [LOCATION]- APP05 -  32GB     [LOCATION]- APP03 -  16GB     [LOCATION]- APP04 -  16GB     [LOCATION]- APP01 -  16GB     [LOCATION]- APP02 -  16GB             The server APP01.02.03.04 needs access to shared folder  (there is already one shared folder on APP05. also to this folder).      We need local admin on APP01.02.03.05 (if the account doesn’t  already exist). too.  Thanks in Advance  [NAME],General Query,Medium,reconfiguration location servershello location server needs working memory properly running applications upgrade servers follow location app location app location app location app location app server app needs access shared folder shared folder app folder need local admin app account doesn exist thanks advance
[TICKET ID] - New Support Ticket received  - [EMAIL] gets page error when trying to log on US Bank,Technical Issue,Medium,ticket new support ticket received email gets page error trying log bank
Light User - [USERNAME] - [ADDRESS] ([COMPANY]. [LOCATION])Service Request: Light User  Create Light user for Bierstedt. Susanne ([COMPANY]. [LOCATION])     Firstname: [NAME]  Lastname: [NAME]ailaddress: [EMAIL]  Phone: [PHONE]  Cost Center: 47004  Company: [COMPANY] SE  Department: [ADDRESS]-[ADDRESS]  ZIP: [ADDRESS]  City: [ADDRESS]  Country: [ADDRESS]  Location:[LOCATION] Office: [LOCATION]. BOB. 2.111     Important: Please set the EA10 to the following value: 4399 (leave blank. when empty)     Desired date: Dec 13 2018 12:00AM     Requestor: [NAME] ([COMPANY]. [LOCATION])     Additional information:,General Query,Medium,light user username address company location service request light user create light user bierstedt susanne company location firstname lastname ailaddress email phone phone cost center company company department address address zip address city address country address location location office location bob important set following value leave blank desired date dec requestor company location additional information
[TICKET ID] - New Support Ticket received  - Acesso na Pasta J:/REPOSITORIO e instalação do programa DANFEview,Technical Issue,Medium,ticket new support ticket received acesso pasta repositorio instala programa danfeview
[TICKET ID] - New Support Ticket received  - desconexion del VPN,General Query,Medium,ticket new support ticket received desconexion del vpn
[TICKET ID] - A Support Ticket was forwarded to you  - Skype Anmeldung nicht möglich,Technical Issue,Medium,ticket support ticket forwarded skype anmeldung nicht glich
[TICKET ID] - New Support Ticket received  - Error message showing McAfee security is off of computer,Technical Issue,Medium,ticket new support ticket received error message showing mcafee security computer
[PASSWORD] - New Support Ticket received  - password reset,Account,Medium,password new support ticket received password reset
[TICKET ID] - A Support Ticket was forwarded to your role  - link for activating SaveNet  MobilePass App,General Query,Medium,ticket support ticket forwarded role link activating savenet mobilepass app
File Share Access - [TICKET ID] - [NAME] ([COMPANY]. [LOCATION])Service Request: File Share Access     Grant access to file share for the following user:  [NAME] ([COMPANY]. [LOCATION]) (Username: [USERNAME])  Access Type: (RO) Read only  File Share:   J:/FAQ BTR_HR     Requestor: [NAME] ([COMPANY]. [LOCATION])  Comment:,Technical Issue,Medium,file share access ticket company location service request file share access grant access file share following user company location username username access type read file share faq btr requestor company location comment
[TICKET ID] - A Support Ticket was forwarded to your role  -[LOCATION]Entry for [SERVER],General Query,Medium,ticket support ticket forwarded role location entry server
[TICKET ID] - New Support Ticket received  - instalacion de impresora parral,Technical Issue,Medium,ticket new support ticket received instalacion impresora parral
File Share Access - [TICKET ID] - [NAME]ic ([COMPANY]. [LOCATION])Service Request: File Share Access     Grant access to file share for the following user:  [USERNAME]. Yannic ([COMPANY]. [LOCATION]) (Username: )  Access Type: (RW) Read / Write  File Share:  J:INS-VW     Requestor: [NAME] ([COMPANY]. [LOCATION])  Comment:  [NAME] [NAME] wird am 1.2. bei [COMPANY] ([NAME]) als Praktikant anfangen. Ich habe schon vor einiger Zeit auf den Namen [NAME] Wurm bereits einen Leihlaptop geordert. IG VI - 3. Etage!,Technical Issue,Medium,file share access ticket company location service request file share access grant access file share following user username yannic company location username access type read write file share ins requestor company location comment wird bei company als praktikant anfangen ich habe schon vor einiger zeit auf den namen wurm bereits einen leihlaptop geordert etage
File Share Access - [TICKET ID] - [NAME]. [NAME] ([COMPANY]. [LOCATION])Service Request: File Share Access     Grant access to file share for the following user:  [NAME]. [NAME] ([COMPANY]. [LOCATION]) (Username: [USERNAME])  Access Type: (RW) Read / Write  File Share:  L:MF     Requestor: [NAME] ([COMPANY]. [LOCATION])  Comment:,Technical Issue,Medium,file share access ticket company location service request file share access grant access file share following user company location username username access type read write file share requestor company location comment
Criar pasta na redeBoa tarde.  Favor criar uma pasta na rede no qual todos possam ter acesso ao protocolo das notas fiscais enviadas a contabilidade para lançamento. Neste arquivo preciso que seja liberado para  manipulação de dados  os usuários [PHONE] [NAME] e [PHONE] [NAME]. para os demais usuários somente consulta. Já tenho o arquivo pronto. porém devido ao tamanho não consigo anexa-lo.   Fico no aguardo.  Att.   [NAME],Technical Issue,Medium,criar pasta redeboa tarde favor criar uma pasta rede qual todos possam ter acesso protocolo das notas fiscais enviadas contabilidade para lan amento neste arquivo preciso que seja liberado para manipula dados usu rios phone phone para demais usu rios somente consulta tenho arquivo pronto por devido tamanho consigo anexa fico aguardo att
File Share Access - [TICKET ID] - [NAME] ([COMPANY]. [LOCATION])Service Request: File Share Access     Grant access to file share for the following user:  [NAME] ([COMPANY]. [LOCATION]) (Username: )  Access Type: (RW) Read / Write  File Share:  j:/ins-dv     Requestor: [NAME] ([COMPANY]. [LOCATION])  Comment:,Technical Issue,Medium,file share access ticket company location service request file share access grant access file share following user company location username access type read write file share ins requestor company location comment
[TICKET ID] - New Support Ticket received  - no puede imprimir,Technical Issue,Medium,ticket new support ticket received puede imprimir
Basis User - [TICKET ID] - [NAME] ([COMPANY]. [LOCATION])Service Request: Basis User     Create Windows account for internal user  [NAME] ([COMPANY]. [LOCATION])     Firstname:  [NAME]  Lastname:  [NAME]  Cost Center:  703291  Company:  [COMPANY] Ukraine t.o.v.  Department:  [COMPANY]_BR-BS  [ADDRESS].  ZIP:  [ADDRESS]  City:  [ADDRESS]  Country:  [ADDRESS]  Office:       Important: Please set the EA10 to the following value: 9778 (leave blank. when empty)  Please create Exchange and Skype account.  The user needs at least the following access permissions:  Access to [SOFTWARE] ([SERVER])  Requestor:  [NAME] ([COMPANY]. [LOCATION])     Desired date:  Jan  8 2019 11:00PM     Additional information:,General Query,Medium,basis user ticket company location service request basis user create windows account internal user company location firstname lastname cost center company company ukraine department company address zip address city address country address office important set following value leave blank create exchange skype account user needs following access permissions access software server requestor company location desired date jan additional information
[TICKET ID] - New Support Ticket received  - instalacion de impresora [SERVER],Technical Issue,Medium,ticket new support ticket received instalacion impresora server
[TICKET ID] - New Support Ticket received  - skype,Technical Issue,Medium,ticket new support ticket received skype
File Share Access - [TICKET ID] - [NAME] ([COMPANY]. [LOCATION])Service Request: File Share Access     Grant access to file share for the following user:  [NAME] ([COMPANY]. [LOCATION]) (Username: [USERNAME])  Access Type: (RW) Read / Write  File Share:  j:/stundenbuecher     Requestor: [NAME] ([COMPANY]. [LOCATION])  Comment:,Technical Issue,Medium,file share access ticket company location service request file share access grant access file share following user company location username username access type read write file share stundenbuecher requestor company location comment
[TICKET ID] - New Support Ticket received  - Conexion a Skype,Technical Issue,Medium,ticket new support ticket received conexion skype
[TICKET ID] - New Support Ticket received  - Liberação de acesso,Technical Issue,Medium,ticket new support ticket received libera acesso
Light User for external - [TICKET ID] - Balam. EdgardService Request: Light User for external  Create Light user for Balam. Edgard     Firstname: [NAME]  Lastname: [NAME]ailaddress: [EMAIL]  Phone: [PHONE]   Cost Center: 47050  Function: External Consultant  Company: Atos   Department: GIT-[ADDRESS]  ZIP: [ADDRESS]  City: [ADDRESS]  Country: [ADDRESS]  Location:[LOCATION] Office:   Expiration date: Jun 29 2019 11:00PM     Important: Please indicate in EA14 that it is an external user.     Requestor: [NAME] ([COMPANY]. [LOCATION])     Desired date: Jan 15 2019 12:00AM     Additional information:,General Query,Medium,light user external ticket balam edgardservice request light user external create light user balam edgard firstname lastname ailaddress email phone phone cost center function external consultant company atos department git address zip address city address country address location location office expiration date jun important indicate external user requestor company location desired date jan additional information
[TICKET ID] - A Support Ticket was forwarded to you  - email list sever,Technical Issue,Medium,ticket support ticket forwarded email list sever
[TICKET ID] - A Support Ticket was forwarded to your role  - Einstellungsänderung für eMail-Adresse [EMAIL],Technical Issue,Medium,ticket support ticket forwarded role einstellungs nderung email adresse email
[TICKET ID] - New Support Ticket received  - okta mobile app,Technical Issue,Medium,ticket new support ticket received okta mobile app
[TICKET ID] - New Support Ticket received  - instalar impressora e acesso ao discoverer,Technical Issue,Medium,ticket new support ticket received instalar impressora acesso discoverer
Preciso da instalação do Microsoft Teams em meu computador. Preciso da instalação do Microsoft Teams em meu computador.,Technical Issue,Medium,preciso instala microsoft teams meu computador preciso instala microsoft teams meu computador
[TICKET ID] - A Support Ticket was forwarded to you  - Initiated by [COMPANY][LOCATION]- Vulnerable[LOCATION]on [SERVER],General Query,Medium,ticket support ticket forwarded initiated company location vulnerable location server
[TICKET ID] - New Support Ticket received  - Skype não conecta,Technical Issue,Medium,ticket new support ticket received skype conecta
[TICKET ID] - A Support Ticket was forwarded to your role  - Ordner Zugriffsrechte beschränken[LOCATION]Server [SERVER],General Query,Medium,ticket support ticket forwarded role ordner zugriffsrechte beschr nken location server server
Genie Gun #2 - please list in Outlook under equipment folderThe[LOCATION]has a PDS1000 helium gun listed in the equipment subfolder in Outlook named Genie Gun and need a second PDS1000 listed in Outlook named Genie Gun #2. Thanks!,Technical Issue,Medium,genie gun list outlook equipment folderthe location pds helium gun listed equipment subfolder outlook named genie gun need second pds listed outlook named genie gun thanks
[TICKET ID] - New Support Ticket received  - Alteração de Aprovação,General Query,Medium,ticket new support ticket received altera aprova
[TICKET ID] - New Support Ticket received  - Install program and new printer drivers,Technical Issue,Medium,ticket new support ticket received install program new printer drivers
[TICKET ID] - Reminder of paused Support Ticket  - Initiated by [COMPANY][LOCATION]- Vulnerable Intel[LOCATION]on [SERVER],General Query,Medium,ticket reminder paused support ticket initiated company location vulnerable intel location server
File Share Access - [TICKET ID] - [NAME] ([COMPANY]. [LOCATION])Service Request: File Share Access     Grant access to file share for the following user:  [NAME] ([COMPANY]. [LOCATION]) (Username: [USERNAME])  Access Type: (RW) Read / Write  File Share:      Please could you add [NAME] ([COMPANY]. [LOCATION]) ([EMAIL]) to the[LOCATION]admin group for J:/[SERVER].        group                   folders                   User                         GIS_admin                   Access to all folders     /Base_data     /Projects_mxds     /Imagery     /Exports                   [NAME]. [NAME]. [NAME] [NAME]. [NAME]. [NAME]                 Requestor: [NAME] ([COMPANY]. [LOCATION])  Comment:,Technical Issue,Medium,file share access ticket company location service request file share access grant access file share following user company location username username access type read write file share add company location email location admin group server group folders user gis admin access folders base data projects mxds imagery exports requestor company location comment
Basis User - [TICKET ID] -Service Request: Basis User     Create Windows account for internal user       Firstname:  [USERNAME]  Lastname:  [NAME]  Cost Center:  44265  Company:    Department:  [COMPANY]_MA  [ADDRESS]:    ZIP:    City:    Country:  [ADDRESS]  Office:       Important: Please set the EA10 to the following value: 13702 (leave blank. when empty)  Please create Exchange and Skype account.  The user needs at least the following access permissions:  Access to [SOFTWARE] ([SERVER])  Requestor:  [NAME] (EXTERNAL. [LOCATION])     Desired date:  Jan 12 2019 12:00AM     Additional information:,General Query,Medium,basis user ticket service request basis user create windows account internal user firstname username lastname cost center company department company address zip city country address office important set following value leave blank create exchange skype account user needs following access permissions access software server requestor external location desired date jan additional information
Problemas con Outlook - [NAME][NAME].  Instalé el complemento en Español y ahora cada vez que abro el outlook se cierra. Permanence un par de segundos abierto y después se cierra.      Esto me aparece:  Información adicional del problema:      LCID:3082    skulcid:1033      Espero tus comentarios  Saludos  [NAME],Technical Issue,Medium,problemas outlook instal complemento espa ahora cada vez que abro outlook cierra permanence par segundos abierto despu cierra esto aparece informaci adicional del problema lcid skulcid espero tus comentarios saludos
new folder at [SERVER],Technical Issue,Medium,new folder server
[TICKET ID] - New Support Ticket received  - Please give me permission on the J drive INS-ZR to delete files so that I can append queries in Access,Technical Issue,Medium,ticket new support ticket received permission drive ins delete files append queries access
[TICKET ID] - New Support Ticket received  - Need to reinstall snipping tool,Technical Issue,Medium,ticket new support ticket received need reinstall snipping tool
[TICKET ID] - New Support Ticket received  - wifi,General Query,Medium,ticket new support ticket received wifi
[TICKET ID] - New Support Ticket received  - Computer [NAME],Technical Issue,Medium,ticket new support ticket received computer
Basis User - [TICKET ID] - [USERNAME] [NAME] ([COMPANY]. [LOCATION])Service Request: Basis User     Create Windows account for internal user  [USERNAME] [NAME] ([COMPANY]. [LOCATION])     Firstname:  [NAME]  Lastname:  [NAME]  Cost Center:  44288  Company:  [COMPANY] S.A.  Department:  [COMPANY]_MA-[ADDRESS] – [ADDRESS] 428 a [ADDRESS] 2 KM – Zona Rural.  ZIP: [LOCATION][ADDRESS]  City:  [ADDRESS]  Country:  [ADDRESS]  Office:       Important: Please set the EA10 to the following value: 13658 (leave blank. when empty)  Please create Exchange and Skype account.  The user needs at least the following access permissions:  Access to [SOFTWARE] ([SERVER])  Requestor:  [NAME] ([COMPANY]. [LOCATION])     Desired date:  Dec 18 2018  3:00AM     Additional information:,General Query,Medium,basis user ticket username company location service request basis user create windows account internal user username company location firstname lastname cost center company company department company address address address zona rural zip location address city address country address office important set following value leave blank create exchange skype account user needs following access permissions access software server requestor company location desired date dec additional information
File Share Access - [TICKET ID] - [NAME] ([COMPANY]. [LOCATION])Service Request: File Share Access     Grant access to file share for the following user:  [NAME] ([COMPANY]. [LOCATION]) (Username: [USERNAME])  Access Type: (RW) Read / Write  File Share:    J:/RISK-MANAGEMENT (GGR-RIM)       Requestor: [NAME] ([COMPANY]. [LOCATION])  Comment:  Bitte schnellstmöglich ausführen.  Vielen Dank!,Technical Issue,Medium,file share access ticket company location service request file share access grant access file share following user company location username username access type read write file share risk management ggr rim requestor company location comment bitte schnellstm glich ausf hren vielen dank
File Share Access - [TICKET ID] - [NAME]. [NAME] ([COMPANY]. [LOCATION])Service Request: File Share Access     Grant access to file share for the following user:  [USERNAME]. [NAME] ([COMPANY]. [LOCATION]) (Username: [USERNAME])  Access Type: (RW) Read / Write  File Share:  J:/ÖFZFOX/MOM-OSR     Requestor: [NAME] ([COMPANY]. [LOCATION])  Comment:,Technical Issue,Medium,file share access ticket company location service request file share access grant access file share following user username company location username username access type read write file share fzfox mom osr requestor company location comment
[TICKET ID] - New Support Ticket received  - Mobile Device - [TICKET ID] - [NAME] [NAME] ([COMPANY]. [LOCATION]),General Query,Medium,ticket new support ticket received mobile device ticket company location
File Share Access - [TICKET ID] - [NAME] ([COMPANY]. [LOCATION])Service Request: File Share Access     Grant access to file share for the following user:  [NAME] ([COMPANY]. [LOCATION]) (Username: [USERNAME])  Access Type: (RO) Read only  File Share:  J:/ZR_MAS     Requestor: [NAME] ([COMPANY]. [LOCATION])  Comment:,Technical Issue,Medium,file share access ticket company location service request file share access grant access file share following user company location username username access type read file share mas requestor company location comment
[TICKET ID] - A Support Ticket was forwarded to you  - Security Tools Aktualisierung und Entfernung der Festplatten Verschlüsselung auf den Systemen [SERVER]. [SERVER] und [SERVER],General Query,Medium,ticket support ticket forwarded security tools aktualisierung und entfernung der festplatten verschl sselung auf den systemen server server und server
[TICKET ID] - New Support Ticket received  - Basis User - [USERNAME] ([COMPANY]. [LOCATION]),General Query,Medium,ticket new support ticket received basis user username company location
File Share Access - [TICKET ID] - [NAME] ([COMPANY]. [LOCATION])Service Request: File Share Access     Grant access to file share for the following user:  [NAME] ([COMPANY]. [LOCATION]) (Username: [USERNAME])  Access Type: (RW) Read / Write  File Share:  J/CT     Requestor: [NAME] ([COMPANY]. [LOCATION])  Comment:,Technical Issue,Medium,file share access ticket company location service request file share access grant access file share following user company location username username access type read write file share requestor company location comment
[TICKET ID] - New Support Ticket received  - Problemas para conectar a la red [COMPANY]ernal,General Query,Medium,ticket new support ticket received problemas para conectar red company ernal
R Drive cannot rename or delete folder and missing data when copyingWhen navigating to R:/Research/18 Data/18APH/2018APH reading files by date  Once of the tasks is to copy the previous folder. and rename it to the next date. However After [NAME] copies the folder and tried to rename it she receives the following error and cannot rename the folder. She then tries to delete the copied folder and received the second error below. Other users do not have this issue. just [NAME].           [Image]  [Image],Technical Issue,Medium,drive rename delete folder missing data copyingwhen navigating research data aph aph reading files date tasks copy previous folder rename date copies folder tried rename receives following error rename folder tries delete copied folder received second error users issue just image image
[TICKET ID] - New Support Ticket received  - Setup new cell phone for [NAME],General Query,Medium,ticket new support ticket received setup new cell phone
File Share Access - [TICKET ID] - [NAME] ([COMPANY]. [LOCATION])Service Request: File Share Access     Grant access to file share for the following user:  [NAME] ([COMPANY]. [LOCATION]) (Username: [USERNAME])  Access Type: (RW) Read / Write  File Share:    j:/azubi   j:/AZB Kaufleute       Requestor: [NAME] ([COMPANY]. [LOCATION])  Comment:,Technical Issue,Medium,file share access ticket company location service request file share access grant access file share following user company location username username access type read write file share azubi azb kaufleute requestor company location comment
User [EMAIL] locked out,Account,Medium,user email locked
[TICKET ID] - New Support Ticket received  - actualizar controlador de impresora,Technical Issue,Medium,ticket new support ticket received actualizar controlador impresora
[TICKET ID] - A Support Ticket was forwarded to you  - okta mobile,Technical Issue,Medium,ticket support ticket forwarded okta mobile
[TICKET ID] - A Support Ticket was forwarded to your role  - Anmeldung via okta funktioniert nicht,Technical Issue,Medium,ticket support ticket forwarded role anmeldung okta funktioniert nicht
Data recording software still still not workingI still need an admin to log in.,Technical Issue,Medium,data recording software workingi need admin log
Remove File Share Access - [TICKET ID] - [NAME] ([COMPANY]. [LOCATION])Service Request: Remove File Share Access     Remove file share access for the following user:  [NAME] ([COMPANY]. [LOCATION]) (Username: [USERNAME])  File Share:  J:/[SERVER]     Requestor: [NAME] ([COMPANY]. [LOCATION])  Comment:  bitte den Vollzugriff entfernen.,Technical Issue,Medium,remove file share access ticket company location service request remove file share access remove file share access following user company location username username file share server requestor company location comment bitte den vollzugriff entfernen
Liberação de acesso pasta J: Marketing.Bom dia! Preciso que me liberem o acesso a pasta J: Marketing.,Technical Issue,Medium,libera acesso pasta marketing bom dia preciso que liberem acesso pasta marketing
Removal of[LOCATION]recordsHi.  Could you please remove the following[LOCATION]records and any subsequent records (e.g. PTR):  - [COMPANY]up.ads.dir  - [COMPANY]up.ads.dir  - [COMPANY]up.ads.dir  - [COMPANY]up.ads.dir  - [COMPANY]up.ads.dir  - [COMPANY]up.ads.dir  Please do not go through [COMPANY] when this is done. I can validate this myself.  Thank you in advance.  [NAME],General Query,Medium,removal location recordshi remove following location records subsequent records ptr company ads dir company ads dir company ads dir company ads dir company ads dir company ads dir company validate thank advance
[TICKET ID] - A Support Ticket was forwarded to your role  - Zugriff auf shared Mailbox bitte löschen,Technical Issue,Medium,ticket support ticket forwarded role zugriff auf shared mailbox bitte schen
[TICKET ID] - New Support Ticket received  - Ajuste de impressora,Technical Issue,Medium,ticket new support ticket received ajuste impressora
[COMPANY]ify[LOCATION][SERVER],Account,Medium,company ify location server
[TICKET ID] - New Support Ticket received  - iPad will not connect to [COMPANY]_Mobile anymore.,General Query,Medium,ticket new support ticket received ipad connect company mobile anymore
[TICKET ID] - A Support Ticket was forwarded to you  - Kann sich im [COMPANY] Intranet nicht anmelden,General Query,Medium,ticket support ticket forwarded kann sich company intranet nicht anmelden
[TICKET ID] - New Support Ticket received  - Verificação Telefone,General Query,Medium,ticket new support ticket received verifica telefone
[TICKET ID] - New Support Ticket received  - Software install,Technical Issue,Medium,ticket new support ticket received software install
change email addressPlease change email address to [EMAIL] mailto:[EMAIL].,Technical Issue,Medium,change email addressplease change email address email mailto email
[TICKET ID] - New Support Ticket received  - problema com a impressora zebra na semente básica,Technical Issue,Medium,ticket new support ticket received problema com impressora zebra semente sica
Basis User - [TICKET ID] - [USERNAME] ([COMPANY]. [LOCATION])Service Request: Basis User     Create Windows account for internal user  [USERNAME] ([COMPANY]. [LOCATION])     Firstname:  [NAME]  Lastname:  [NAME]  Cost Center:  174454  Company:  [ADDRESS] GmbH  Department:  [ADDRESS]  ZIP:  [ADDRESS]  City:  [ADDRESS]  Country:  Germany  Office:       Important: Please set the EA10 to the following value: 13616 (leave blank. when empty)  Please create Exchange and Skype account.  The user needs at least the following access permissions:  (RW) H:/%username%  (RO) J:/Auftrag  (RW) J:/Info  (RW) J:/Transfer  (RO) J:/Vorlagen  Access to [COMPANY] intranet  Access to [SOFTWARE] ([SERVER])  Requestor:  [NAME] ([COMPANY]. [LOCATION])     Desired date:  Jan  1 2019 12:00AM     Additional information:   Liebes [COMPANY]-Team.   Laptop [NAME] Telefon. Headset bitte aus Gerätepool Berlin. falls vorhanden  Tastatur und Laptop bitte englische  Vielen Dank,General Query,Medium,basis user ticket username company location service request basis user create windows account internal user username company location firstname lastname cost center company address gmbh department address zip address city address country germany office important set following value leave blank create exchange skype account user needs following access permissions username auftrag info transfer vorlagen access company intranet access software server requestor company location desired date jan additional information liebes company team laptop telefon headset bitte aus ger tepool berlin falls vorhanden tastatur und laptop bitte englische vielen dank
[TICKET ID] - A Support Ticket was forwarded to your role  - Shared drive wurde auf dem Falschen Laufwerk erstellt,Technical Issue,Medium,ticket support ticket forwarded role shared drive wurde auf dem falschen laufwerk erstellt
[TICKET ID] - New Support Ticket received  - T18  update,Technical Issue,Medium,ticket new support ticket received update
Light User for external - [TICKET ID] - [NAME]Service Request: Light User for external  Create Light user for [NAME]     Firstname: [NAME]  Lastname: [NAME]ailaddress: [EMAIL]  Phone: [PHONE]  Cost Center: 44288  Function: Vigilant  Company: [COMPANY]  Department: [ADDRESS] [ADDRESS] KM – [ADDRESS].  ZIP:[LOCATION][ADDRESS]  City: [ADDRESS]  Country: [ADDRESS]  Location:[LOCATION] Office:   Expiration date: Not defined     Important: Please indicate in EA14 that it is an external user.     Requestor: [NAME] ([COMPANY]. [LOCATION])     Desired date: Dec 22 2018  3:00AM     Additional information:,General Query,Medium,light user external ticket service request light user external create light user firstname lastname ailaddress email phone phone cost center function vigilant company company department address address address zip location address city address country address location location office expiration date defined important indicate external user requestor company location desired date dec additional information
[TICKET ID] - Reminder of paused Support Ticket  - Initiated by [COMPANY][LOCATION]- Vulnerable Office on [ADDRESS]-[ADDRESS],General Query,Medium,ticket reminder paused support ticket initiated company location vulnerable office address address
[TICKET ID] - A Support Ticket was forwarded to your role  - Initiated by [COMPANY][LOCATION]- Vulnerable Google Chrome on [SERVER],General Query,Medium,ticket support ticket forwarded role initiated company location vulnerable google chrome server
[TICKET ID] - A Support Ticket was forwarded to your role  - New Okta Registration,Technical Issue,Medium,ticket support ticket forwarded role new okta registration
[TICKET ID] - New Support Ticket received  - Access to MS Teams,Technical Issue,Medium,ticket new support ticket received access teams
[TICKET ID] - A Support Ticket was forwarded to your role  - Zugriff auf Shared Mailbox,Technical Issue,Medium,ticket support ticket forwarded role zugriff auf shared mailbox
[TICKET ID] - A Support Ticket was forwarded to your role  - new phone,General Query,Medium,ticket support ticket forwarded role new phone
File Share Access - [TICKET ID] - Vogt. Peter ([COMPANY]. [LOCATION])Service Request: File Share Access     Grant access to file share for the following user:  Vogt. Peter ([COMPANY]. [LOCATION]) (Username: [USERNAME])  Access Type: (RO) Read only  File Share:  J:/FW-B       Requestor: [NAME] ([COMPANY]. [LOCATION])  Comment:,Technical Issue,Medium,file share access ticket vogt peter company location service request file share access grant access file share following user vogt peter company location username username access type read file share requestor company location comment
[TICKET ID] - New Support Ticket received  - XFlow not displaying invoices  that I am trying to code,Technical Issue,Medium,ticket new support ticket received xflow displaying invoices trying code
[TICKET ID] - A Support Ticket was forwarded to your role  - File Share Access - [TICKET ID] - [ADDRESS]. Elvin ([COMPANY]. [LOCATION]),Technical Issue,Medium,ticket support ticket forwarded role file share access ticket address elvin company location
[TICKET ID] - A Support Ticket was forwarded to your role  -  Instalação de programa,Technical Issue,Medium,ticket support ticket forwarded role instala programa
[TICKET ID] - New Support Ticket received  - Problems with Outlook,Technical Issue,Medium,ticket new support ticket received problems outlook
[TICKET ID] Leaving employee: The user [NAME] ([COMPANY]; [LOCATION]) is going to leave [COMPANY] on 28;12;2017,Account,Medium,ticket leaving employee user company location going leave company
[TICKET ID] - A Support Ticket was forwarded to your role  - Citrix - [TICKET ID] - [NAME] ([COMPANY] Inc.. [LOCATION]),Technical Issue,Medium,ticket support ticket forwarded role citrix ticket company location
[TICKET ID] - New Support Ticket received  - Sem icone do Service Portal,General Query,Medium,ticket new support ticket received sem icone service portal
[TICKET ID] - New Support Ticket received  - Inconsistent Performance on Skype,Technical Issue,Medium,ticket new support ticket received inconsistent performance skype
File Share Access - [TICKET ID] - [USERNAME]. [NAME] ([COMPANY]. [LOCATION])Service Request: File Share Access     Grant access to file share for the following user:  [USERNAME]. [NAME] ([COMPANY]. [LOCATION]) (Username: [USERNAME])  Access Type: (RW) Read / Write  File Share:      [SERVER]-RW    [SERVER]-RW       Requestor: [USERNAME] ([COMPANY]. [LOCATION])  Comment:,Technical Issue,Medium,file share access ticket username company location service request file share access grant access file share following user username company location username username access type read write file share server server requestor username company location comment
[TICKET ID] - A Support Ticket was forwarded to your role  - Unable to send email to [URL],Technical Issue,Medium,ticket support ticket forwarded role unable send email url
[TICKET ID] - New Support Ticket received  - Cant get into blackberry to view mail,General Query,Medium,ticket new support ticket received blackberry view mail
File Share Access - [TICKET ID] - [NAME] ([COMPANY]. [LOCATION])Service Request: File Share Access     Grant access to file share for the following user:  [NAME] ([COMPANY]. [LOCATION]) (Username: [USERNAME])  Access Type: (RW) Read / Write  File Share:    J:/SB-´BD_beet_contract_analysis   Voller Zugriff für   [NAME]   [NAME]   [NAME]       Requestor: [NAME]e ([COMPANY]. [LOCATION])  Comment:,Technical Issue,Medium,file share access ticket company location service request file share access grant access file share following user company location username username access type read write file share beet contract analysis voller zugriff requestor company location comment
[TICKET ID] - A Support Ticket was forwarded to your role  - New Email List,Technical Issue,Medium,ticket support ticket forwarded role new email list
Basis User - [TICKET ID] - [USERNAME]. [NAME] ([COMPANY]. [LOCATION])Service Request: Basis User     Create Windows account for internal user  [USERNAME] ([COMPANY]. [LOCATION])     Firstname:  [NAME]  Lastname:  [NAME]  Cost Center:  44257  Company:  [COMPANY]  Department:  [COMPANY]  Street:  Le Tram  ZIP:  [ADDRESS]  City:  [ADDRESS]  Country:    Office:       Important: Please set the EA10 to the following value: 11011 (leave blank. when empty)  Please create Exchange and Skype account.  The user needs at least the following access permissions:  Access to [SOFTWARE] ([SERVER])  Requestor:  [NAME] ([COMPANY]. ESBA)     Desired date:  Jan  1 2019 12:00AM     Additional information:,General Query,Medium,basis user ticket username company location service request basis user create windows account internal user username company location firstname lastname cost center company company department company street tram zip address city address country office important set following value leave blank create exchange skype account user needs following access permissions access software server requestor company esba desired date jan additional information
Missing[LOCATION]GPO for [LOCATION]/[ADDRESS],Account,Medium,missing location gpo location address
