id,ticket_text,category,priority
1919,File Share Access - [TICKET ID] - [NAME]. [NAME] ([COMPANY]. [LOCATION]),Fileservice,Medium
1584,File Share Access - [TICKET ID] - [NAME] ([COMPANY]A. [LOCATION]),Fileservice,Medium
584,[TICKET ID] - A Support Ticket was forwarded to your role  - Leaving Employee - [TICKET ID] - [NAME] ([COMPANY]. [LOCATION]),Support general,Medium
1393,[TICKET ID] - A Support Ticket was forwarded to your role  - check_mk SD Hostalarm: ([LOCATION]-WSUS01) [COMPANY] [SERVER] -[LOCATION]Server - UP -> DOWN,Support general,High
8636,LVS not respondingLVS will not except my password to let me log on. ,Fileservice,Medium
1033,[TICKET ID] - New Support Ticket received  - Phone user message,Support general,Medium
2248,File Share Access - [TICKET ID] - [NAME] ([COMPANY]A. [LOCATION]),Fileservice,Medium
3017,File Share Access - [TICKET ID] -Service Request: File Share Access     Grant access to file share for the following user:   (Username: )  Access Type: (RW) Read / Write  File Share:  J:/[COMPANY]/HR     Requestor: [NAME] ([COMPANY]. [LOCATION])  Comment:,Fileservice,Medium
6671,Java Installation on [SERVER],Software,Medium
1892,Shared Mailbox Access - [TICKET ID] - [EMAIL],Support general,Medium
998,[TICKET ID] - A Support Ticket was forwarded to your role  - Alteração de aprovador,Support general,Medium
2211,File Share Access - [TICKET ID] - [NAME] ([COMPANY]. [LOCATION]),Fileservice,Medium
625,[TICKET ID] - New Support Ticket received  - Basis User - [USERNAME] - [NAME] ([COMPANY]. [LOCATION]),Support general,Medium
8458,Basis User - [TICKET ID] -Service Request: Basis User     Create Windows account for internal user       Firstname:  [NAME]  Lastname:  [NAME]  Cost Center:  813330  Company:    Department:  [ADDRESS]-[ADDRESS]:    ZIP:    City:    Country:    Office:       Important: Please set the EA10 to the following value: 13672 (leave blank. when empty)  Please create Exchange and Skype account.  The user needs at least the following access permissions:  Access to [SOFTWARE] ([SERVER])  Requestor:  [NAME] ([COMPANY]. [LOCATION])     Desired date:  Jan 15 2019 12:00AM     Additional information:,Support general,Medium
1267,[TICKET ID] - New Support Ticket received  - [NAME] Access,Fileservice,Medium
2232,Remove File Share Access - [TICKET ID] - [NAME] ([COMPANY]A. [LOCATION]),Fileservice,Medium
2090,File Share Access - [TICKET ID] - [NAME] ([COMPANY]. [LOCATION]),Fileservice,Medium
3696,The following system must be set to End Of Life in Nexthink and checked for[LOCATION]reservations:  [SERVER]  -Automated ticket creation-Please remove the system from Nexthink according to the[LOCATION]process and please verify if any[LOCATION]reservations exist. If yes. please remove reservations and note down the corresponding IP(s) and inform [COMPANY] network team to remove firewall rules if there are any.,EOL,High
1893,Shared Mailbox Access - [TICKET ID] - [EMAIL],Support general,Medium
1606,File Share Access - [TICKET ID] - [NAME] ([COMPANY] [LOCATION]),Fileservice,Medium
611,[TICKET ID] - New Support Ticket received  - Light User for external - [TICKET ID] - [NAME],Support general,Medium
588,[TICKET ID] - A Support Ticket was forwarded to your role  - merge mailgroup [EMAIL] with invoice-uk,O365,Medium
1661,File Share Access - [TICKET ID] - [NAME] (EXTERNAL. [LOCATION]),Fileservice,Medium
1727,File Share Access - [TICKET ID] - [NAME] ([COMPANY]. [LOCATION]),Fileservice,Medium
591,[TICKET ID] - A Support Ticket was forwarded to your role  -[LOCATION]1.0 deactivation on [IP_ADDRESS] (DNS: [COMPANY].de / Netbios: [COMPANY]UP/[SERVER]) ,Support general,Medium
2781,Recover File on Fileserver,Fileservice,Medium
1800,File Share Access - [TICKET ID] - [NAME] ([COMPANY]A. [LOCATION]),Fileservice,Medium
1617,File Share Access - [TICKET ID] - [NAME] ([COMPANY]A. [LOCATION]),Fileservice,Medium
759,[TICKET ID] - New Support Ticket received  - Create[LOCATION]entry [COMPANY]up.ads.dir  ,Support general,Medium
1909,File Share Access - [TICKET ID] - [NAME] ([COMPANY]A. [LOCATION]),Fileservice,Medium
3820,Emails undeliverableEmails sent to [EMAIL] mailto:[EMAIL] are not working.,O365,Medium
7375,Acesso Admin no AD,Active Directory,Medium
10644,File Share Access - [TICKET ID] - [NAME] ([COMPANY]. [LOCATION])Service Request: File Share Access     Grant access to file share for the following user:  [NAME] ([COMPANY]. [LOCATION]) (Username: [USERNAME])  Access Type: (RW) Read / Write  File Share:    Outlook Verteiler [COMPANY] aktualisieren und [NAME] hinzufügen       Verteiler [COMPANY]-BS und [COMPANY] aktualisieren und [NAME] entfernen        Requestor: [NAME] ([COMPANY]. [LOCATION])  Comment:  Abteilungswechsel!,Fileservice,Medium
11214,Light User for external - [TICKET ID] - [USERNAME]. [NAME]Service Request: Light User for external  Create Light user for [USERNAME]. [NAME]      Firstname: [NAME]   Lastname: [NAME]ailaddress: [EMAIL]  Phone: 0  Cost Center: 47050  Function:[LOCATION]Consultant  Company: [COMPANY]  Department: GIT-[ADDRESS]  ZIP: [ADDRESS]  City: [ADDRESS]  Country: [ADDRESS]  Location:[LOCATION] Office:   Expiration date: Not defined     Important: Please indicate in EA14 that it is an external user.     Requestor: [NAME] ([COMPANY]. [LOCATION])     Desired date: Dec 18 2018 12:00AM     Additional information:  NameMailZugänge Witali [EMAIL] Citrix.[LOCATION]BW User (inkl. Entwicklerschlüssel). Zugang BO/BI Launchpad  [NAME] [EMAIL] Citrix.[LOCATION]BW User (inkl. Entwicklerschlüssel). Zugang BO/BI Launchpad  [NAME] [EMAIL] Citrix.[LOCATION]BW User (inkl. Entwicklerschlüssel). Zugang BO/BI Launchpad + lokale und server Lumira Designer Version zum Erstellen und upload von dem Dashboard  [NAME] [EMAIL] Citrix.[LOCATION]BW User (inkl. Entwicklerschlüssel). Zugang BO/BI Launchpad,Support general,Medium
383,Outllook - Senden im Auftrag von [EMAIL] nicht mehr möglich,Support general,Medium
1595,File Share Access - [TICKET ID] - [NAME] ([COMPANY]. [LOCATION]),Fileservice,Medium
638,[TICKET ID] - A Support Ticket was forwarded to your role  - Problem sending emails to address [EMAIL].,O365,Medium
779,[TICKET ID] - A Support Ticket was forwarded to your role  - CREACIÓN DE CORREO [NAME],Active Directory,Medium
323,Initiated by GIT: Missing connection to all securitytools on system [SERVER],Software,Medium
1490,File Share Access - [TICKET ID] - [NAME] ([COMPANY]A. [LOCATION]),Fileservice,Medium
6042,Instalacion de carpeta J en Red,Fileservice,Medium
1222,[TICKET ID] - A Support Ticket was forwarded to you  - Access [EMAIL],O365,Medium
926,[TICKET ID] - New Support Ticket received  - Cannot access files,Fileservice,Medium
3762,The following system must be set to End Of Life in Nexthink and checked for[LOCATION]reservations:  [SERVER]  -Automated ticket creation-Please remove the system from Nexthink according to the[LOCATION]process and please verify if any[LOCATION]reservations exist. If yes. please remove reservations and note down the corresponding IP(s) and inform [COMPANY] network team to remove firewall rules if there are any.,EOL,High
1257,[TICKET ID] - New Support Ticket received  - Computer troubles,Support general,Medium
1722,File Share Access - [TICKET ID] - [NAME] ([COMPANY]. [LOCATION]),Fileservice,Medium
1743,Shared Mailbox Access - [TICKET ID] - [EMAIL],Support general,Medium
1591,access to public folder,Fileservice,Medium
744,Shared Mailbox Access - [ADDRESS] - [EMAIL],Support general,Medium
3834,[COMPANY] Intranet Editor Rights User  Internal- [TICKET ID]Service Request: Intranet Editor Rights     Set Intranet Editor Rights only user for [NAME] ([COMPANY]A. [LOCATION])     Firstname: [NAME]  Lastname: [NAME]  Cost Center: 22008  Company: [COMPANY] SE & Co. KGaA  Department: [COMPANY]-SC  [ADDRESS]: [ADDRESS]  ZIP: [ADDRESS]  City: [ADDRESS]  Country: Germany  Office: [LOCATION]. IG VI. 3.24     Editor Rights required  Publish News :False  Publish News and Content Pages: True   I dont know: False     Requestor: [NAME] ([COMPANY]A. [LOCATION])  Additional information:,Active Directory,Medium
1866,Need administrative rights for [LOCATION],Fileservice,Medium
1739,Shared Mailbox Access - [ADDRESS] - [EMAIL],Support general,Medium
1717,Shared Mailbox Access - [TICKET ID] - [EMAIL],Support general,Medium
1645,Shared Mailbox Access - [AWS_ACCESS_KEY] - [EMAIL],Support general,Medium
1817,Shared Mailbox Access - [AWS_ACCESS_KEY] - [EMAIL],Support general,Medium
7728,Light User for external - [TICKET ID] - [USERNAME]-[NAME] Service Request: Light User for external  Create Light user for [USERNAME]. Firstname: [NAME]  Lastname: [NAME]ailaddress: [EMAIL]  Phone: [PHONE]  Cost Center: 32151  Function: Geschäftsführer  /  Managing director  Company: [COMPANY] GmbH  Department: SB-SP  [ADDRESS]: [ADDRESS]  ZIP: [ADDRESS]  City: [ADDRESS]  Country: [ADDRESS]  Location:[LOCATION] Office:   Expiration date: Feb  4 2020 12:00AM     Important: Please indicate in EA14 that it is an external user.     Requestor: [NAME] ([COMPANY]. [LOCATION])     Desired date: Feb  4 2019 12:00AM     Additional information:  [NAME] wird die Leererkennung im Regal realisieren.,Support general,Medium
1812,Shared Mailbox Access - [ADDRESS] - [EMAIL],Support general,Medium
1999,Shared Mailbox Access - [AWS_ACCESS_KEY] - [EMAIL],Support general,Medium
753,[TICKET ID] - New Support Ticket received  - Basis User - [USERNAME] - [USERNAME] ([COMPANY]. [LOCATION])  ,Support general,Medium
1421,Problem with my user,Active Directory,Medium
11138,access to s3 bucket,Software,Medium
3695,Light User for external - [TICKET ID] - [NAME]Service Request: Light User for external  Create Light user for [NAME]      Firstname: [NAME]   Lastname: [NAME]ailaddress: [EMAIL]  Phone: [PHONE]  Cost Center: 47003  Function: Praktikantin  Company: Praktikantin  Department: GMC-[ADDRESS]  ZIP: [ADDRESS]  City: [ADDRESS]  Country: Germany  Location:[LOCATION] Office:   Expiration date: Mar 31 2019 12:00AM     Important: Please indicate in EA14 that it is an external user.     Requestor: [USERNAME] ([COMPANY]. [LOCATION])     Desired date: Feb  4 2019 12:00AM     Additional information:,Support general,Medium
6767,Preciso que libere acesso à pasta J/RH,Fileservice,Medium
762,[TICKET ID] - New Support Ticket received  - Request access to [NAME]s email  ,O365,Medium
1408,Create AD group for [COMPANY] Scandinavia for myHR,Active Directory,Medium
1069,[TICKET ID] - New Support Ticket received  - Instalação software para ponto eletrônico,Software,Medium
1040,[TICKET ID] - A Support Ticket was forwarded to your role  - Initiated by [COMPANY][LOCATION]- Vulnerable Adobe Flash on [SERVER],Support general,Medium
10198,No funciona SkypeBuenas tardes.  Me dejo de funcionar el Slype desde el viernes.  Gracias.,O365,Medium
2405,missing emailsMissing emails from 9/2018 to 9/2017              [Image],O365,Medium
14236,Erro pacote office,O365,Medium
7780,File Share Access - [TICKET ID] - [NAME] ([COMPANY]. [LOCATION])Service Request: File Share Access     Grant access to file share for the following user:  [NAME] ([COMPANY]. [LOCATION]) (Username: [USERNAME])  Access Type: (RW) Read / Write  File Share:  //[COMPANY]up.ads.dir/[COMPANY]ein01-ems01/[LOCATION]/Groups/ESBA     Requestor: [NAME] ([COMPANY]. [LOCATION])  Comment:,Fileservice,Medium
2010,File Share Access - [TICKET ID] - [NAME] ([COMPANY]A. [LOCATION]),Fileservice,Medium
1587,File Share Access - [TICKET ID] - [NAME] ([COMPANY]A. [LOCATION]),Fileservice,Medium
1479,Create Shared Mailbox - [EMAIL] - [EMAIL],Support general,Medium
378,[TICKET ID] - A Support Ticket was forwarded to your role  - Expend service account permissons for [SOFTWARE] AD access,Support general,Medium
2461,Unable to access missed conversations in OutlookHello.  When I click on a missed conversation in Outlook. it will not open it and give an error message.  See attachment....  Thanks!,O365,Medium
2077,File Share Access - [TICKET ID] - [ADDRESS] ([COMPANY]A. [LOCATION]),Fileservice,Medium
2084,File Share Access - [TICKET ID] - [NAME] ([COMPANY]A. [LOCATION]),Fileservice,Medium
2039,File Share Access - [TICKET ID] - [NAME] ([COMPANY]-[PASSWORD]. [LOCATION]),Fileservice,Medium
1640,Fileserver Migration[LOCATION](From [SERVER] to [SERVER]),Fileservice,Medium
1510,Shared Mailbox Access - [AWS_ACCESS_KEY] - [EMAIL],Support general,Medium
1535,File Share Access - [TICKET ID] - [NAME] ([COMPANY]. [LOCATION]),Fileservice,Medium
13767,Initiated by GIT: Missing connection to AV on system [SERVER],Software,Medium
1436,create new OUs North_America and South_America,Active Directory,Medium
9734,Users [USERNAME] and Yock need help with VPN,Support general,Medium
1733,Shared Mailbox Access - [PASSWORD] - [EMAIL],Support general,Medium
1798,[COMPANY] - Security - Standard Change Add Member to Group Permission for mtx_service,Support general,Medium
621,[TICKET ID] - New Support Ticket received  - Basis User - [USERNAME] - [NAME] ([COMPANY]. [LOCATION]),Support general,Medium
2243,Shared Mailbox Access - [AWS_ACCESS_KEY] - [EMAIL],Support general,Medium
1634,File Share Access - [TICKET ID] - [NAME] ([COMPANY]A. External),Fileservice,Medium
12152,Guest wireless issues,Support general,Medium
1631,Temporärer Zugang zur Mailgruppe [COMPANY] Standort Einbeck um eine wichtige Mitteilung zur Datennutzung zu verschicken,Support general,Medium
1508,Shared Mailbox Access - [TICKET ID] - [EMAIL],Support general,Medium
7098,File Share Access - [TICKET ID] - [NAME] ([COMPANY]. [LOCATION])Service Request: File Share Access     Grant access to file share for the following user:  [NAME] ([COMPANY]. [LOCATION]) (Username: [USERNAME])  Access Type: (RW) Read / Write  File Share:      N:/MA55/      please create the folder and give R/W access for this and all subfolders.        Requestor: [NAME] ([COMPANY]. [LOCATION])  Comment:,Fileservice,Medium
1871,File Share Access - [TICKET ID] - [NAME] ([COMPANY]A. [LOCATION]),Fileservice,Medium
6031,impressora com erro,Computer-Services,Medium
675,[TICKET ID] - New Support Ticket received  - File Share Access - [TICKET ID] - [NAME] ([COMPANY]. [LOCATION]),Fileservice,Medium
1088,[TICKET ID] - This Support Ticket was reopened  - Acesso a Intranet [COMPANY],Support general,Medium
9559,Missing connection to McAfee on system [SERVER],Software,Medium
8479,Liberação acesso a pasta,Fileservice,Medium
6623,Impressora Zebra nao está imprimindo.,Computer-Services,Medium
10296,Basis User - [TICKET ID] - [NAME] ([COMPANY]. [LOCATION])Service Request: Basis User     Create Windows account for internal user  [NAME] ([COMPANY]. [LOCATION])     Firstname:  [NAME]  Lastname:  [NAME]  Cost Center:  41601  Company:  [COMPANY] SE  Department:  GGR-[ADDRESS]  ZIP:  [ADDRESS]  City:  [ADDRESS]  Country:  [ADDRESS]  Office:       Important: Please set the EA10 to the following value: 13415 (leave blank. when empty)  Please create Exchange and Skype account.  The user needs at least the following access permissions:  (RW) H:/%username%  (RO) J:/Auftrag  (RW) J:/Info  (RW) J:/Transfer  (RO) J:/Vorlagen  Access to [COMPANY] intranet  Access to [SOFTWARE] ([SERVER])  Requestor: [NAME] ([COMPANY]. [LOCATION])     Desired date:  Jan  2 2019 12:00AM     Additional information:   [NAME] beginnt seine Arbeit erst am 02.01.19. Lieferungend avor bitte an [NAME] oder [NAME] [NAME]ke,Support general,Medium
1158,[TICKET ID] - New Support Ticket received  -[LOCATION]on samsung J7 not working. Lost Login credentials. ,O365,Medium
1382,[TICKET ID] - New Support Ticket received  - Problema Computador da [NAME],Support general,Medium
2296,File Share Access - [TICKET ID] - [NAME] ([COMPANY]. [LOCATION]),Fileservice,Medium
1692,Shared Mailbox Access - [ADDRESS] - [EMAIL],Support general,Medium
9128,We need the [NAME] to be connected to the R Drive,Fileservice,Medium
880,[TICKET ID] - New Support Ticket received  - Moorhead printer,Computer-Services,Medium
1015,[TICKET ID] - New Support Ticket received  - cambio formato de excel en archivos,O365,Medium
1608,User [USERNAME] löschen,Active Directory,Medium
2297,File Share Access - [TICKET ID] - [NAME] ([COMPANY]A. [LOCATION]),Fileservice,Medium
2014,File Share Access - [TICKET ID] - [NAME] ([COMPANY]. [LOCATION]),Fileservice,Medium
1544,File Share Access - [TICKET ID] - [NAME] ([COMPANY]A. [LOCATION]),Fileservice,Medium
2314,File Share Access - [TICKET ID] - [NAME] ([COMPANY]A. [LOCATION]),Fileservice,Medium
1723,File Share Access - [TICKET ID] - [NAME] ([COMPANY]. [LOCATION]),Fileservice,Medium
1401,Acceso a Carpetas,Fileservice,Medium
1036,[TICKET ID] - New Support Ticket received  - Cadastrar usuário + compra de equipamento -[LOCATION]13362,Active Directory,Medium
10745,Konto wird immer wieder gesperrt,Active Directory,Medium
4504,Is it possible to download Power BI Desktop?,O365,High
1112,[TICKET ID] - A Support Ticket was forwarded to your role  - URL,Support general,Medium
2969,Change[LOCATION]Entry[LOCATION]FirewallChange[LOCATION]Entry[LOCATION]Firewall,Support general,Medium
6246,The following system must be set to End Of Life in Nexthink and checked for[LOCATION]reservations:  [SERVER]  -Automated ticket creation-Please remove the system from Nexthink according to the[LOCATION]process and please verify if any[LOCATION]reservations exist. If yes. please remove reservations and note down the corresponding IP(s) and inform [COMPANY] network team to remove firewall rules if there are any.,EOL,High
1127,[TICKET ID] - New Support Ticket received  - [Light House] [SERVER],Support general,Medium
6258,Acces au [COMPANY] Interne,Active Directory,Medium
6443,Light User for external - [TICKET ID] - [NAME]Service Request: Light User for external  Create Light user for [NAME]      Firstname: [NAME]   Lastname: [NAME]ailaddress: [EMAIL]  Phone: 0  Cost Center: 47050  Function:[LOCATION]Consultant  Company: [COMPANY]  Department: GIT-[ADDRESS]  ZIP: [ADDRESS]  City: [ADDRESS]  Country: [ADDRESS]  Location:[LOCATION] Office:   Expiration date: Not defined     Important: Please indicate in EA14 that it is an external user.     Requestor: [NAME] ([COMPANY]. [LOCATION])     Desired date: Dec 18 2018 12:00AM     Additional information:  NameMailZugänge Witali [EMAIL] Citrix.[LOCATION]BW User (inkl. Entwicklerschlüssel). Zugang BO/BI Launchpad  [NAME] [EMAIL] Citrix.[LOCATION]BW User (inkl. Entwicklerschlüssel). Zugang BO/BI Launchpad  [NAME] [EMAIL] Citrix.[LOCATION]BW User (inkl. Entwicklerschlüssel). Zugang BO/BI Launchpad + lokale und server Lumira Designer Version zum Erstellen und upload von dem Dashboard  [NAME] [EMAIL] Citrix.[LOCATION]BW User (inkl. Entwicklerschlüssel). Zugang BO/BI Launchpad,Support general,Medium
1983,File Share Access - [TICKET ID] - [NAME] ([COMPANY]A. [LOCATION]),Fileservice,Medium
1558,File Share Access - [TICKET ID] - [ADDRESS] ([COMPANY]A. [LOCATION]),Fileservice,Medium
1524,File Share Access - [TICKET ID] - [NAME] ([COMPANY]. [LOCATION]),Fileservice,Medium
9654,Light User for external - [TICKET ID] - [NAME]Service Request: Light User for external  Create Light user for [NAME]     Firstname: [NAME]  Lastname: [NAME]ailaddress: [EMAIL]  Phone: [PHONE]  Cost Center: 44288  Function: Vigilant  Company: [COMPANY]  Department: [ADDRESS] [ADDRESS] 2 KM – [ADDRESS] Rural.  ZIP:[LOCATION][ADDRESS]  City: [ADDRESS]  Country: [ADDRESS]  Location:[LOCATION] Office:   Expiration date: Not defined     Important: Please indicate in EA14 that it is an external user.     Requestor: [NAME] ([COMPANY]. [LOCATION])     Desired date: Dec 22 2018  3:00AM     Additional information:,Support general,Medium
3678,Mailbox von [NAME] als Shared Mailbox weiterhin bestehen lassen,Support general,Medium
997,[TICKET ID] - New Support Ticket received  - Acesso,Fileservice,Medium
1534,File Share Access - [TICKET ID] - [NAME]. [NAME] ([COMPANY]. BRLM),Fileservice,Medium
7391,Initiated by GIT: Missing connection to all security tools on [SERVER],Software,Medium
8655,Login to Citrix for[LOCATION]and [NAME],Software,Medium
13919,The user [NAME] @[URL] domain mailbox,Support general,Medium
1785,Shared Mailbox Access - [TICKET ID] - [EMAIL],Support general,Medium
1791,Remove File Share Access - [TICKET ID] - [NAME] ([COMPANY]A. [LOCATION]),Fileservice,Medium
1224,[TICKET ID] - New Support Ticket received  - Problema no recebimento dos e-mail do [EMAIL],O365,Medium
1319,[TICKET ID] - A Support Ticket was forwarded to you  - Send as delegate ,O365,Medium
2270,File Share Access - [TICKET ID] - [NAME] ([COMPANY]. [LOCATION]),Fileservice,Medium
899,[TICKET ID] - New Support Ticket received  - Desbloqueio de Celular,Support general,Medium
8672,Zugriffsberechtigungen IT-Servicedesk Postfach für [NAME],Support general,Medium
1649,File Share Access - [TICKET ID] - [NAME] ([COMPANY]A. [LOCATION]),Fileservice,Medium
11510,Ads Slide in from the side and need to be stopped.,O365,Medium
889,[TICKET ID] - New Support Ticket received  - Mensagem,O365,Medium
1131,Instalar e-mail na impressora para digitalizações,Computer-Services,Medium
661,[TICKET ID] - A Support Ticket was forwarded to your role  -  Zugriff Shared Mailbox - [NAME] [EMAIL] auf ITCC,O365,Medium
7380,File Share Access - [TICKET ID] - [USERNAME]. [NAME] ([COMPANY]. [LOCATION])Service Request: File Share Access     Grant access to file share for the following user:  [USERNAME]. [NAME] ([COMPANY]. [LOCATION]) (Username: [USERNAME])  Access Type: (RW) Read / Write  File Share:                     J:/INS-DV              Requestor: [USERNAME] ([COMPANY]. [LOCATION])  Comment:,Fileservice,Medium
602,[TICKET ID] - A Support Ticket was forwarded to your role  - Mail Blockierung?,O365,Medium
1819,File Share Access - [TICKET ID] - [NAME] ([COMPANY]A. [LOCATION]),Fileservice,Medium
1072,[TICKET ID] - New Support Ticket received  - Mcafee,Support general,Medium
7468,E-mail do sac,Support general,Medium
1180,[TICKET ID] - New information received on closed ticket  - Documents not scanning from copier to email,Computer-Services,Medium
1206,[TICKET ID] - A Support Ticket was forwarded to your role  - check_mk SD Hostalarm: ([SERVER]) [COMPANY] LS Site2Site[LOCATION]- UP -> DOWN,Support general,High
1287,[TICKET ID] - New Support Ticket received  - Citrix not working and need Nautilus 9.3 on PC and installed as Citrix app,Software,Medium
5511,Printer Access,Computer-Services,Medium
2204,File Share Access - [TICKET ID] - [NAME] ([COMPANY] [LOCATION]),Fileservice,Medium
6647,Acesso à Pasta de Rede,Fileservice,Medium
2147,Remove File Share Access - [TICKET ID] - [NAME] ([COMPANY]A. [LOCATION]),Fileservice,Medium
2003,Shared Mailbox Access - [AWS_ACCESS_KEY] - [EMAIL],Support general,Medium
1415,[COMPANY] list of employees in e-mails is not complete,O365,Medium
11375,Basis User - [TICKET ID] - [USERNAME] ([COMPANY])Service Request: Basis User     Create Windows account for internal user  [USERNAME] ([COMPANY])     Firstname:  [NAME]  Lastname:  [NAME]  Cost Center:  958302  Company:  [COMPANY][LOCATION] Department:  CE-PRL-[ADDRESS]-[ADDRESS]  ZIP:  [ADDRESS]  City:  [ADDRESS]  Country:  Germany  Office:       Important: Please set the EA10 to the following value: 8340 (leave blank. when empty)  Please create Exchange and Skype account.  The user needs at least the following access permissions:  (RW) H:/%username%  (RO) J:/Auftrag  (RW) J:/Info  (RW) J:/Transfer  (RO) J:/Vorlagen  Access to [COMPANY] intranet  Access to [SOFTWARE] ([SERVER])  Requestor:  [NAME] ([COMPANY])     Desired date:  Jan  1 2019 12:00AM     Additional information:,Support general,Medium
1887,File Share Access - [TICKET ID] - [NAME] ([COMPANY]A. [LOCATION]),Fileservice,Medium
726,[TICKET ID] - New Support Ticket received  - Basis User - [USERNAME] - [NAME] ([COMPANY]. [LOCATION]),Support general,Medium
1630,File Share Access - [TICKET ID] - [NAME] ([COMPANY]A. [LOCATION]),Fileservice,Medium
2197,File Share Access - [TICKET ID] - [NAME] ([COMPANY]A. [LOCATION]),Fileservice,Medium
1278,[TICKET ID] - New Support Ticket received  - T&C Cellular Signal ,Support general,Medium
8667,[SERVER] - Outdated McAfee Agent,Software,Medium
1642,(2020011813239) Verizon Initial Notification,Support general,Medium
833,[TICKET ID] - New Support Ticket received  - Instalação de software,Software,Medium
1916,File Share Access - [TICKET ID] - [NAME] ([COMPANY]. [LOCATION]),Fileservice,Medium
275,Matrix update stalled,Software,Medium
2092,File Share Access - [TICKET ID] - [ADDRESS] ([COMPANY]A. [LOCATION]),Fileservice,Medium
6293,Kommandozeile basierte Ablegen von Daten aus dem Netzwerk in einem S3 bucket,Software,Medium
9333,Initiated by GIT: Missing connection to all securitytools on system [SERVER],Software,Medium
7579,File Share Access - [TICKET ID] -[LOCATION]ServiceService Request: File Share Access     Grant access to file share for the following user:  [NAME] (Username: [USERNAME])  Access Type: (RO) Read only  File Share:  //[SERVER]/[COMPANY]/[COMPANY] Berichte/     Requestor: [NAME] (EXTERNAL. [LOCATION])  Comment:  Used for exchanging [SOFTWARE] Import files,Fileservice,Medium
2227,File Share Access - [TICKET ID] - [NAME] ([COMPANY]. [LOCATION]),Fileservice,Medium
2368,Restore AD object [NAME],Active Directory,Medium
1854,File Share Access - [TICKET ID] - [NAME] ([COMPANY]. [LOCATION]),Fileservice,Medium
2282,File Share Access - [TICKET ID] - [NAME] ([COMPANY]A. [LOCATION]),Fileservice,Medium
3761,Liberação de acesso a planilha,Fileservice,Medium
1699,File Share Access - [TICKET ID] - [NAME] ([COMPANY]),Fileservice,Medium
1987,File Share Access - [TICKET ID] - [NAME] ([COMPANY]),Fileservice,Medium
2081,Shared Mailbox Access - [AWS_ACCESS_KEY] - [EMAIL],Support general,Medium
1496,File Share Access - [TICKET ID] [NAME] ([COMPANY]A. [LOCATION]),Fileservice,Medium
1181,[TICKET ID] - A Support Ticket was forwarded to you  - UPN/email ID change,Active Directory,Medium
2089,File Share Access - [TICKET ID] - [NAME] ([COMPANY]A. [LOCATION]),Fileservice,Medium
8513,Initiated by GIT: Missing connection to all securitytools on system [SERVER],Software,Medium
3947,The user [USERNAME] need @[USERNAME] mailbox,Support general,Medium
7022,Remove File Share Access - [TICKET ID] - [USERNAME] ([COMPANY]. [LOCATION])Service Request: Remove File Share Access     Remove file share access for the following user:  [USERNAME] ([COMPANY]. [LOCATION]) (Username: [USERNAME])  File Share:       Requestor: [USERNAME] ([COMPANY]. [LOCATION])  Comment:  Hallo Zusammen. bitte den Zugriff auf Laufwerk J: Groups:  ZET-PW für mich entfernen lassen ! Danke und Gruß,Fileservice,Medium
13861,The following system must be set to End Of Life in Nexthink:  [SERVER]  -Automated ticket creation-The following system must be set to End Of Life in Nexthink:  [SERVER],EOL,Medium
1881,Shared Mailbox Access - [ADDRESS] - [EMAIL],Support general,Medium
11551,Externen Kontakt im AD anlegen,Active Directory,Medium
1958,Create Shared Mailbox - [EMAIL] -[LOCATION]HR,Support general,Medium
862,[TICKET ID] - New Support Ticket received  - Wifi Request,Support general,Medium
1151,[TICKET ID] - New Support Ticket received  - Need installation of a new mobile phone- blackberry. Okta. mobile pass,Software,Medium
1563,Shared Mailbox Access - [ADDRESS] - [EMAIL],Support general,Medium
1553,File Share Access - [TICKET ID] - [NAME] ([COMPANY]A. [LOCATION]),Fileservice,Medium
1368,[TICKET ID] - New Support Ticket received  - Skype Not Working,O365,Medium
1559,File Share Access - [TICKET ID] - [NAME] ([COMPANY]A. [LOCATION]),Fileservice,Medium
11304,Light User for external - [TICKET ID] - [NAME]Service Request: Light User for external  Create Light user for [USERNAME]     Firstname: [NAME]  Lastname: [NAME]ailaddress: [EMAIL]   Phone: [PHONE]   Cost Center: 47046  Function: Development Lead & Integration Manager for[LOCATION] Company: [COMPANY][LOCATION] Department: GIT-[ADDRESS]  [ADDRESS]  ZIP: [ADDRESS]  City: [ADDRESS]  Country: [ADDRESS]  Location:[LOCATION] Office:   Expiration date: Not defined     Important: Please indicate in EA14 that it is an external user.     Requestor: [NAME] ([COMPANY]. [LOCATION])     Desired date: Jan  9 2019 12:00AM     Additional information:,Support general,Medium
1710,Delete Shared Mailbox - [TICKET ID] - [EMAIL] ([COMPANY]-[PASSWORD]. [LOCATION]),Support general,Medium
1895,File Share Access - [TICKET ID] - [NAME] ([COMPANY]. [LOCATION]),Fileservice,Medium
1840,Remove File Share Access - [TICKET ID] - [NAME] ([COMPANY]A. [LOCATION]),Fileservice,Medium
47,Printer at my desk is hesitating when printing,Computer-Services,Medium
2074,File Share Access - [TICKET ID] - [ADDRESS][COMPANY]. [LOCATION]),Fileservice,Medium
1541,Acceso carpeta Produccion en Z,Fileservice,Medium
2429,Edit Rechte auf AD Gruppe: [SERVER]_Publishing Bitte[LOCATION]Rechte für die User-Pflege auf die folgende AD-Gruppe erteilen:  [SERVER]_Publishing,Active Directory,Medium
4462,File Share Access - [TICKET ID] - [USERNAME]. Dirk ([COMPANY]. [LOCATION])Service Request: File Share Access     Grant access to file share for the following user:  [USERNAME] ([COMPANY]. [LOCATION]) (Username: [USERNAME])  Access Type: (RW) Read / Write  File Share:  J:/MBCALC     Requestor: [NAME] ([COMPANY]. [LOCATION])  Comment:,Fileservice,Medium
1897,Shared Mailbox Access - [TICKET ID] - [EMAIL],Support general,Medium
2135,File Share Access - [TICKET ID] - [NAME] ([COMPANY]. [LOCATION]),Fileservice,Medium
3292,ACESSO EMAIL URGENTE,Support general,High
7186,File Share Access - [TICKET ID] - [NAME] ([COMPANY]. [LOCATION])Service Request: File Share Access     Grant access to file share for the following user:  [NAME] ([COMPANY]. [LOCATION]) (Username: )  Access Type: (RW) Read / Write  File Share:  [URL]     Requestor: [NAME] ([COMPANY]. [LOCATION])  Comment:  MA Turetzek Hard- and Software Lieferung ins Erdgeschoss der Villa.   Unsere temporäre Kollegin Birgit Turetzek benötigt vom 01.02. bis 30.04.2019 ein Notebook Leihgerät.[LOCATION]User fürs P01 incl. Logistikberechtigungen. Microsoft Anwendungen wie Outlook. Excel. Word und Zugriff auf das Laufwerk [URL]  Vielen Dank,Fileservice,Medium
1427,SR290606 Leaving employee: The user [NAME] ([COMPANY]; [LOCATION]) is going to leave [COMPANY] on 02;01;2018,Active Directory,Medium
2637,Instalacao impressora EPSON L3150,Computer-Services,Medium
4764,Check the mailbox,Support general,Medium
1709,File Share Access - [TICKET ID] - [NAME] ([COMPANY]A. [LOCATION]),Fileservice,Medium
1133,[TICKET ID] - New Support Ticket received  - problemas para imprimir pedidos,Computer-Services,Medium
1458,check_mk SD Hostalarm: ([SERVER]) [COMPANY] LS Site2Site[LOCATION]- UP -> DOWN,Support general,High
2122,File Share Access - [TICKET ID] - [NAME] ([COMPANY]-[PASSWORD]. [LOCATION]),Fileservice,Medium
1824,Shared Mailbox Access - [AWS_ACCESS_KEY] - [EMAIL],Support general,Medium
2273,File Share Access - [TICKET ID] - [NAME]. [NAME] ([COMPANY])Service Request: File Share Access     Grant access to file share for the following user:  [NAME]. [NAME] ([COMPANY]) (Username: [USERNAME])  Access Type: (RW) Read / Write  File Share:    j:/MAZ-Guests/2018_Bernal/       [NAME]       Requestor: [NAME] ([COMPANY]. [LOCATION])  Comment:,Fileservice,Medium
8799,File Share Access - [TICKET ID] - [NAME] ([COMPANY]. [LOCATION])Service Request: File Share Access     Grant access to file share for the following user:  [NAME] ([COMPANY]. [LOCATION]) (Username: [USERNAME])  Access Type: (RW) Read / Write  File Share:    J:/MarkerDB       The user needs access to the Marker Database.   Thanks        Requestor: [NAME] ([COMPANY]. [LOCATION])  Comment:,Fileservice,Medium
2272,Shared Mailbox Access - [TICKET ID] - [EMAIL],Support general,Medium
1395,[TICKET ID] - A Support Ticket was forwarded to your role  - Initiated by [COMPANY][LOCATION]- Vulnerable[LOCATION]on [SERVER],Support general,Medium
1648,File Share Access - [TICKET ID] - [NAME] ([COMPANY]. [LOCATION]),Fileservice,Medium
9535,OKTABom dia      Gostaria de excluir o okta do meu antigo celular para poder configurar e logar pelo celular novo.      Obrigado,Software,Medium
2275,File Share Access - [TICKET ID] - [NAME] ([COMPANY]. [LOCATION]),Fileservice,Medium
550,[TICKET ID] - A Support Ticket was forwarded to your role  - Create[LOCATION]entry [COMPANY]up.ads.dir,Support general,Medium
7955,ATA activity,Software,Medium
2579,Unable to send mail to user,Support general,Medium
11536,Basis User for external - [TICKET ID] - [NAME]Service Request: Basis User for external     Create Windows account for external user  [NAME]. [NAME]     Firstname: [NAME]  Lastname: [NAME]ailaddress: [EMAIL]  Phone: [PHONE]  Cost Center: 44288  Function: Receptionist  Company: [COMPANY]  Department: [ADDRESS] [ADDRESS].  ZIP: [ADDRESS]  City: [ADDRESS] - MG  Country: [ADDRESS]  Location:[LOCATION] Office:   Expiration date: Not defined     Important: Please indicate in EA14 that it is an external user.     Requestor: [NAME] ([COMPANY]. [LOCATION])     Desired date: Dec 18 2018  3:00AM     Additional information:  I already requested user for her before. but her informations was missing on HCM. Now. she have register on HCM. So. please proceed with her new user with exchange account and [COMPANY] will delete her old user. Thanks.,Support general,Medium
1745,File Share Access - [TICKET ID] - [NAME] ([COMPANY]),Fileservice,Medium
5424,Basis User for external - [TICKET ID] - [NAME]Service Request: Basis User for external     Create Windows account for external user  [NAME]     Firstname: [NAME]  Lastname: [NAME]ailaddress: [EMAIL]   Phone: [PHONE]  Cost Center: 44281  Function: IT provider  Company: [COMPANY]  Department: [ADDRESS]  ZIP: [ADDRESS]  City: [ADDRESS]  Country:   Location:[LOCATION] Office:   Expiration date: Not defined     Important: Please indicate in EA14 that it is an external user.     Requestor: [NAME] ([COMPANY]. [LOCATION])     Desired date: Jan  4 2019 12:00AM     Additional information:  Please. could you create the adm user admwallis in[LOCATION]OU with the same rights as admpearce.,Support general,Medium
229,Crear carpeta dentro de J: Administración R&D,Fileservice,Medium
216,File Share Access - [TICKET ID] -[LOCATION]ServiceService Request: File Share Access     Grant access to file share for the following user: [LOCATION]Service (Username: mtx_service)  Access Type: (RW) Read / Write  File Share:  //[SERVER]/[COMPANY]/COMPANY] Berichte/     Requestor: [NAME] (EXTERNAL. [LOCATION])  Comment:  last request was only ReadOnly. because of requierement changes. Write Access is now needed,Fileservice,Medium
634,[TICKET ID] - A Support Ticket was forwarded to your role  - IDS-Event: Unsual amount of[LOCATION]errors (null queries),Support general,Medium
1239,[TICKET ID] - Reminder of paused Support Ticket  - File Share Access - [TICKET ID] - [NAME] (AMA. [LOCATION]),Fileservice,Medium
1839,Create Shared Mailbox - [EMAIL] - Finanzbuchhaltung agromais,Support general,Medium
756,[TICKET ID] - A Support Ticket was forwarded to your role  - Basis User - [USERNAME] - [NAME] ([COMPANY]. [LOCATION])  ,Support general,Medium
1818,File Share Access - [TICKET ID] - [NAME] ([COMPANY]A. [LOCATION]),Fileservice,Medium
797,[TICKET ID] - A Support Ticket was forwarded to your role  - RE: Decision for Order required: #[TICKET ID] - Install request,Software,Medium
2139,Install Nessus Agent on [LOCATION]-DB01,Software,Medium
676,[TICKET ID] - New information received on closed ticket  - File Share Access - [TICKET ID] - [NAME] ([COMPANY]. [LOCATION]),Fileservice,Medium
6511,File Share Access - [TICKET ID] - [NAME] ([COMPANY]. ESBA)Service Request: File Share Access     Grant access to file share for the following user:  [NAME] ([COMPANY]. ESBA) (Username: [USERNAME])  Access Type: (RW) Read / Write  File Share:      Hello    I need [NAME] to have the same acces than [NAME] had.    Specially this folder: //[SERVER].[COMPANY]up.ads.dir/RH        Thank you    Cheers    [NAME]               Normal   0         21         false   false   false      ES   X-NONE   X-NONE                                                                                                                                                                                                                                                                                                                                                                                                                                                                                                                                                                                                                                                                                                                                                                                                                                                                                                                                                                                                                                                                                                                                                                                                                                                                    Requestor: [NAME] ([COMPANY]. ESBA)  Comment:,Fileservice,Medium
2075,File Share Access - [TICKET ID] - [NAME] ([COMPANY]. [LOCATION]),Fileservice,Medium
2124,Delete Shared Mailbox - [EMAIL] - [EMAIL]. [LOCATION]),Support general,Medium
13719,Change Erstellung - Freigabe für Emailverteiler Standort Deutschland,Support general,Medium
8621,Keine Zugriffsrechte mehr auf eigene SharePoint Datenbank,Support general,Medium
1807,Shared Mailbox Access - [AWS_ACCESS_KEY] - [EMAIL],Support general,Medium
1683,External vendors have e3 license again (previously removed on [DRIVER_ID]),O365,Medium
925,[TICKET ID] - New Support Ticket received  - Top Ronda 3 Software Config.,Software,Medium
1480,File Share Access - [TICKET ID] - [NAME] ([COMPANY]. [LOCATION]),Fileservice,Medium
1375,[TICKET ID] - New Support Ticket received  - activacion blackberry work,Support general,Medium
1982,File Share Access - [TICKET ID] - [NAME] ([COMPANY]A. [LOCATION]),Fileservice,Medium
3008,The following system must be set to End Of Life in Nexthink and checked for[LOCATION]reservations:  [SERVER]  -Automated ticket creation-Please remove the system from Nexthink according to the[LOCATION]process and please verify if any[LOCATION]reservations exist. If yes. please remove reservations and note down the corresponding IP(s) and inform [COMPANY] network team to remove firewall rules if there are any.,EOL,High
678,[TICKET ID] - New Support Ticket received  - Block email from [NAME] Enright,O365,Medium
2647,Basis User - [USERNAME] -Service Request: Basis User     Create Windows account for internal user       Firstname:  [NAME]  Lastname:  [NAME]  Cost Center:  44288  Company:    Department:  [LOCATION]  Street:    ZIP:    City:    Country:  [ADDRESS]  Office:       Important: Please set the EA10 to the following value: 13717 (leave blank. when empty)  Please create Exchange and Skype account.  The user needs at least the following access permissions:  Access to [SOFTWARE] ([SERVER])  Requestor:  [NAME] ([COMPANY]. [LOCATION])     Desired date:  Jan 15 2019  3:00AM     Additional information:,Support general,Medium
9474,instalacao do Power BI,O365,Medium
9887,File Share Access - [TICKET ID] -Service Request: File Share Access     Grant access to file share for the following user:   (Username: [USERNAME])  Access Type: (RW) Read / Write  File Share:    J:/[COMPANY]   J:/ALS coordination   J:/Scan   Zugriff auf Drucker [SERVER]   Zugriff Intranet           Requestor: [NAME]e ([COMPANY]. [LOCATION])  Comment:  Büro[LOCATION]1.91 Arbeitsplatz an Schrankseite (zZt. [NAME]) für Herrn Lotze vorbereiten. Frau Wießner zieht dann an den Tisch quer um. Bitte Equipment aus vorhandenen 2 Bildschirmen von [NAME] auf Herrn Lotze umbuchen. Dockingstation bereits vorhanden. Bitte Info über PC-Nr. damit ich noch Zusatzsoftware bestellen kann.,Fileservice,Medium
1672,Shared Mailbox Access - [AWS_ACCESS_KEY] - [EMAIL],Support general,Medium
937,[TICKET ID] - New Support Ticket received  - Mobile connection,Support general,Medium
3559,INSTALAR ATUALIZAÇÃO SICALCBoa Tarde :)        Por favor. poderiam colocar a senha para a instalação do Sicalc?         Obrigada!          Att..,Software,Medium
1802,File Share Access - [TICKET ID] - [NAME] ([COMPANY]. [LOCATION]),Fileservice,Medium
1913,File Share Access - [TICKET ID] - [NAME] ([COMPANY]A. [LOCATION]),Fileservice,Medium
1966,Create Shared Mailbox - [EMAIL] - [USERNAME],Support general,Medium
8010,Problema com Proxy ao conectar via VPN,Support general,Medium
10968,In UK wird Browserversion von E-Mails Salesforce intern geblockt,Support general,Medium
1130,[TICKET ID] - New Support Ticket received  - Criação de nova pasta,Fileservice,Medium
1857,File Share Access - [TICKET ID] - [NAME] ([COMPANY]. [LOCATION]),Fileservice,Medium
1618,Remove File Share Access - [TICKET ID] - [NAME] ([COMPANY]. [LOCATION]),Fileservice,Medium
6749,Initiated by GIT: Missing connection to all securitytools on system [SERVER],Software,Medium
1825,File Share Access - [TICKET ID] - [NAME] ([COMPANY]A. [LOCATION]),Fileservice,Medium
9475,Unable to use Outlook on hotel wifi,Support general,Medium
732,[TICKET ID] - New Support Ticket received  - Basis User - [USERNAME] - [NAME] ([COMPANY]. [LOCATION]),Support general,Medium
2191,File Share Access - [TICKET ID] - [NAME] ([COMPANY]A. [LOCATION]),Fileservice,Medium
1775,Shared Mailbox Access - [AWS_ACCESS_KEY] - [EMAIL],Support general,Medium
8423,DNS issue in [LOCATION]Hello        We have migrated [SERVER] (file server in Hungary/Gyor) to Windows Server 2016 and to a new hypervisor.        We kept the same settings / configurations / etc.        Problem is that initial installation the ip the server got via[LOCATION]was [IP_ADDRESS] but after reconfiguration we had to switch to Static IP [IP_ADDRESS]. Now the server is unreachable via ping (but you can ping and remote connect to it using its IP address).        Can you please check the[LOCATION]records so that the current Static IP address is [IP_ADDRESS] instead of the old[LOCATION]address ?        Thank you !,Support general,Medium
1037,[TICKET ID] - New Support Ticket received  - Alteração de email[LOCATION],O365,Medium
1509,Shared Mailbox Access - [AWS_ACCESS_KEY] - [EMAIL],Support general,Medium
1502,Shared Mailbox Access - [AWS_ACCESS_KEY] - [EMAIL],Support general,Medium
8347,Project online does not work,O365,Medium
1731,Shared Mailbox Access - [ADDRESS] - [EMAIL],Support general,Medium
881,[TICKET ID] - A Support Ticket was forwarded to your role  - Bitlocker Unlock FAILED,Software,Medium
2113,File Share Access - [TICKET ID] - [NAME] ([COMPANY]-[PASSWORD]. [LOCATION]),Fileservice,Medium
1708,cou;d not open files from corp disck G (UA directory),Fileservice,Medium
1019,[TICKET ID] - New Support Ticket received  -[LOCATION]Site - Cant access,Support general,Medium
10178,Intranet Profile Update Page,Active Directory,Medium
1746,File Share Access - [TICKET ID] - [NAME] (KWA. [LOCATION]),Fileservice,Medium
4392,NÃO CONSIGO ACESSO[LOCATION]COMP DE PAGAMENTOS,Fileservice,Medium
11156,Basis User - [USERNAME] - [USERNAME]. [NAME] ([COMPANY]. [LOCATION])Service Request: Basis User     Create Windows account for internal user  [USERNAME] ([COMPANY]. [LOCATION])     Firstname:  [NAME]  Lastname:  [NAME]  Cost Center:  44262  Company:  [COMPANY] Sp. z o.o.  Department:  KW-[ADDRESS]  ZIP:  [ADDRESS]  City:  [ADDRESS]  Country:    Office:  [LOCATION]. *not selected*     Important: Please set the EA10 to the following value: 9851 (leave blank. when empty)  Please create Exchange and Skype account.  The user needs at least the following access permissions:  Access to [SOFTWARE] ([SERVER])  Requestor:  [NAME] ([COMPANY]. [LOCATION])     Desired date:  Jan  2 2019 12:00AM     Additional information:,Support general,Medium
5275,Light User for external - [TICKET ID] - [NAME]. FabianService Request: Light User for external  Create Light user for [NAME]. Fabian     Firstname: Fabian  Lastname: [NAME]ailaddress: [EMAIL]  Phone: [PHONE]  Cost [PHONE]: 47046  Function: Procurement[LOCATION] Company: [COMPANY] Consulting GmbH  Department: GIT-EST  [ADDRESS]  ZIP: [ADDRESS]  City: [ADDRESS]  Country: [ADDRESS]  Location:[LOCATION] Office:   Expiration date: Jan 24 2020 12:00AM     Important: Please indicate in EA14 that it is an external user.     Requestor: [NAME] ([COMPANY]. [LOCATION])     Desired date: Jan 24 2019 12:00AM     Additional information:,Support general,Medium
4057,Incorrect[LOCATION]EntryPlease correct the[LOCATION]entry for [IP] in [LOCATION]. It should reflect the correct name of [SERVER]. It does not currently. Please fix this. I do not have access.,Support general,Medium
844,[TICKET ID] - A Support Ticket was forwarded to you  - Incorporating shared calendars into black Barry work does not work ,Support general,Medium
644,[TICKET ID] - New Support Ticket received  - Basis User for external - [TICKET ID] - [NAME],Support general,Medium
255,File Share Access - [TICKET ID] - [NAME] ([COMPANY]. [LOCATION])Service Request: File Share Access     Grant access to file share for the following user:  [NAME] ([COMPANY]. [LOCATION]) (Username: [USERNAME])  Access Type: (RW) Read / Write  File Share:  J:/[COMPANY]/HR     Requestor: [NAME] ([COMPANY]. [LOCATION])  Comment:  Important: Access beginnig of January 07th 2019. [LOCATION]earlier.,Fileservice,Medium
943,[TICKET ID] - New Support Ticket received  - Configuração de Certificado,Software,Medium
2087,Create Shared Mailbox - [EMAIL] - Verbindliche Bestellungen,Support general,Medium
2029,File Share Access - [TICKET ID] - [NAME] ([COMPANY]A. [LOCATION]),Fileservice,Medium
1241,[TICKET ID] - New Support Ticket received  -[LOCATION]USER - [USERNAME] [NAME] SILVA,Active Directory,Medium
1641,File Share Access - [TICKET ID] - [NAME] ([COMPANY]A. [LOCATION]),Fileservice,Medium
11092,Failure to connect to J: drive. U: drive. and X: drive,Fileservice,Medium
1920,File Share Access - [TICKET ID] - [NAME] ([COMPANY]A. [LOCATION]),Fileservice,Medium
303,[TICKET ID] - A Support Ticket was forwarded to your role  - Anpassung das jeder Mitglied die Details der Kalendereinträge sehen kann,O365,Medium
1654,File Share Access - [TICKET ID] - [NAME] ([COMPANY]A. [LOCATION]),Fileservice,Medium
1684,File Share Access - [TICKET ID] - [NAME] ([COMPANY]A. [LOCATION]),Fileservice,Medium
1874,File Share Access - [TICKET ID] - [NAME] ([COMPANY]A. [LOCATION]),Fileservice,Medium
2305,File Share Access - [TICKET ID] - [NAME] ([COMPANY]A. [LOCATION]),Fileservice,Medium
4641,remove [NAME] from  [EMAIL],Support general,Medium
1737,File Share Access - [TICKET ID] - [NAME] ([COMPANY]A. [LOCATION]),Fileservice,Medium
1643,File Share Access - [TICKET ID] - [NAME] ([COMPANY]. [LOCATION]),Fileservice,Medium
1182,[TICKET ID] - This Support Ticket was reopened  - UPN/email ID change,Active Directory,Medium
2055,File Share Access - [TICKET ID] - [NAME] ([COMPANY]A. [LOCATION]),Fileservice,Medium
734,[TICKET ID] - New Support Ticket received  - Basis User - [USERNAME] - [NAME] ([COMPANY]. [LOCATION]),Support general,Medium
2130,Delete Shared Mailbox - [EMAIL] - [EMAIL]. [LOCATION]),Support general,Medium
10966,Basis User - [TICKET ID] - [NAME] ([COMPANY]. [LOCATION])Service Request: Basis User     Create Windows account for internal user  [NAME] ([COMPANY]. [LOCATION])     Firstname:  [NAME]  Lastname:  [NAME]  Cost Center:  174417  Company:  [COMPANY] Berlin GmbH  Department:  GFP-[ADDRESS]  ZIP:  [ADDRESS]  City:  [ADDRESS]  Country:  Germany  Office:       Important: Please set the EA10 to the following value: 13604 (leave blank. when empty)  Please create Exchange and Skype account.  The user needs at least the following access permissions:  (RW) H:/%username%  (RO) J:/Auftrag  (RW) J:/Info  (RW) J:/Transfer  (RO) J:/Vorlagen  Access to [COMPANY] intranet  Access to [SOFTWARE] ([SERVER])  Requestor:  [NAME] ([COMPANY]. [LOCATION])     Desired date:  Jan 15 2019 12:00AM     Additional information:   Liebes [COMPANY]-Team.   Laptop. Bildschirm. Tastatur .Telefon. Headset bitte aus Gerätepool Berlin. falls vorhanden  Tastatur und Laptop bitte deutsche Tastatur  danke,Support general,Medium
7051,No access GTC_SLAR,Fileservice,Medium
2267,File Share Access - [TICKET ID] - [ADDRESS] ([COMPANY]A. [LOCATION]),Fileservice,Medium
667,[TICKET ID] - A Support Ticket was forwarded to your role  - MessageLabs not set for external emails,O365,Medium
254,[TICKET ID] - New Support Ticket received  - Basis User - [USERNAME] - [NAME] ([COMPANY]. [LOCATION]),Support general,Medium
1346,[TICKET ID] - New Support Ticket received  - Skype for business - cannot sign in,O365,Medium
9016,File Share Access - [TICKET ID] - [NAME] ([COMPANY]. [LOCATION])Service Request: File Share Access     Grant access to file share for the following user:  [NAME] ([COMPANY]. [LOCATION]) (Username: [USERNAME])  Access Type: (RW) Read / Write  File Share:      J:/LOEHNE1J:/ZET-PW    J:/Containe    J:/PW-INSBB         Requestor: [NAME] ([COMPANY]. [LOCATION])  Comment:,Fileservice,Medium
775,[TICKET ID] - New Support Ticket received  - Blackberry Container and Skype,Support general,Medium
1937,File Share Access - [TICKET ID] - [NAME] ([COMPANY]. [LOCATION]),Fileservice,Medium
7160,Team-Mailadresse/Kalender in Outlook einbinden[NAME] liebe [NAME].             wir haben für  unsere Teams-Site eine Team-Mailadresse/-Kalender erstellt ([EMAIL]).  Das funktioniert auch in Teams. der Kalender ist dort eingebunden. Nun würden  wir den Kalender/die Inbox auch gern in Outlook einfügen. Im Gegensatz zu dem  Sharepoint-Sammelkalender habe ich es nicht hinbekommen den in Sharepoint zu  öffnen und via „Verbindung mit Outlook erstellen“ in Outlook einzubinden. Wenn  ich den Kalender im Browser öffne werde ich immer zu outlook.office.com  weitergeleitet wo ich den Kalender zwar sehe aber die Funktion zum Einbinden  steht nicht zur Verfügung.             Meine einzige  Idee nach viel Rumklicken ist die Mailadresse manuell in Outlook. wie ein  reguläres Postfach hinzuzufügen. Dafür fehlt mir aber das Passwort. Habt ihr dazu eine Idee?             Vielen Dank und  Viele Grüße             [NAME],O365,Medium
1561,File Share Access - [TICKET ID] - [NAME] ([COMPANY]A. [LOCATION]),Fileservice,Medium
3007,Missing connection to Updates on system [SERVER],Software,Medium
803,Shared Mailbox Access - [AWS_ACCESS_KEY] - [EMAIL],Support general,Medium
1260,[TICKET ID] - New Support Ticket received  - Acesso,Active Directory,Medium
708,[TICKET ID] - New Support Ticket received  - Basis User - [USERNAME] -,Support general,Medium
3853,Initiated by GIT: Missing connection to all securitytools on system [SERVER],Software,Medium
1679,File Share Access - [TICKET ID] - [NAME] ([COMPANY]A. [LOCATION]),Fileservice,Medium
7482,North America Portal availibility,Support general,Medium
2720,[COMPANY] Servicedesk Agents Zugriff auf[LOCATION]OU ermöglichen,Fileservice,Medium
819,[TICKET ID] - New Support Ticket received  - LENTIDÃO ABERTURA DE PROGRAMAS E PASTAS -[LOCATION]APARECIDO,Support general,Medium
1883,Create Shared Mailbox - [EMAIL] - my[COMPANY],Support general,Medium
3289,Permission for Skype,O365,Medium
1244,[TICKET ID] - New Support Ticket received  - Blackberry Work,Support general,Medium
5332,Atualização pacote office,O365,Medium
6928,File Share Access - [TICKET ID] - [NAME] ([COMPANY]. [LOCATION])Service Request: File Share Access     Grant access to file share for the following user:  [USERNAME]. [NAME] ([COMPANY]. [LOCATION]) (Username: [USERNAME])  Access Type: (RW) Read / Write  File Share:  J:/Pflanzenphysiologie     Requestor: [NAME] ([COMPANY]. [LOCATION])  Comment:,Fileservice,Medium
1768,Shared Mailbox Access - [AWS_ACCESS_KEY] - [EMAIL],Support general,Medium
14110,Basis User - [TICKET ID] -Service Request: Basis User    Create Windows account for internal user     Firstname: [NAME]  Lastname: [NAME]  Cost Center: 44268  Company:   Department: [COMPANY]_MA  [ADDRESS]:   ZIP:   City:   Country:   Office:     Important: Please set the EA10 to the following value: 13721 (leave blank. when empty)    Please create Exchange and Skype account.    The user needs at least the following access permissions:  Access to [SOFTWARE] ([SERVER])    Requestor: [NAME] ([COMPANY]. [LOCATION])    Desired date: Jan 21 2019 12:00AM    Additional information:,Support general,Medium
10824,Remove File Share Access - [TICKET ID] - [USERNAME]. [NAME] ([COMPANY]. [LOCATION])Service Request: Remove File Share Access     Remove file share access for the following user:  [USERNAME] ([COMPANY]. [LOCATION]) (Username: [USERNAME])  File Share:  J:/SB-BD     Requestor: [NAME] ([COMPANY]. [LOCATION])  Comment:,Fileservice,Medium
1875,Der Anwender Kleinsorge. [NAME] hat keinen Zugriff auf das Intranet.,Fileservice,Medium
1314,[TICKET ID] - New Support Ticket received  - New User - Caio Yuzzo [NAME],Active Directory,Medium
1834,File Share Access - [TICKET ID] - [NAME] ([COMPANY]A. [LOCATION]),Fileservice,Medium
1187,[TICKET ID] - A Support Ticket was forwarded to your role  - LH - [SERVER] OS Updates,Support general,Medium
8277,Light User for external - [TICKET ID] - [NAME] PaulaService Request: Light User for external  Create Light user for [USERNAME] [NAME] Paula     Firstname: [NAME]  Lastname: [NAME]ailaddress: [EMAIL]  Phone: [PHONE]  Cost Center: 44288  Function: HR ASSISTANT  Company: SETRATA  Department: [COMPANY]_HR-[ADDRESS] [ADDRESS].  ZIP:[LOCATION][ADDRESS]  City: [ADDRESS]  Country: [ADDRESS]  Location:[LOCATION] Office:   Expiration date: Not defined     Important: Please indicate in EA14 that it is an external user.     Requestor: [NAME] ([COMPANY].[LOCATION][LOCATION])     Desired date: Jan 10 2019  3:00AM     Additional information:,Support general,Medium
668,[TICKET ID] - New Support Ticket received  - Basis User - [USERNAME] -,Support general,Medium
1959,Shared Mailbox Access - [AWS_ACCESS_KEY] - [EMAIL],Support general,Medium
1255,Delete Shared Mailbox - [EMAIL] - [EMAIL]. [LOCATION]),Support general,Medium
1700,Shared Mailbox Access - [TICKET ID] - [EMAIL],Support general,Medium
1567,File Share Access - [TICKET ID] - [NAME] ([COMPANY]-[PASSWORD]. [LOCATION]),Fileservice,Medium
1549,File Share Access - [TICKET ID] - [NAME] ([COMPANY]. [LOCATION])Service Request: File Share Access     Grant access to file share for the following user:  [NAME] ([COMPANY]. [LOCATION]) (Username: Due)  Access Type: (RW) Read / Write  File Share:  j:/stundenbuecher     Requestor: [NAME] ([COMPANY]. [LOCATION])  Comment:,Fileservice,Medium
2160,Shared Mailbox Access - [ADDRESS] - [EMAIL],Support general,Medium
973,[TICKET ID] - New Support Ticket received  - configuacion nuevo telefono,Support general,Medium
689,[TICKET ID] - New Support Ticket received  - File Share Access - [TICKET ID] - [ADDRESS] ([COMPANY]. [LOCATION]),Fileservice,Medium
1833,File Share Access - [TICKET ID] - [NAME] ([COMPANY]A. [LOCATION]),Fileservice,Medium
953,[TICKET ID] - New Support Ticket received  - impressora,Computer-Services,Medium
2048,File Share Access - [TICKET ID] - [NAME] ([COMPANY]A. [LOCATION]),Fileservice,Medium
990,[TICKET ID] - New Support Ticket received  - instalacion de onedrive,O365,Medium
1626,File Share Access - [TICKET ID] - [NAME] ([COMPANY]. [LOCATION]),Fileservice,Medium
2126,Delete Shared Mailbox - [EMAIL] - [EMAIL]. [LOCATION]),Support general,Medium
6718,[SERVER] - Outdated McAfee Agent,Software,Medium
2294,File Share Access - [TICKET ID] - [NAME] ([COMPANY]. [LOCATION]),Fileservice,Medium
10,Initiated by [COMPANY][LOCATION]- Vulnerable .Net 4.5 Version on SS-E03F49869B22,Software,Medium
1729,Shared Mailbox Access - [AWS_ACCESS_KEY] - [EMAIL],Support general,Medium
1908,File Share Access - [TICKET ID] - [NAME] ([COMPANY]A. [LOCATION]),Fileservice,Medium
597,[TICKET ID] - A Support Ticket was forwarded to your role  - Erreur sur ladresse mail nouvel arrivant,O365,Medium
1674,Shared Mailbox Access - [TICKET ID] - [EMAIL],Support general,Medium
854,[TICKET ID] - New Support Ticket received  - Mobilepass softoken ,Support general,Medium
13809,File Share Access - [TICKET ID] - [USERNAME] ([COMPANY]. [LOCATION])Service Request: File Share Access     Grant access to file share for the following user:  [USERNAME] ([COMPANY]. [LOCATION]) (Username: [USERNAME])  Access Type: (RW) Read / Write  File Share:    bitte auf folgenden Verzeichnissen Zugriff einrichten   [SERVER]   [SERVER]   [SERVER]   [SERVER]   [SERVER]   Sorten       Requestor: [NAME] ([COMPANY]. [LOCATION])  Comment:,Fileservice,Medium
1841,File Share Access - [TICKET ID] - [NAME] ([COMPANY]. [LOCATION]),Fileservice,Medium
2242,Create MS team Account for external consultant,O365,Medium
1057,[TICKET ID] - New Support Ticket received  - Não consigo abrir um site,Support general,Medium
8300,Remove and add a name from/to the e-mail group [COMPANY] Everybody,Support general,Medium
1035,[TICKET ID] - New Support Ticket received  - Growout Room phone needs adjustments,Support general,Medium
1748,Create Shared Mailbox - [EMAIL] -[LOCATION]Ticket Status,Support general,Medium
8308,Unable to open Excel files from email,O365,Medium
1694,File Share Access - [TICKET ID] - [NAME]. [NAME] (EXTERNAL. [LOCATION]),Fileservice,Medium
1102,[TICKET ID] - New Support Ticket received  - Instalar programa BarTender,Software,Medium
3304,File Share Access - [TICKET ID] - [NAME] ([COMPANY]. [LOCATION])Service Request: File Share Access     Grant access to file share for the following user:  [NAME] ([COMPANY]. [LOCATION]) (Username: [USERNAME])  Access Type: (RW) Read / Write  File Share:  J:/MAZ-MTC     Requestor: [NAME] ([COMPANY]. [LOCATION])  Comment:,Fileservice,Medium
1647,Account information needed,Active Directory,Medium
14017,Create new DG in[LOCATION]OUPlease create a new Distribution Group that I can add and remove users in AD. It should be called [SERVER] and the email address should be the same.,Active Directory,Medium
733,[TICKET ID] - New Support Ticket received  - File Share Access - [TICKET ID] - [NAME] ([COMPANY]. [LOCATION]),Fileservice,Medium
1525,File Share Access - [TICKET ID] - [NAME] ([COMPANY]. [LOCATION]),Fileservice,Medium
1828,Shared Mailbox Access - [AWS_ACCESS_KEY] - [EMAIL],Support general,Medium
9554,RDP priviliges needed,Active Directory,Medium
5226,J:ZR-Muster: Ordner / Dateien wieder herststellen,Fileservice,Medium
3774,Agenda Master - OutlookCriar Agenda Master no Outlook para que possamos inserir eventos. viagens. dentre outros. acesso para Gerentes. Gestores. Coordenadores. inserir mais de um compromisso na mesma data e horário.,O365,Medium
5010,Need software for temperature logging device downloadedWe have a temperature logging device and the only person who has the software on his computer is [NAME]. who took his laptop with him on a business trip.  We had a malfunction in one of our coolers over the weekend and in order for the Breeders to make an informed decision we need to know what temperature these plants were exposed to for how long (kind of urgent).   I have the disc for downloading. I just need an admin to log in and approve.  [Image],Software,High
1977,File Share Access - [TICKET ID] - [NAME] ([COMPANY]A. [LOCATION]),Fileservice,Medium
1538,Shared Mailbox Access - [AWS_ACCESS_KEY] - [EMAIL],Support general,Medium
8766,LIBERAR SENHA INTERNET,Support general,Medium
886,[TICKET ID] - New Support Ticket received  - activacion[LOCATION]equipo [SERVER],Support general,Medium
6932,FALHA AO AGENDAR REUNIÃO[LOCATION]SKYPE,O365,Medium
1507,Shared Mailbox Access - [AWS_ACCESS_KEY] - [EMAIL],Support general,Medium
1950,File Share Access - [TICKET ID] - [NAME] ([COMPANY]A. [LOCATION]),Fileservice,Medium
1058,[TICKET ID] - New Support Ticket received  - Liberação de Pasta,Fileservice,Medium
9133,I am not able to find[LOCATION]on the computer,Support general,Medium
1064,[TICKET ID] - A Support Ticket was forwarded to your role  - Initiated by [COMPANY][LOCATION]- Vulnerable Intel[LOCATION]on [SERVER],Support general,Medium
1514,Shared Mailbox Access - [AWS_ACCESS_KEY] - [EMAIL],Support general,Medium
874,[TICKET ID] - New Support Ticket received  - Approval to access [NAME]s mailbox,O365,Medium
6964,The following system must be set to End Of Life in Nexthink and checked for[LOCATION]reservations:  [SERVER]  -Automated ticket creation-Please remove the system from Nexthink according to the[LOCATION]process and please verify if any[LOCATION]reservations exist. If yes. please remove reservations and note down the corresponding IP(s) and inform [COMPANY] network team to remove firewall rules if there are any.,EOL,High
11383,Initiated by [COMPANY][LOCATION]- Vulnerable SQL-Server on [SERVER],Software,Medium
1351,[TICKET ID] - New Support Ticket received  - BB Work will not open,Support general,Medium
10474,Change of character on user principal name,Active Directory,Medium
642,[TICKET ID] - New Support Ticket received  - Basis User - [USERNAME] - [NAME] ([COMPANY]. [LOCATION]),Support general,Medium
2931,[SERVER] R:/ drive,Fileservice,Medium
1551,File Share Access - [TICKET ID] - [NAME] ([COMPANY]A. [LOCATION]),Fileservice,Medium
7573,Virus scan requested since out of control action observed,Software,Medium
13992,login problemdear all.   i tried to login with [NAME] account and i receive this message:     [Image],Software,Medium
1726,File Share Access - [TICKET ID] - [NAME] ([COMPANY]-[PASSWORD]. [LOCATION]),Fileservice,Medium
713,[TICKET ID] - A Support Ticket was forwarded to your role  - File Share Access - [TICKET ID] - [NAME] ([COMPANY]. [LOCATION]),Fileservice,Medium
2382,Anbindung eines NetztwerklaufwerkesFrau Ariane Knauth braucht schreibenden und lesenden Zugriff auf C:/GEOSYSTEMS Verzeichnis auf dem [SERVER] Server (IP:[IP_ADDRESS]). Können Sie es  das Folder auf ihrem Laptop als lokalen Netzwerkfolder anbinden? Danke  ,Fileservice,Medium
1677,Shared Mailbox Access - [TICKET ID] - [EMAIL],Support general,Medium
3086, Installation von den richtigen Zertifikaten auf[LOCATION]ServerHallo Zusammen.    auf dem[LOCATION]Server [URL] gibt es ein Zertifikatfehler.    Können Sie es bitte überprüfen und ggf. ein Zertifikat zu installieren?    Danke und Viele Grüße     [NAME]    [Bild],Support general,Medium
1349,[TICKET ID] - A Support Ticket was forwarded to your role  - Instalaçao,Software,Medium
1614,File Share Access - [TICKET ID] - [NAME] ([COMPANY]. [LOCATION]),Fileservice,Medium
10996,McAfee Endpoint Security on [SERVER],Software,Medium
2195,File Share Access - [TICKET ID] - [NAME] ([COMPANY]A. [LOCATION]),Fileservice,Medium
4289,Freezing Email,Support general,Medium
8934,Basis User - [TICKET ID] - [NAME].[NAME]([COMPANY]. [LOCATION])Service Request: Basis User     Create Windows account for internal user  [NAME] ([COMPANY]. [LOCATION])     Firstname:  [NAME]  Lastname:  [NAME]  Cost Center:  44288  Company:  [COMPANY] S.A.  Department:  [COMPANY]_MA-LOG  Street:  [ADDRESS].  ZIP: [LOCATION][ADDRESS]  City:  [ADDRESS]  Country:  [ADDRESS]  Office:       Important: Please set the EA10 to the following value: 11589 (leave blank. when empty)  Please create Exchange and Skype account.  The user needs at least the following access permissions:  Access to [SOFTWARE] ([SERVER])  Requestor:  [NAME] ([COMPANY]. [LOCATION])     Desired date:  Jan 24 2019  3:00AM     Additional information:,Support general,Medium
1435,Zertifikat erstellen um verschl�sselte Emails zu lesen,O365,Medium
3733,File Share Access - [TICKET ID] - [NAME] ([COMPANY]. [LOCATION])Service Request: File Share Access     Grant access to file share for the following user:  [NAME] ([COMPANY]. [LOCATION]) (Username: [USERNAME])  Access Type: (RO) Read only  File Share:  J:/E-CAD     Requestor: [NAME] ([COMPANY]. [LOCATION])  Comment:,Fileservice,Medium
1932,Email Forwarding,Support general,Medium
1137,[TICKET ID] - A Support Ticket was forwarded to your role  - missing [ADDRESS] and [ADDRESS],Fileservice,Medium
1189,[TICKET ID] - New Support Ticket received  - Reinstalar VPN. no Computador do rtc. [NAME].,Support general,Medium
1670,File Share Access - [TICKET ID] - [NAME] ([COMPANY]A. [LOCATION]),Fileservice,Medium
6101,Computador travando. muito lento,Computer-Services,Medium
1511,Shared Mailbox Access - [TICKET ID] - [EMAIL],Support general,Medium
649,[TICKET ID] - New Support Ticket received  - Basis User - [USERNAME] -,Support general,Medium
1431,Unidades de red y Permisos,Fileservice,Medium
617,[TICKET ID] - New Support Ticket received  - File Share Access - [TICKET ID] - [NAME] ([COMPANY]. [LOCATION]),Fileservice,Medium
780,[TICKET ID] - A Support Ticket was forwarded to your role  -[LOCATION]feature unsable,Support general,Medium
1836,File Share Access - [TICKET ID] - [ADDRESS] ([COMPANY]A. [LOCATION]),Fileservice,Medium
2311,File Share Access - [TICKET ID] - [NAME] ([COMPANY]A. [LOCATION]),Fileservice,Medium
8491,Light User for external - [TICKET ID] - [USERNAME]. [NAME]Service Request: Light User for external  Create Light user for [USERNAME]     Firstname: [NAME]  Lastname: [NAME]ailaddress: [EMAIL]  Phone: [PHONE]  Cost Center: 47037  Function: Externe Beraterin  Company: [COMPANY] Consulting GmbH  Department: GIT-[ADDRESS]  ZIP: [ADDRESS]  City: [ADDRESS]  Country: [ADDRESS]  Location:[LOCATION] Office:   Expiration date: Aug 30 2019 11:00PM     Important: Please indicate in EA14 that it is an external user.     Requestor: [NAME] ([COMPANY]. [LOCATION])     Desired date: Jan 21 2019 12:00AM     Additional information:,Support general,Medium
1676,ADM credentials are not working until rebooting client computers,Active Directory,Medium
2023,File Share Access - [TICKET ID] - [NAME] ([COMPANY]A. [LOCATION]),Fileservice,Medium
2119,File Share Access - [TICKET ID] - [NAME] ([COMPANY]. [LOCATION]),Fileservice,Medium
1784,File Share Access - [TICKET ID] - [NAME] ([COMPANY]A. [LOCATION]),Fileservice,Medium
1868,File Share Access - [TICKET ID] - [NAME] ([COMPANY]A. [LOCATION]),Fileservice,Medium
1973,File Share Access - [TICKET ID] - [NAME] ([COMPANY]D. [LOCATION]),Fileservice,Medium
4839,The following system must be set to End Of Life in Nexthink and checked for[LOCATION]reservations:  [SERVER]  -Automated ticket creation-Please remove the system from Nexthink according to the[LOCATION]process and please verify if any[LOCATION]reservations exist. If yes. please remove reservations and note down the corresponding IP(s) and inform [COMPANY] network team to remove firewall rules if there are any.,EOL,High
1566,File Share Access - [TICKET ID] - [NAME] ([COMPANY]A. [LOCATION]),Fileservice,Medium
7576,Initiated by GIT: Missing connection to all securitytools on system [SERVER],Software,Medium
9454,Qarantine message,Support general,Medium
3583,Basis User for external - [TICKET ID] - [NAME]Service Request: Basis User for external     Create Windows account for external user  [NAME]     Firstname: [NAME]  Lastname: [NAME]ailaddress: [EMAIL]  Phone: [PHONE]  Cost Center: 47004  Function: Intranet Consultant  Company: [URL] AG  Department: [ADDRESS]-[ADDRESS]  ZIP: [ADDRESS]  City: [ADDRESS]  Country: [ADDRESS]  Location:[LOCATION] Office:   Expiration date: Apr 30 2019 11:00PM     Important: Please indicate in EA14 that it is an external user.     Requestor: [USERNAME] ([COMPANY]. [LOCATION])     Desired date: Jan 25 2019 12:00AM     Additional information:,Support general,Medium
1994,File Share Access - [TICKET ID] - [NAME] ([COMPANY]),Fileservice,Medium
10651,Colocar aviso de ausencia temporaria no email de [NAME],Support general,Medium
3788,Trouble downloading Adobe Creative Cloud,Software,High
1504,The following system must be set to End Of Life in Nexthink and checked for[LOCATION]reservations:  [SERVER]  -Automated ticket creation-Please remove the system from Nexthink according to the[LOCATION]process and please verify if any[LOCATION]reservations exist. If yes. please remove reservations and note down the corresponding IP(s) and inform [COMPANY] network team to remove firewall rules if there are any.,EOL,High
9712,The following system must be set to End Of Life in Nexthink and checked for[LOCATION]reservations:  [SERVER]  -Automated ticket creation-Please remove the system from Nexthink according to the[LOCATION]process and please verify if any[LOCATION]reservations exist. If yes. please remove reservations and note down the corresponding IP(s) and inform [COMPANY] network team to remove firewall rules if there are any.,EOL,High
540,Shared Mailbox Access - [ADDRESS] - [EMAIL],Support general,Medium
961,[TICKET ID] - A Support Ticket was forwarded to your role  - Citrix - [TICKET ID] - [NAME] ([COMPANY] [LOCATION]),Software,Medium
1851,File Share Access - [TICKET ID] - [NAME] ([COMPANY]A. [LOCATION]),Fileservice,Medium
8509,Initiated by GIT: Missing connection to AV Server on system [SERVER],Software,Medium
5406,The following system must be set to End Of Life in Nexthink and checked for[LOCATION]reservations:  [SERVER]  -Automated ticket creation-Please remove the system from Nexthink according to the[LOCATION]process and please verify if any[LOCATION]reservations exist. If yes. please remove reservations and note down the corresponding IP(s) and inform [COMPANY] network team to remove firewall rules if there are any.,EOL,High
1742,Shared Mailbox Access - [PASSWORD] - [EMAIL],Support general,Medium
1957,initiated by[LOCATION]: System [SERVER] is running an unsupported Windows 10 build,Software,Medium
1521,File Share Access - [TICKET ID] - [NAME]. [NAME] ([COMPANY]. [LOCATION]),Fileservice,Medium
1175,[TICKET ID] - New Support Ticket received  - new phone,Support general,Medium
657,[TICKET ID] - A Support Ticket was forwarded to your role  - File Share Access - [TICKET ID] - [NAME] F ([COMPANY]. [LOCATION]),Fileservice,Medium
2258,spam. please block it RV: Quality & Regulatory Trends in the Crop Science Industry,Support general,Medium
2223,File Share Access - [TICKET ID] - [ADDRESS] ([COMPANY]A. [LOCATION]),Fileservice,Medium
14184,Keine automatische Neuverbindung von Microsoft Applikationen nach Beendung der[LOCATION]Verbindung,O365,Medium
1398,[TICKET ID] - New Support Ticket received  - Mobile Device - [TICKET ID] - [NAME]. [NAME] ([COMPANY]. [LOCATION]),Support general,Medium
1374,[TICKET ID] - New Support Ticket received  - activacion Blackberry Work,Support general,Medium
2149,Initiated by GIT: Missing connection to Updates ([SOFTWARE] / WSUS) on system,Software,Medium
1110,The following system must be set to End Of Life in Nexthink and checked for[LOCATION]reservations:  [SERVER]  -Automated ticket creation-Please remove the system from Nexthink according to the[LOCATION]process and please verify if any[LOCATION]reservations exist. If yes. please remove reservations and note down the corresponding IP(s) and inform [COMPANY] network team to remove firewall rules if there are any.,EOL,High
4780,File Share Access - [TICKET ID] - [NAME] ([COMPANY]. [LOCATION])Service Request: File Share Access     Grant access to file share for the following user:  [NAME] ([COMPANY]. [LOCATION]) (Username: [USERNAME])  Access Type: (RW) Read / Write  File Share:      N:/[SERVER]/STA-LEM    N:/[SERVER]/STA-CAM    N:/[SERVER]/STA-[LOCATION]    N:/[SERVER]/STA-PGRO        R/W including all subfolders.         Requestor: [NAME] ([COMPANY]. [LOCATION])  Comment:,Fileservice,Medium
2301,Shared Mailbox Access - [TICKET ID] - [EMAIL],Support general,Medium
13877,Okta is locked to previous phone Hello. my Okta is locked to my previous iPhone. (The phone is long gone) and I am unable to check my email anymore on my new iPhone. ([NAME] had the same issue),Software,Medium
2114,File Share Access - [TICKET ID] - [NAME] ([COMPANY]A. [LOCATION]),Fileservice,Medium
9143,Acesso a pasta da rede,Fileservice,Medium
1148,[TICKET ID] - New Support Ticket received  - Growout Room PC not taking updates,Support general,Medium
1562,File Share Access - [TICKET ID] - [NAME] ([COMPANY]A. [LOCATION]),Fileservice,Medium
1615,File Share Access - [TICKET ID] - [NAME] ([COMPANY]. [LOCATION]),Fileservice,Medium
1362,[TICKET ID] - New Support Ticket received  - Computador Backup para trabalho externo,Support general,Medium
2522,The following system must be set to End Of Life in Nexthink and checked for[LOCATION]reservations:  [SERVER]  -Automated ticket creation-Please remove the system from Nexthink according to the[LOCATION]process and please verify if any[LOCATION]reservations exist. If yes. please remove reservations and note down the corresponding IP(s) and inform [COMPANY] network team to remove firewall rules if there are any.,EOL,High
2098,File Share Access - [TICKET ID] - [NAME] ([COMPANY]. [LOCATION]),Fileservice,Medium
1663,File Share Access - [TICKET ID] - [NAME] ([COMPANY]A. [LOCATION]),Fileservice,Medium
1439,desbloquear user,Active Directory,Medium
2168,File Share Access - [TICKET ID] - [NAME] ([COMPANY]!![COMPANY] Srbija. [LOCATION]),Fileservice,Medium
1176,[TICKET ID] - New Support Ticket received  - Create user. corporate access and email account for new employee [NAME].[LOCATION]ID n°13420,Active Directory,Medium
1281,[TICKET ID] - [SERVER][LOCATION]- Planned Maintenance - 2018-10-10. 02:00[LOCATION]| [NAME] ([SERVER]) | [NAME] ([SERVER]) [COMPANY] SE.,Support general,Medium
1044,[TICKET ID] - New Support Ticket received  - TELEFONO ROTO,Support general,Medium
1930,Create Shared Mailbox - [TICKET ID] - [EMAIL],Support general,Medium
945,[TICKET ID] - New Support Ticket received  - Instalar programa de registo de ronda [COMPANY] em meu PC,Software,Medium
1008,[TICKET ID] - New Support Ticket received  - Add [NAME] to Copier/Scanner in Bloomington Office,Computer-Services,Medium
3121,word tracking is not working,O365,Medium
1268,[TICKET ID] - New Support Ticket received  - Slow Computer,Support general,Medium
10886,Scan Mail - [NAME],Support general,Medium
7237,INstalar a Impresso do adm 2 no meu computador,Computer-Services,Medium
5698,[NAME] cannot sign into Skype[NAME] cannot sign into Skype.  It says his sign on server is not available. All other O365 apps work.,O365,Medium
2060,Remove File Share Access - [TICKET ID] - [NAME] ([COMPANY]A. [LOCATION]),Fileservice,Medium
2634,Sent emails are not arriving to our Payroll general email,Support general,Medium
7339,Skype sem acesso.,O365,Medium
1467,Missing connection to [SOFTWARE] / Update  on [SERVER],Software,Medium
2131,Delete Shared Mailbox - [EMAIL] - [EMAIL]. [LOCATION]),Support general,Medium
1747,Solicitação - Passar anti virus na minha maquina ( Acesso bloqueado),Software,Medium
1580,Remove File Share Access - [TICKET ID] - [NAME] ([COMPANY]A. [LOCATION]),Fileservice,Medium
3456,Falha na conexão da VPN,Support general,Medium
858,[TICKET ID] - A Support Ticket was forwarded to your role  - Initiated by [COMPANY][LOCATION]- Vulnerable Intel[LOCATION]on [SERVER],Support general,Medium
1801,Create Shared Mailbox - [TICKET ID] - [EMAIL],Support general,Medium
1861,Shared Mailbox Access - [TICKET ID] - [EMAIL],Support general,Medium
1530,File Share Access - [TICKET ID] - [NAME] ([COMPANY]. [LOCATION]),Fileservice,Medium
986,[TICKET ID] - New Support Ticket received  - Inclusao de Pessoas ,Active Directory,Medium
1024,[TICKET ID] - New Support Ticket received  - Phone - Okta ,O365,Medium
1279,[TICKET ID] - New Support Ticket received  - I cannot log in to X-Flow,Software,Medium
701,[TICKET ID] - New Support Ticket received  - Basis User - [USERNAME] -,Support general,Medium
1481,Shared Mailbox Access - [AWS_ACCESS_KEY] - [EMAIL],Support general,Medium
1513,File Share Access - [TICKET ID] - [NAME] ([COMPANY]-[PASSWORD]. [LOCATION]),Fileservice,Medium
2411,Local admin rights needed for [SERVER],Active Directory,Medium
4925,The following system must be set to End Of Life in Nexthink and checked for[LOCATION]reservations:  [SERVER]  -Automated ticket creation-Please remove the system from Nexthink according to the[LOCATION]process and please verify if any[LOCATION]reservations exist. If yes. please remove reservations and note down the corresponding IP(s) and inform [COMPANY] network team to remove firewall rules if there are any.,EOL,High
8650,Light User for external - [TICKET ID] - [NAME]Service Request: Light User for external  Create Light user for [USERNAME]. [NAME]     Firstname: [NAME]  Lastname: [NAME]ailaddress: [EMAIL]  Phone: [PHONE]   Cost Center: 47050  Function: SAP-Systementwickler   Company: [COMPANY] INTERNATIONAL[LOCATION] Department: GIT-[ADDRESS]  ZIP: [ADDRESS]  City: [ADDRESS]  Country: [ADDRESS]  Location:[LOCATION] Office:   Expiration date: Not defined     Important: Please indicate in EA14 that it is an external user.     Requestor: [NAME] ([COMPANY]. [LOCATION])     Desired date: Dec 18 2018 12:00AM     Additional information:  Light User für [NAME][LOCATION]- SolMan Systementwickler,Support general,Medium
1001,[TICKET ID] - A Support Ticket was forwarded to your role  - Skype uninstall and reinstall,O365,Medium
2116,File Share Access - [TICKET ID] - [NAME] ([COMPANY]A. [LOCATION]),Fileservice,Medium
1282,[TICKET ID] - [SERVER][LOCATION]- Planned Maintenance - 2018-10-10. 02:00[LOCATION]| [NAME] ([SERVER]) | [NAME] ([SERVER]) [COMPANY] SE. ,Support general,Medium
2002,File Share Access - [TICKET ID] - [NAME] ([COMPANY] [LOCATION]),Fileservice,Medium
1910,File Share Access - [TICKET ID] - [NAME] ([COMPANY]A. [LOCATION]),Fileservice,Medium
1823,File Share Access - [TICKET ID] - [NAME] ([COMPANY]. [LOCATION]),Fileservice,Medium
2144,File Share Access - [TICKET ID] - [NAME] ([COMPANY]A. [LOCATION]),Fileservice,Medium
1804,Shared Mailbox Access - [ADDRESS] - [EMAIL],Support general,Medium
1914,File Share Access - [TICKET ID] - [NAME] ([COMPANY]A. [LOCATION]),Fileservice,Medium
9522,File Share Access - [TICKET ID] - [NAME] ([COMPANY]. [LOCATION])Service Request: File Share Access     Grant access to file share for the following user:  [NAME] ([COMPANY]. [LOCATION]) (Username: [USERNAME])  Access Type: (RW) Read / Write  File Share:    J:/ZRPMEXIM           Requestor: [NAME] [NAME] ([COMPANY]. [LOCATION])  Comment:  Hallo!  Ich benötige Zugriff auf folgendes Verzeichnis:   J:/ZRPMEXIM  Vielen Dank und Weihnachtsgrüße sendet [NAME],Fileservice,Medium
1377,[TICKET ID] - New Support Ticket received  - Skype Malfunction,O365,Medium
3806,Printer OFFLinePerdi conexão com a  impressora. Já reiniciei o computador e a impressora várias vezes e não  adianta. Sempre PRINTER OFFLINE. Por favor. pode me ajudar?,Computer-Services,Medium
981,[TICKET ID] - New Support Ticket received  - BarTender app (print app) ,Software,Medium
1953,(2019111410287) Verizon Initial Notification,Support general,Medium
6909,User [USERNAME] cannot receive emails from service catalog or SafeNet,Support general,Medium
2038,File Share Access - [TICKET ID] - [NAME] ([COMPANY]A. [LOCATION]),Fileservice,Medium
10600,Basis User - [TICKET ID] -Service Request: Basis User     Create Windows account for internal user       Firstname:  [NAME]  Lastname:  [NAME]  Cost Center:  22502  Company:    Department:  [LOCATION]  Street:    ZIP:    City:    Country:  [ADDRESS]  Office:       Important: Please set the EA10 to the following value: 13706 (leave blank. when empty)  Please create Exchange and Skype account.  The user needs at least the following access permissions:  (RW) H:/%username%  (RO) J:/Auftrag  (RW) J:/Info  (RW) J:/Transfer  (RO) J:/Vorlagen  Access to [COMPANY] intranet  Access to [SOFTWARE] ([SERVER])  Requestor: [NAME] ([COMPANY]. [LOCATION])     Desired date:  Jan 21 2019 12:00AM     Additional information:,Support general,Medium
2024,File Share Access - [TICKET ID] - [NAME] ([COMPANY]A. [LOCATION]),Fileservice,Medium
1107,[TICKET ID] - A Support Ticket was forwarded to you  - Initiated by [COMPANY][LOCATION]- Vulnerable[LOCATION]on [LOCATION]-[ADDRESS],Support general,Medium
1407,Closure of an e-mail account,O365,Medium
1397,[TICKET ID] - New Support Ticket received  - Telefonia - número 101,Support general,Medium
1334,[PASSWORD] - New Support Ticket received  - Problema con contraseña,Active Directory,Medium
1847,File Share Access - [TICKET ID] - [NAME] ([COMPANY]A. [LOCATION]),Fileservice,Medium
1803,File Share Access - [TICKET ID] - [NAME] ([COMPANY]A. [LOCATION]),Fileservice,Medium
13762,Acesso pasta J: LaboratórioBoa tarde.      Por favor liberar meu acesso a pasta J: Laboratório.    Atenciosamente.,Fileservice,Medium
1951,File Share Access - [TICKET ID] - [NAME] ([COMPANY]A. [LOCATION]),Fileservice,Medium
2142,Shared Mailbox Access - [AWS_ACCESS_KEY] - [EMAIL],Support general,Medium
2894,Light User - [TICKET ID] - [NAME] ([COMPANY]. [LOCATION])Service Request: Light User  Create Light user for [NAME] ([COMPANY]. [LOCATION])     Firstname: [NAME]  Lastname: [NAME]ailaddress: [EMAIL]  Phone: [PHONE]  Cost Center: 47037  Company: [COMPANY] SE  Department: GIT-[ADDRESS]  ZIP: [ADDRESS]  City: [ADDRESS]  Country: [ADDRESS]  Location:[LOCATION] Office: [LOCATION]. [NAME]     Important: Please set the EA10 to the following value: 4458 (leave blank. when empty)     Desired date: Dec 10 2018 12:00AM     Requestor: [NAME] ([COMPANY]. [LOCATION])     Additional information:  Der User ist nicht für mich sondern für folgende Person:   [NAME]   [COMPANY] Multimedia Solutions GmbH  Learning und Change Consulting [NAME] Hausanschrift: [ADDRESS]  Postanschrift: [ADDRESS] [PHONE] (Tel)  [PHONE] (Mobil)  E-Mail: [EMAIL] Internet: [URL],Support general,Medium
1850,File Share Access - [TICKET ID] - [NAME] ([COMPANY]A. [LOCATION]),Fileservice,Medium
750,[TICKET ID] - New information received on closed ticket  - Basis User - [USERNAME] - [NAME] ([COMPANY]. [LOCATION])  ,Support general,Medium
2452,[SOFTWARE] issues,Software,Medium
1790,Shared Mailbox Access - [TICKET ID] - [EMAIL],Support general,Medium
1190,[TICKET ID] - New Support Ticket received  - Configuração de Impressora,Computer-Services,Medium
1622,Create Shared Mailbox - [TICKET ID] - [EMAIL],Support general,Medium
915,[TICKET ID] - A Support Ticket was forwarded to your role  - Configuración mobilepass | [NAME],Support general,Medium
7678,Basis User - [TICKET ID] - [NAME] ([COMPANY]. [LOCATION])Service Request: Basis User     Create Windows account for internal user  [NAME] ([COMPANY]. [LOCATION])     Firstname:  [NAME]  Lastname:  [NAME]  Cost Center:  75090  Company:  [COMPANY] SE  Department:  [SERVER]-[ADDRESS]  ZIP:  [ADDRESS]  City:  [ADDRESS]  Country:  Germany  Office:       Important: Please set the EA10 to the following value: 12715 (leave blank. when empty)  Please create Exchange and Skype account.  The user needs at least the following access permissions:  (RW) H:/%username%  (RO) J:/Auftrag  (RW) J:/Info  (RW) J:/Transfer  (RO) J:/Vorlagen  Access to [COMPANY] intranet  Access to [SOFTWARE] ([SERVER])  Requestor:  [NAME] ([COMPANY]. [LOCATION])     Desired date:  Oct 17 2018 12:00AM     Additional information:,Active Directory,Medium
1675,Shared Mailbox Access - [TICKET ID] - [EMAIL],Support general,Medium
5786,Solicito backup do da 21/11/2019. da planilha. constante do endereço J:/PRODUÇÃO/SUPERVISOR CAMPOS DE PRODUÇÃO/Mônica PROTOCOLO DE NF.xlsx,Fileservice,Medium
1671,Shared Mailbox Access - [ADDRESS] - [EMAIL],Support general,Medium
9156,Quarantine email,Support general,Medium
3019,Check if user email exists. and remove user from email,Support general,Medium
1347,[TICKET ID] - New Support Ticket received  - Skype not signing in ,O365,Medium
6955,Light User - [USERNAME] - [NAME] ([COMPANY]. [LOCATION])Service Request: Light User  Create Light user for [NAME] ([COMPANY]. [LOCATION])     Firstname: [NAME]  Lastname: [NAME]ailaddress: [EMAIL]  Phone: [PHONE]  Cost Center: 47037  Company: [COMPANY] SE  Department: GIT-[ADDRESS]  ZIP: [ADDRESS]  City: [ADDRESS]  Country: [ADDRESS]  Location:[LOCATION] Office: [LOCATION]. [NAME]     Important: Please set the EA10 to the following value: 4458 (leave blank. when empty)     Desired date: Dec 21 2018 12:00AM     Requestor: [NAME] ([COMPANY]. [LOCATION])     Additional information:  Hallo.  für den folgenden Mitarbeiter bitte den entsprechenden AD Account anlegen:  [NAME] [COMPANY] INTERNATIONAL[LOCATION]GDU[LOCATION]Solutions [NAME][LOCATION]FM/HCM [ADDRESS] [PHONE] (Mobil) Mail: [EMAIL],Support general,Medium
610,[TICKET ID] - A Support Ticket was forwarded to your role  - The Skype of user [USERNAME] can’t work normally,O365,Medium
2909,Microsoft apps are not working on the phone,O365,Medium
1284,[TICKET ID] - New Support Ticket received  - Pagina web del[LOCATION]( IDASE),Support general,Medium
1668,File Share Access - [TICKET ID] - [NAME] (EXTERNAL. [LOCATION]),Fileservice,Medium
4514,Setup McAfee Web Gateway [LOCATION],Software,Medium
10829,The following system must be set to End Of Life in Nexthink and checked for[LOCATION]reservations:  [SERVER]  -Automated ticket creation-Please remove the system from Nexthink according to the[LOCATION]process and please verify if any[LOCATION]reservations exist. If yes. please remove reservations and note down the corresponding IP(s) and inform [COMPANY] network team to remove firewall rules if there are any.,EOL,High
8741,Kalenderzugriff nicht mehr gegeben,Support general,Medium
14302,File Share Access - [TICKET ID] - [NAME]lena ([COMPANY]. [LOCATION])Service Request: File Share Access     Grant access to file share for the following user:  [NAME]lena ([COMPANY]. [LOCATION]) (Username: [USERNAME])  Access Type: (RW) Read / Write  File Share:      give [NAME] access to           Groups ( J:)[LOCATION]        Requestor: [NAME] ([COMPANY]. [LOCATION])  Comment:  please give her as soon as possible access,Fileservice,Medium
8158,File Share Access - [TICKET ID] - [NAME] ([COMPANY]. ESBA)Service Request: File Share Access     Grant access to file share for the following user:  [NAME] ([COMPANY]. ESBA) (Username: [USERNAME])  Access Type: (RW) Read / Write  File Share:      Hello.        I need [NAME] to have access to the rh (//[SERVER]) (L:).    Please contact [NAME] or [NAME] for further information.    Thank you.    [NAME]         Requestor: [NAME] ([COMPANY]. ESBA)  Comment:,Fileservice,Medium
9075,Acesso a novo diretório,Fileservice,Medium
7690,No access to sharepoint team website,Software,Medium
2737,Criação de uma lista de distribuição,Active Directory,Medium
13996,Initiated by GIT: Missing connection to all securitytools on system [SERVER],Software,Medium
3576,Nexthink alerts message inbox change,Active Directory,Medium
6097,The following system must be set to End Of Life in Nexthink and checked for[LOCATION]reservations:  [SERVER]  -Automated ticket creation-Please remove the system from Nexthink according to the[LOCATION]process and please verify if any[LOCATION]reservations exist. If yes. please remove reservations and note down the corresponding IP(s) and inform [COMPANY] network team to remove firewall rules if there are any.,EOL,High
9585,Initiated by [COMPANY][LOCATION]- Vulnerable[LOCATION]on [SERVER] customer.  [COMPANY][LOCATION]tasked [COMPANY] IT to track [COMPANY] systems with identified vulnerabilities and furthermore to initiate mandatory procedures.     This message is just for you information. You will receive further details within a short time.        Kind regards.  [COMPANY] IT Services,Support general,Medium
2053,Users cant connect online,Support general,Medium
650,[TICKET ID] - New Support Ticket received  - Basis User - [USERNAME] -,Support general,Medium
1719,Shared Mailbox Access - [AWS_ACCESS_KEY] - [EMAIL],Support general,Medium
397,Email folders are differentUser has noticed her email folders are now different.  Was there any updates over the weekend that would have caused this?  User has to monitor two mailboxes. and the recent changes make it difficult to see both in the same view.  Can this be changed?  Prior to today it looked like this.  [Image]  Today it looks like this.  [Image],O365,Medium
11281,Acesso a VPN,Support general,Medium
1688,File Share Access - [TICKET ID] - [NAME] ([COMPANY]A. [LOCATION]),Fileservice,Medium
1308,[TICKET ID] - A Support Ticket was forwarded to your role  - okta mobile,Software,Medium
718,[TICKET ID] - New Support Ticket received  - Basis User for external - [TICKET ID] - [NAME],Support general,Medium
152,[TICKET ID] - New Support Ticket received  - renovacion [NAME],Active Directory,Medium
2264,File Share Access - [TICKET ID] - [NAME] ([COMPANY]A. [LOCATION]),Fileservice,Medium
1143,[TICKET ID] - New information received on closed ticket  - [NAME] Impressora,Computer-Services,Medium
737,[TICKET ID] - A Support Ticket was forwarded to your role  - Light User for external - [USERNAME] - [NAME],Support general,Medium
39,[TICKET ID] - A Support Ticket was forwarded to your role  - Kalenderproblem: free/busy für Kollegen nicht sichtbar,O365,Medium
2246,Shared Mailbox Access - [ADDRESS] - [EMAIL],Support general,Medium
1531,Create Shared Mailbox - [TICKET ID] - my[COMPANY] HU,Support general,Medium
1711,File Share Access - [TICKET ID] - [NAME] ([COMPANY]A. [LOCATION]),Fileservice,Medium
2625,File Share Access - [TICKET ID] - [NAME] ([COMPANY]. [LOCATION])Service Request: File Share Access     Grant access to file share for the following user:  [NAME] ([COMPANY]. [LOCATION]) (Username: [USERNAME])  Access Type: (RW) Read / Write  File Share:    Hello.   please grant me the same access to the same folders as Mr.Diedrich has.       Regards.   irina Karpacheva       Requestor: [NAME] ([COMPANY]. [LOCATION])  Comment:,Fileservice,Medium
11258,Instalação de impressora  sharp 2640,Computer-Services,Medium
10768,The following system must be set to End Of Life in Nexthink and checked for[LOCATION]reservations:  [SERVER]  -Automated ticket creation-Please remove the system from Nexthink according to the[LOCATION]process and please verify if any[LOCATION]reservations exist. If yes. please remove reservations and note down the corresponding IP(s) and inform [COMPANY] network team to remove firewall rules if there are any.,EOL,High
6278,File Share Access - [TICKET ID] - Lueders.[NAME]([COMPANY]. [LOCATION])Service Request: File Share Access     Grant access to file share for the following user:  Lueders.[NAME]([COMPANY]. [LOCATION]) (Username: [USERNAME])  Access Type: (RW) Read / Write  File Share:  J:/SB-BD_CAA     Requestor: [NAME] ([COMPANY]. [LOCATION])  Comment:,Fileservice,Medium
1736,Shared Mailbox Access - [ADDRESS] - [EMAIL],Support general,Medium
1517,File Share Access - [TICKET ID] - [NAME] ([COMPANY]A. [LOCATION]),Fileservice,Medium
9476,File Share Access - [TICKET ID] - [NAME] ([COMPANY]. [LOCATION])Service Request: File Share Access     Grant access to file share for the following user:  [NAME] ([COMPANY]. [LOCATION]) (Username: Bemm)  Access Type: (RO) Read only  File Share:  J:/MBDATA/Lab     Requestor: [NAME] ([COMPANY]. [LOCATION])  Comment:,Fileservice,Medium
605,[TICKET ID] - New information received on closed ticket  - Basis User - [USERNAME] - [NAME] ([COMPANY]. [LOCATION]),Support general,Medium
1988,File Share Access - [TICKET ID] - [NAME] ([COMPANY]A. [LOCATION]),Fileservice,Medium
1277,[TICKET ID] - New Support Ticket received  - Email y alias,O365,Medium
1673,File Share Access - [TICKET ID] - [NAME] ([COMPANY]A. [LOCATION]),Fileservice,Medium
1389,[TICKET ID] - New Support Ticket received  - iPhone reset,Support general,Medium
2228,File Share Access - [TICKET ID] - [NAME] ([COMPANY]. [LOCATION]),Fileservice,Medium
2265,(2019100506508) Verizon Initial Notification - Sitecode: [LOCATION],Support general,Medium
924,[TICKET ID] - New Support Ticket received  - Scanner Config.,Computer-Services,Medium
565,[TICKET ID] - New Support Ticket received  - Create[LOCATION]entry [COMPANY]up.ads.dir,Support general,Medium
9791,File Share Access - [TICKET ID] -Service Request: File Share Access     Grant access to file share for the following user:   (Username: )  Access Type: (RW) Read / Write  File Share:    J:/[LOCATION]  J:/Projekte  [LOCATION]Projekt Management Portal TP   Benutzergruppe Project_Manager_TP       Requestor: [NAME] ([COMPANY]. [LOCATION])  Comment:,Fileservice,Medium
11400,duplicate emails sentWe have two separate reports of duplicate messages being received by users.  Both [NAME] and [NAME] appear to have sent duplicate messages when they did not (send items only shows one copy).  Please investigate the issue and determine the cause of this problem.  See below snips for examples as well as the attached emails.  [Image]  [Image],O365,Medium
1961,Shared Mailbox Access - [ADDRESS] - [EMAIL],Support general,Medium
4803,E-Mailadresse falsch,Support general,Medium
75,Initiated by [COMPANY][LOCATION]- Vulnerable Internet Explorer on [SERVER],Software,Medium
10830,Missing connection to all securitytools on system [SERVER],Software,Medium
1276,[TICKET ID] - New Support Ticket received  - quitar accesos de carpeta RRHH,Fileservice,Medium
3848,ImpresoraBuenas tardes Estimado. no tengo problemas para imprimir. este es el aviso que me aparece     [Image],Computer-Services,Medium
1411,Delegate access for [SERVER],Active Directory,Medium
7867,Planilha não esta na rede.,O365,Medium
1149,[TICKET ID] - New Support Ticket received  - Telephone email not working,Support general,Medium
1081,[TICKET ID] - New Support Ticket received  - No me anda internet ni el correo electronico,O365,Medium
809,[TICKET ID] - New Support Ticket received  - conexion[LOCATION]en el escritorio,Support general,Medium
3661,Basis User - [TICKET ID] -Service Request: Basis User     Create Windows account for internal user       Firstname:  [NAME]  Lastname:  [USERNAME]  Cost Center:  44288  Company:    Department:  [LOCATION]  Street:    ZIP:    City:    Country:  [ADDRESS]  Office:       Important: Please set the EA10 to the following value: 13708 (leave blank. when empty)  Please create Exchange and Skype account.  The user needs at least the following access permissions:  Access to [SOFTWARE] ([SERVER])  Requestor:  [NAME] ([COMPANY]. [LOCATION])     Desired date:  Jan 15 2019  3:00AM     Additional information:,Support general,Medium
2018,File Share Access - [TICKET ID] - [NAME] ([COMPANY]. [LOCATION]),Fileservice,Medium
636,[TICKET ID] - A Support Ticket was forwarded to your role  - create[LOCATION]recors for new production ESXi hosts,Support general,High
1527,Shared Mailbox Access - [AWS_ACCESS_KEY] - [EMAIL],Support general,Medium
773,[TICKET ID] - A Support Ticket was forwarded to you  - Initiated by [COMPANY][LOCATION]- Vulnerable Office on [ADDRESS],Support general,Medium
1009,[TICKET ID] - New Support Ticket received  - Habiliar a ferramenta EXCEL-DAPI,O365,Medium
10321,The following system must be set to End Of Life in Nexthink and checked for[LOCATION]reservations:  [SERVER]  -Automated ticket creation-Please remove the system from Nexthink according to the[LOCATION]process and please verify if any[LOCATION]reservations exist. If yes. please remove reservations and note down the corresponding IP(s) and inform [COMPANY] network team to remove firewall rules if there are any.,EOL,High
1348,[TICKET ID] - New Support Ticket received  - Cant login to Skype,O365,Medium
5281,Light User - [USERNAME] - [NAME] ([COMPANY]. [LOCATION])Service Request: Light User  Create Light user for [NAME] ([COMPANY]. [LOCATION])     Firstname: [NAME]  Lastname: [NAME]ailaddress: [EMAIL]  Phone:   Cost Center: [PHONE]  Company: [COMPANY] S.A.  Department: KW-[ADDRESS] [ADDRESS] – Zona Rural.  ZIP:[LOCATION][ADDRESS]  City: [ADDRESS]  Country: [ADDRESS]  Location:[LOCATION] Office:      Important: Please set the EA10 to the following value: 10166 (leave blank. when empty)     Desired date: Jan 24 2019  3:00AM     Requestor: [NAME] ([COMPANY]. [LOCATION])     Additional information:,Support general,Medium
10280,Printer at my desk is hesitating again & I have lost Google,Computer-Services,Medium
1952,New Phone Need Okta resetNew Phone Need Okta reset,Software,Medium
3844,The following system must be set to End Of Life in Nexthink and checked for[LOCATION]reservations:  [SERVER]  -Automated ticket creation-Please remove the system from Nexthink according to the[LOCATION]process and please verify if any[LOCATION]reservations exist. If yes. please remove reservations and note down the corresponding IP(s) and inform [COMPANY] network team to remove firewall rules if there are any.,EOL,High
723,[TICKET ID] - New Support Ticket received  - Basis User - [USERNAME] -,Support general,Medium
941,[TICKET ID] - New Support Ticket received  - no puede entrar al correo,O365,Medium
6532,Basis User - [TICKET ID] - Eisinger. [NAME] ([COMPANY]. [LOCATION])Service Request: Basis User     Create Windows account for internal user  Eisinger. [NAME] ([COMPANY]. [LOCATION])     Firstname:  [NAME]  Lastname:  [NAME]  Cost Center:  174406  Company:  [COMPANY] [ADDRESS] GmbH  Department:  [ADDRESS]  City:  [ADDRESS]  Country:  Germany  Office:       Important: Please set the EA10 to the following value: 13630 (leave blank. when empty)  Please create Exchange and Skype account.  The user needs at least the following access permissions:  (RW) H:/%username%  (RO) J:/Auftrag  (RW) J:/Info  (RW) J:/Transfer  (RO) J:/Vorlagen  Access to [COMPANY] intranet  Access to [SOFTWARE] ([SERVER])  Requestor:  [NAME] ([COMPANY]. [LOCATION])     Desired date:  Jan 10 2019 12:00AM     Additional information:   [ADDRESS].  Bitte asap - Head of [LOCATION] HR,Support general,High
2238,File Share Access - [TICKET ID] - [NAME] ([COMPANY]. [LOCATION]),Fileservice,Medium
5888,Problemas no Skype quando ao receber ligações Quando recebo uma chamada de voz  via Skype. não consigo atender. diz que que o áudio não está configurado,O365,Medium
1293,[TICKET ID] - A Support Ticket was forwarded to you  - AD Account gelöscht,Active Directory,Medium
8957,Power BI Fails to Publish,O365,Medium
1388,[TICKET ID] - A Support Ticket was forwarded to your role  - Problemas com e-mail Contas a Pagar,O365,Medium
1254,[TICKET ID] - New Support Ticket received  - Connection error to J drive via Citrix,Fileservice,Medium
1862,Shared Mailbox Access - [AWS_ACCESS_KEY] - [EMAIL],Support general,Medium
2881,actual[LOCATION]user list,Support general,Medium
1652,File Share Access - [TICKET ID] - [NAME] ([COMPANY]A. [LOCATION]),Fileservice,Medium
2143,File Share Access - [TICKET ID] - [NAME] ([COMPANY]. [LOCATION]),Fileservice,Medium
9561,Acesso as pastas - Mesmos acessos da [NAME],Fileservice,Medium
7072,Basis User - [TICKET ID] - [USERNAME]. [NAME] ([COMPANY]. [LOCATION])Service Request: Basis User     Create Windows account for internal user  [USERNAME]. [NAME] ([COMPANY]. [LOCATION])     Firstname:  [NAME]  Lastname:  [NAME]  Cost Center:  174454  Company:  [COMPANY] Berlin GmbH  Department:  GTC-[ADDRESS]  ZIP:  [ADDRESS]  City:  [ADDRESS]  Country:  Germany  Office:       Important: Please set the EA10 to the following value: 13601 (leave blank. when empty)  Please create Exchange and Skype account.  The user needs at least the following access permissions:  (RW) H:/%username%  (RO) J:/Auftrag  (RW) J:/Info  (RW) J:/Transfer  (RO) J:/Vorlagen  Access to [COMPANY] intranet  Access to [SOFTWARE] ([SERVER])  Requestor:  [NAME] ([COMPANY]. [LOCATION])     Desired date:  Jan  1 2019 12:00AM     Additional information:   Liebes [COMPANY]-Team.   Laptop. Bildschirm. Tastatur. Telefon. Headset bitte aus Gerätepool Berlin. falls vorhanden  Tastatur und Laptop bitte deutsche Tastatur   Vielen Dank,Support general,Medium
1774,Shared Mailbox Access - [AWS_ACCESS_KEY] - [EMAIL],Support general,Medium
1788,Create Shared Mailbox - [EMAIL] - [COMPANY] Credit card management,Support general,Medium
8409,Basis User - [TICKET ID] - [NAME] ([COMPANY]. [LOCATION])Service Request: Basis User     Create Windows account for internal user  [USERNAME] ([COMPANY]. [LOCATION])     Firstname:  [NAME]  Lastname:  [NAME]  Cost Center:  44257  Company:  [COMPANY] France  Department:  [COMPANY]  Street:  [ADDRESS]  ZIP:  [ADDRESS]  City:  [ADDRESS]  Country:    Office:       Important: Please set the EA10 to the following value: 13744 (leave blank. when empty)  Please create Exchange and Skype account.  The user needs at least the following access permissions:  Access to [SOFTWARE] ([SERVER])  Requestor:  [NAME] ([COMPANY]. [LOCATION])     Desired date:  Feb  1 2019 12:00AM     Additional information:,Support general,Medium
1119,[TICKET ID] - New Support Ticket received  -[LOCATION]Training ,Fileservice,Medium
842,[TICKET ID] - New Support Ticket received  - No me aparecen las carpetas compartidas,Fileservice,Medium
2181,cant connect to Folder GROUPS,Fileservice,Medium
2214,Create Shared Mailbox - [EMAIL] - PI / PO Support,Support general,Medium
913,[TICKET ID] - New Support Ticket received  - Instalar app office,Software,Medium
787,[TICKET ID] - A Support Ticket was forwarded to your role  - Verificar Conta E-mail,O365,Medium
5067,Instalar impressora -[LOCATION]I,Computer-Services,Medium
928,[TICKET ID] - New Support Ticket received  - SafeNet SoftToken Activation,Support general,Medium
696,[TICKET ID] - New Support Ticket received  - Basis User - [USERNAME] - [NAME] ([COMPANY]. [LOCATION]),Support general,Medium
2025,File Share Access - [TICKET ID] - [NAME] ([COMPANY]),Fileservice,Medium
2151,Initiated by GIT: Missing connection to updates ([SOFTWARE]) on system [SERVER],Software,Medium
840,[TICKET ID] - New Support Ticket received  -[LOCATION]and Printer Driver on New Machine,Computer-Services,Medium
1682,File Share Access - [TICKET ID] - [ADDRESS] ([COMPANY]A. [LOCATION]),Fileservice,Medium
2254,File Share Access - [TICKET ID] - [NAME] ([COMPANY]A. [LOCATION]),Fileservice,Medium
1941,Shared Mailbox Access - [ADDRESS] - [EMAIL],Support general,Medium
1625,Shared Mailbox Access - [TICKET ID] - [EMAIL],Support general,Medium
2286,File Share Access - [TICKET ID] - [NAME] ([COMPANY]A. [LOCATION]),Fileservice,Medium
5109,File Share Access - [TICKET ID] - [NAME] ([COMPANY]. [LOCATION])Service Request: File Share Access     Grant access to file share for the following user:  [USERNAME]. Eva ([COMPANY]. [LOCATION]) (Username: [USERNAME])  Access Type: (RW) Read / Write  File Share:      n:/_Share/    n:/[SERVER]/STA-ALZ/    n:/[SERVER]/STA-EIN/    n:/[SERVER]/STA-KOZ/    n:/[SERVER]/STA-MCE/    n:/[SERVER]/STA-PIU/    n:/[SERVER]/STA-POR/         Requestor: [NAME] ([COMPANY]. [LOCATION])  Comment:,Fileservice,Medium
1552,File Share Access - [TICKET ID] - [NAME] ([COMPANY]A. [LOCATION]),Fileservice,Medium
1766,File Share Access - [TICKET ID] - [NAME] ([COMPANY]. [LOCATION]),Fileservice,Medium
730,[TICKET ID] - New Support Ticket received  - File Share Access - [TICKET ID] - [NAME] ([COMPANY]. [LOCATION]),Fileservice,Medium
1089,[TICKET ID] - New Support Ticket received  - Ajuste de Acesso ao Calendário das Salas,O365,Medium
2066,Remove File Share Access - [TICKET ID] - [NAME] ([COMPANY]A. [LOCATION]),Fileservice,Medium
3131,The following system must be set to End Of Life in Nexthink and checked for[LOCATION]reservations:  [SERVER]  -Automated ticket creation-Please remove the system from Nexthink according to the[LOCATION]process and please verify if any[LOCATION]reservations exist. If yes. please remove reservations and note down the corresponding IP(s) and inform [COMPANY] network team to remove firewall rules if there are any.,EOL,High
513,The following system must be set to End Of Life in Nexthink and checked for[LOCATION]reservations:  [SERVER]  -Automated ticket creation-Please remove the system from Nexthink according to the[LOCATION]process and please verify if any[LOCATION]reservations exist. If yes. please remove reservations and note down the corresponding IP(s) and inform [COMPANY] network team to remove firewall rules if there are any.,EOL,High
2212,ACCESS DB in inkonsistentem Zustand,O365,Medium
3742,File Share Access - [TICKET ID] - [NAME] ([COMPANY]. [LOCATION])Service Request: File Share Access     Grant access to file share for the following user:  [NAME] ([COMPANY]. [LOCATION]) (Username: [USERNAME])  Access Type: (RW) Read / Write  File Share:      N:/[SERVER]/STA-LEM    N:/[SERVER]/STA-CAM    N:/[SERVER]/STA-[LOCATION]    N:/[SERVER]/STA-PGRO        R/W including all subfolders.         Requestor: [NAME] ([COMPANY]. [LOCATION])  Comment:,Fileservice,Medium
1572,File Share Access - [TICKET ID] - [NAME] ([COMPANY]A. [LOCATION]),Fileservice,Medium
1646,File Share Access - [TICKET ID] - [NAME] ([COMPANY]A. [LOCATION]),Fileservice,Medium
1934,File Share Access - [TICKET ID] - [NAME] ([COMPANY]A. [LOCATION]),Fileservice,Medium
910,[TICKET ID] - New Support Ticket received  - Acceso a IN[LOCATION]ET,Active Directory,Medium
2241,Shared Mailbox Access - [AWS_ACCESS_KEY] - [EMAIL],Support general,Medium
10735,Erro ao enviar arquivo pelo E-CAC,Software,Medium
5925,McAfee issue,Software,Medium
1564,Shared Mailbox Access - [ADDRESS] - [EMAIL],Support general,Medium
2193,File Share Access - [TICKET ID] - [NAME] ([COMPANY]A. [LOCATION]),Fileservice,Medium
3757,Basis User for external - [TICKET ID] - [NAME]Service Request: Basis User for external     Create Windows account for external user  [USERNAME]. [NAME]     Firstname: [NAME]  Lastname: [NAME]ailaddress: [EMAIL]  Phone: [PHONE]-  Cost Center: 41605  Function: Konstrukteur  Company: [COMPANY]  Department: GGR-TTP  [ADDRESS]  ZIP: [ADDRESS]  City: [ADDRESS]  Country: [ADDRESS]  Location:[LOCATION] Office:   Expiration date: Mar 31 2019 12:00AM     Important: Please indicate in EA14 that it is an external user.     Requestor: [NAME] ([COMPANY]. [LOCATION])     Desired date: Jan 14 2019 12:00AM     Additional information:,Support general,Medium
2100,File Share Access - [TICKET ID] - [NAME] ([COMPANY]. [LOCATION]),Fileservice,Medium
14130,Impressora com defeito,Computer-Services,Medium
2959,Outlook-Verteiler ergänzen,Support general,Medium
8015,Entfernen von F1-Duplikaten im Active Directory,Active Directory,Medium
2878,Email Fornecedor - Caixa de SpamOlá. boa tarde!        Temos um fornecedor que o email dele está indo diretamente para nossa caixa de Spam. Poderiam verificar se há como ajustar?        [NAME] - Relacionamento - [COMPANY]-[NAME] <[EMAIL]>               Obrigada.,Software,Medium
905,[TICKET ID] - New Support Ticket received  - Give access to restricted folder,Fileservice,Medium
1301,[TICKET ID] - A Support Ticket was forwarded to your role  -  Instalação de Impressora [NAME],Computer-Services,Medium
6568,Initiated by GIT: Missing connection to all securitytools on system [SERVER],Software,Medium
5835,Initiated by GIT: Missing connection to all securitytools on system [SERVER],Software,Medium
2249,File Share Access - [TICKET ID] - [NAME] ([COMPANY]A. [LOCATION]),Fileservice,Medium
1139,[TICKET ID] - New Support Ticket received  - Missing Updates - [SERVER],Support general,Medium
846,[TICKET ID] - New Support Ticket received  - Acesso [NAME],Software,Medium
1778,Shared Mailbox Access - [AWS_ACCESS_KEY] - [EMAIL],Support general,Medium
1667,Shared Mailbox Access - [TICKET ID] - [EMAIL],Support general,Medium
9369,Basis User - [TICKET ID] - [USERNAME]. Ole ([COMPANY]. [LOCATION])Service Request: Basis User     Create Windows account for internal user  [USERNAME]. Ole ([COMPANY]. [LOCATION])     Firstname:  [NAME]  Lastname:  [NAME]  Cost Center:  47069  Company:  [COMPANY] SE  Department:  [ADDRESS]:  [ADDRESS]  City:  [ADDRESS]  Country:  [ADDRESS]  Office:       Important: Please set the EA10 to the following value: 13592 (leave blank. when empty)  Please create Exchange and Skype account.  The user needs at least the following access permissions:  (RW) H:/%username%  (RO) J:/Auftrag  (RW) J:/Info  (RW) J:/Transfer  (RO) J:/Vorlagen  Access to [COMPANY] intranet  Access to [SOFTWARE] ([SERVER])  Requestor: [NAME] ([COMPANY]. [LOCATION])     Desired date:  Dec 21 2018 12:00AM     Additional information:   Das Büro von Herrn Hoffmann wird sich imBürogebäude in der [ADDRESS] befinden (Büro: 1.04). Bitte liefern Sie die Hardware so schnell wie möglich aus.  Vielen Dank!  Für Rückfragen stehe ich gern zur Verfügung.  Beste Grüße [NAME] Tel.: [PHONE],Support general,Medium
2256,change skype meeting mobile phone line,O365,Medium
1779,Shared Mailbox Access - [AWS_ACCESS_KEY] - [EMAIL],Support general,Medium
1863,File Share Access - [TICKET ID] - [ADDRESS] ([COMPANY]A. [LOCATION]),Fileservice,Medium
9186,Missing connection to all securitytools on system [SERVER],Software,Medium
1758,File Share Access - [TICKET ID] - [NAME] ([COMPANY]. [LOCATION]),Fileservice,Medium
831,[TICKET ID] - New Support Ticket received  - Activation code for Blackberry,Support general,Medium
1599,File Share Access - [TICKET ID] - [NAME] ([COMPANY]A. [LOCATION]),Fileservice,Medium
1706,File Share Access - [TICKET ID] - [NAME] ([COMPANY]. [LOCATION]),Fileservice,Medium
116,[TICKET ID] - A Support Ticket was forwarded to your role  -  Access to [EMAIL],O365,Medium
10413,File Share Access - [TICKET ID] - [NAME] ([COMPANY]. [LOCATION])Service Request: File Share Access     Grant access to file share for the following user:  [NAME] ([COMPANY]. [LOCATION]) (Username: [USERNAME])  Access Type: (RW) Read / Write  File Share:      J:/[SERVER]       Normal   0         21         false   false   false      DE   X-NONE   X-NONE                                             MicrosoftInternetExplorer4                                                                                                                                                                                                                                                                                                                                                                                                                                                                                                                                                                                                                                                                                                                                                                                                                                                                                                                                                                                                                                                                                                                                                                                                                                      Requestor: [NAME] ([COMPANY]. [LOCATION])  Comment:,Fileservice,Medium
715,[TICKET ID] - New Support Ticket received  - Light User for external - [TICKET ID] - [NAME],Support general,Medium
7758,RE: User credentials for Order [TICKET ID]Thanks –    [NAME]    From: [EMAIL] <[EMAIL]>  Sent: Thursday. October 24. 2019 11:14 AM  To: [NAME] ([COMPANY] [LOCATION]) <[EMAIL]>; [NAME] ([COMPANY]. [LOCATION]) <[EMAIL]>  Subject: User credentials for Order [TICKET ID]      Hello.    with this Email you receive the user credentials for the person  [NAME] which you ordered in the IT-Service catalog.        Accountname: [USERNAME]    [NAME]:[EMAIL]    Password: [PASSWORD]    Please note: The mailbox provisioning is not done yet. this will take several hours.    By the first log in the password must be changed. this could be done in Okta or by the first log in on Windows.    If you need help by the first log in. please contact the [COMPANY] ServiceDesk.      ,Active Directory,Medium
4980,Access to [ADDRESS] [NAME],Fileservice,Medium
8793,Scannen mit [SERVER] nicht möglich für meinen Account,Computer-Services,Medium
2230,Remove File Share Access - [TICKET ID] - [NAME] ([COMPANY]A. [LOCATION]),Fileservice,Medium
1519,File Share Access - [TICKET ID] - [NAME] ([COMPANY]A. [LOCATION]),Fileservice,Medium
1660,File Share Access - [TICKET ID] - [NAME] ([COMPANY]A. [LOCATION]),Fileservice,Medium
2293,Remove File Share Access - [TICKET ID] - [NAME] ([COMPANY]A. [LOCATION]),Fileservice,Medium
6301,File Share Access - [TICKET ID] - [NAME] ([COMPANY]. [LOCATION])Service Request: File Share Access     Grant access to file share for the following user:  [NAME] ([COMPANY]. [LOCATION]) (Username: [USERNAME])  Access Type: (RW) Read / Write  File Share:    [NAME] benötigt den Zugriff auf folgenden Ordner auf Laufwerk J   INS-ES       Requestor: [NAME] ([COMPANY]. [LOCATION])  Comment:,Fileservice,Medium
2711,Will Hope passworrd reset,Active Directory,Medium
1532,Create Shared Mailbox - [EMAIL] - my[COMPANY] Mailbox CH,Support general,Medium
8769,Basis User - [TICKET ID] - [NAME] ([COMPANY]. [LOCATION])Service Request: Basis User     Create Windows account for internal user  [USERNAME]. Michele ([COMPANY]. [LOCATION])     Firstname:  [NAME]  Lastname:  [NAME]  Cost Center:  174440  Company:  [COMPANY] Berlin GmbH  Department:  [ADDRESS]  ZIP:  [ADDRESS]  City:  [ADDRESS]  Country:  Germany  Office:       Important: Please set the EA10 to the following value: 13651 (leave blank. when empty)  Please create Exchange and Skype account.  The user needs at least the following access permissions:  (RW) H:/%username%  (RO) J:/Auftrag  (RW) J:/Info  (RW) J:/Transfer  (RO) J:/Vorlagen  Access to [COMPANY] intranet  Access to [SOFTWARE] ([SERVER])  Requestor:  [NAME] ([COMPANY]. [LOCATION])     Desired date:  Jan  1 2019 12:00AM     Additional information:   Liebes [COMPANY]-Team.   Laptop. Bildschirm. Tastatur. Telefon. Headset bitte aus Gerätepool Berlin. falls vorhanden  Tastatur und Laptop bitte englische Tastatur,Support general,Medium
6818,Missing connection to all securitytools on system [LOCATION]-TMP01,Software,Medium
13997,Microsoft office error,O365,Medium
1578,File Share Access - [TICKET ID] - [NAME] ([COMPANY]A. [LOCATION]),Fileservice,Medium
916,[TICKET ID] - New Support Ticket received  - Configuración mobilepass | [NAME],Support general,Medium
1440,email group membership,O365,Medium
1522,Create Shared Mailbox - [TICKET ID] - [EMAIL]),Support general,Medium
1754,File Share Access - [TICKET ID] - [NAME] ([COMPANY]A. [LOCATION]),Fileservice,Medium
1870,Delete Shared Mailbox - [TICKET ID] - [NAME] ([COMPANY]. [LOCATION]),Support general,Medium
932,[TICKET ID] - New Support Ticket received  - Access request to File Share,Fileservice,Medium
1191,[TICKET ID] - New Support Ticket received  - OS Updates - [SERVER],Support general,Medium
1264,[TICKET ID] - New Support Ticket received  - Manutenção de Impressora. [COMPANY]elo: LEXMARK X656de. Setor: Controle de Qualidade.,Computer-Services,Medium
1104,[TICKET ID] - A Support Ticket was forwarded to you  -[LOCATION]Zugang für [NAME],Support general,Medium
10485,Basis User - [TICKET ID] - [NAME] ([COMPANY]. [LOCATION])Service Request: Basis User     Create Windows account for internal user  [NAME]nza ([COMPANY]. [LOCATION])     Firstname:  [NAME]  Lastname:  [NAME]  Cost Center:  174454  Company:  [COMPANY] [ADDRESS] GmbH  Department:  GTC-[ADDRESS]  ZIP:  [ADDRESS]  City:  [ADDRESS]  Country:  Germany  Office:       Important: Please set the EA10 to the following value: 13588 (leave blank. when empty)  Please create Exchange and Skype account.  The user needs at least the following access permissions:  (RW) H:/%username%  (RO) J:/Auftrag  (RW) J:/Info  (RW) J:/Transfer  (RO) J:/Vorlagen  Access to [COMPANY] intranet  Access to [SOFTWARE] ([SERVER])  Requestor:  [NAME] ([COMPANY]. [LOCATION])     Desired date:  Dec 31 2018 12:00AM     Additional information:,Support general,Medium
5340,Basis User - [USERNAME] -Service Request: Basis User     Create Windows account for internal user       Firstname:  [NAME]  Lastname:  [NAME]  Cost Center:  41606  Company:    Department:  [ADDRESS]:    ZIP:    City:    Country:  [ADDRESS]  Office:       Important: Please set the EA10 to the following value: 13722 (leave blank. when empty)  Please create Exchange and Skype account.  The user needs at least the following access permissions:  (RW) H:/%username%  (RO) J:/Auftrag  (RW) J:/Info  (RW) J:/Transfer  (RO) J:/Vorlagen  Access to [COMPANY] intranet  Access to [SOFTWARE] ([SERVER])  Requestor:  [NAME] ([COMPANY]. [LOCATION])     Desired date:  Jan 21 2019 12:00AM     Additional information:,Support general,Medium
4988,[NAME] is locked out of her account.,Active Directory,Medium
2307,File Share Access - [TICKET ID] - [NAME] ([COMPANY]A. [LOCATION]),Fileservice,Medium
1473,File Share Access - [TICKET ID] - [NAME] ([COMPANY]. [LOCATION]),Fileservice,Medium
6098,[COMPANY]/Holert -[LOCATION]Eintrag für Wallplanner Web ApplicationSehr geehrte [NAME] und [NAME].          können Sie für die Web Applikation Wallplanner einen[LOCATION]Eintrag für [SERVER] anlegen?     [COMPANY]up.ads.dir                  Zudem brauchen wir dann noch ein[LOCATION]Zertifikat. Können Sie auch hier die Installation auf dem [SERVER] veranlassen?         Danke und viele Grüße    [NAME]              ---------------------------------------------------------------------------------------------------------------------------------------------  Holert - Project- and Portfoliomanagement with Microsoft Project - Consulting. Training and Development     [NAME]  Consultant      [NAME]-Str. 20 | [ADDRESS] | Germany  [ADDRESS] | [ADDRESS] | Germany       <[URL]> [URL] |  <mailto:[EMAIL]> [EMAIL] | [PHONE]    Tel. [PHONE]*  Fax [PHONE]     [NAME] GmbH. Geschäftsführer: [NAME]. Sitz: [ADDRESS]: [ADDRESS]    *12.4 Cent/Minute für Gespräche tagsüber aus dem Festnetz der Deutschen Telekom         ,Support general,Medium
1797,Shared Mailbox Access - [TICKET ID] - [EMAIL],Support general,Medium
2590,Virus on email,Software,Medium
2078,Initiated by GIT: Missing connection to all securitytools on system [SERVER],Software,Medium
7035,Initiated by GIT: Missing connection to all securitytools on system [SERVER],Software,Medium
1697,File Share Access - [TICKET ID] - [NAME] ([COMPANY]. [LOCATION]),Fileservice,Medium
8028,Initiated by GIT: Missing connection to all securitytools on system [SERVER],Software,Medium
2210,File Share Access - [TICKET ID] - [NAME] ([COMPANY]. [LOCATION]),Fileservice,Medium
4699,The following system must be set to End Of Life in Nexthink and checked for[LOCATION]reservations:  [SERVER]  -Automated ticket creation-Please remove the system from Nexthink according to the[LOCATION]process and please verify if any[LOCATION]reservations exist. If yes. please remove reservations and note down the corresponding IP(s) and inform [COMPANY] network team to remove firewall rules if there are any.,EOL,High
2005,File Share Access - [TICKET ID] - [NAME] ([COMPANY]A. [LOCATION]),Fileservice,Medium
1540,File Share Access - [TICKET ID] - [NAME] ([COMPANY]A. [LOCATION]),Fileservice,Medium
10532,Externe/ interne Mails kommen nicht durch,Support general,Medium
2080,Shared Mailbox Access - [ADDRESS] - [EMAIL],Support general,Medium
11480,No internet access,Support general,Medium
9263,File Share Access - [TICKET ID] - [NAME] ([COMPANY]. [LOCATION])Service Request: File Share Access     Grant access to file share for the following user:  [NAME] ([COMPANY]. [LOCATION]) (Username: [USERNAME])  Access Type: (RW) Read / Write  File Share:  J:/CMA     Requestor: [NAME] ([COMPANY]. [LOCATION])  Comment:,Fileservice,Medium
1231,[TICKET ID] - New Support Ticket received  - Marker DB Citrix DotNet login,Software,Medium
495,File Share Access - [TICKET ID] - [NAME] ([COMPANY]. [LOCATION])Service Request: File Share Access     Grant access to file share for the following user:  [NAME] ([COMPANY]. [LOCATION]) (Username: )  Access Type: (RW) Read / Write  File Share:  J:/ÖFZFOX/MOM-OSR     Requestor: [NAME] ([COMPANY]. [LOCATION])  Comment:,Fileservice,Medium
1750,File Share Access - [TICKET ID] - [NAME] ([COMPANY]. [LOCATION]),Fileservice,Medium
5248,FTP do marketingBom dia. não estamos conseguindo mais acessar o[LOCATION]que vocês gerenciam.   user: [USERNAME]  senha:  [PASSWORD]  erro:               [Image],Support general,Medium
1728,File Share Access - [TICKET ID] - [NAME] ([COMPANY]. [LOCATION]),Fileservice,Medium
4324,File Share Access - [TICKET ID] - [USERNAME] ([COMPANY]. [LOCATION])Service Request: File Share Access     Grant access to file share for the following user:  [USERNAME] ([COMPANY]. [LOCATION]) (Username: [USERNAME])  Access Type: (RW) Read / Write  File Share:    Hallo [NAME].        I need access to the following file directories. Can you please contact IT for me?       J:/[SERVER]   J:/Stundenbuecher   J:/TOM_DOKU       Vielen Dank!   [NAME]       [NAME]   Engineer of Facility Management Construction    Group Governance & Risk Management.   Technology Real Estate – Facility Management Construction (GGR-TFC)       Phone [PHONE]   [EMAIL]           Requestor: [NAME] ([COMPANY]. [LOCATION])  Comment:  Bitte [NAME] die geannten Zugriffsrechte erteilen ! Danke und Gruß A. [USERNAME],Fileservice,Medium
7672,Missing connection to all securitytools on system [SERVER],Software,Medium
553,File Share Access - [TICKET ID] - [NAME] ([COMPANY]. [LOCATION])Service Request: File Share Access     Grant access to file share for the following user:  [NAME] ([COMPANY]. [LOCATION]) (Username: [USERNAME])  Access Type: (RW) Read / Write  File Share:    [SERVER]-[SERVER]           Requestor: [NAME] ([COMPANY]. [LOCATION])  Comment:,Fileservice,Medium
9480,Light User for external - [TICKET ID] - [USERNAME]. [NAME]Service Request: Light User for external  Create Light user for [USERNAME]. [NAME]     Firstname: [NAME]  Lastname: [NAME]ailaddress: [EMAIL]  Phone: [PHONE]  Cost Center: 47045  Function: [COMPANY][LOCATION]consultant for MM/WM  Company: [COMPANY]  Department: [ADDRESS]  ZIP: [ADDRESS]  City: [ADDRESS]  Country: [ADDRESS]  Location:[LOCATION] Office:   Expiration date: Not defined     Important: Please indicate in EA14 that it is an external user.     Requestor: [NAME] ([COMPANY]. [LOCATION])     Desired date: Jan 10 2019 12:00AM     Additional information:  [COMPANY] is on-boarding the new MM consultant Mrs. [NAME].  Existing MM consultant will be rolling off from [COMPANY] project by March 2019.   Approver = [NAME],Support general,Medium
1501,Shared Mailbox Access - [AWS_ACCESS_KEY] - [EMAIL],Support general,Medium
931,[TICKET ID] - New Support Ticket received  - McAfee excepetion,Software,Medium
4530,File Share Access - [TICKET ID] - [USERNAME] ([COMPANY]. [LOCATION])Service Request: File Share Access    Grant access to file share for the following user:  [USERNAME] ([COMPANY]. [LOCATION]) (Username: [USERNAME])    Access Type: (RW) Read / Write    File Share:     J:/AG_MA_GE       (inklusive aller Unterordner)  J:/MGC    Requestor: [NAME] ([COMPANY]. [LOCATION])    Comment:,Fileservice,Medium
865,[PASSWORD] - New Support Ticket received  - Reset Password,Active Directory,Medium
887,[TICKET ID] - New Support Ticket received  - pagina bloqueada,Support general,Medium
4301,File Share Access - [TICKET ID] - [NAME] ([COMPANY]. [LOCATION])Service Request: File Share Access     Grant access to file share for the following user:  [NAME] ([COMPANY]. [LOCATION]) (Username: [USERNAME])  Access Type: (RW) Read / Write  File Share:  J:/VORLAGEN     Requestor: [NAME] ([COMPANY]. [LOCATION])  Comment:,Fileservice,Medium
1225,[TICKET ID] - New Support Ticket received  - configuracion nuevo equipo,Support general,Medium
9936,Light User for external - [TICKET ID] - [NAME]Service Request: Light User for external  Create Light user for [USERNAME]     Firstname: [NAME]  Lastname: [NAME]ailaddress: [EMAIL]  Phone: [PHONE]  Cost Center: 47004  Function: Agentur  Company: Welocalize  Department: GMC-[ADDRESS]  ZIP: [ADDRESS]  City: [ADDRESS]  Country: [ADDRESS]  Location:[LOCATION] Office:   Expiration date: Jun 29 2019 11:00PM     Important: Please indicate in EA14 that it is an external user.     Requestor: [NAME]. [USERNAME] ([COMPANY]. [LOCATION])     Desired date: Dec 13 2018 12:00AM     Additional information:,Support general,Medium
7952,File Share Access - [TICKET ID] - [NAME] ([COMPANY]. [LOCATION])Service Request: File Share Access     Grant access to file share for the following user:  [NAME] ([COMPANY]. [LOCATION]) (Username: [NAME])  Access Type: (RW) Read / Write  File Share:  J:/Topf- und Substratbestellungen     Requestor: [NAME] ([COMPANY]. [LOCATION])  Comment:  J:/Topf- und Substratbestellungen,Fileservice,Medium
2250,File Share Access - [TICKET ID] - [NAME] ([COMPANY]A. [LOCATION]),Fileservice,Medium
4247,File Share Access - [TICKET ID] - [NAME] ([COMPANY]. [LOCATION])Service Request: File Share Access     Grant access to file share for the following user:  [NAME] ([COMPANY]. [LOCATION]) (Username: [USERNAME])  Access Type: (RW) Read / Write  File Share:    J:/SB-BD_CONVISO SMART bitte neu anlegen   Besitzer: [NAME]   Zugriff:[NAME]Lüders. [NAME]. [NAME]       Requestor: [NAME] ([COMPANY]. [LOCATION])  Comment:,Fileservice,Medium
1338,[TICKET ID] - New Support Ticket received  - Acceso a carpeta compartida COMEX,Fileservice,Medium
2006,File Share Access - [TICKET ID] - [NAME] ([COMPANY]A. [LOCATION]),Fileservice,Medium
5869,Please correct email address for [NAME]The email address for [NAME] should be [EMAIL] mailto:[EMAIL] like EVERY OTHER [COMPANY] email addressed user requested. It is set to [EMAIL]@[COMPANY] mailto:[EMAIL][COMPANY] and that is not correct. Again.,Support general,Medium
9793,Initiated by GIT: Missing connection to all securitytools on system [SERVER],Software,Medium
1808,Shared Mailbox Access - [AWS_ACCESS_KEY] - [EMAIL],Support general,Medium
5626,Add User to AD-Group,Active Directory,Medium
1550,Remove File Share Access - [TICKET ID] - [NAME] ([COMPANY]A. [LOCATION]),Fileservice,Medium
2202,File Share Access - [TICKET ID] - [NAME] ([COMPANY]A. [LOCATION]),Fileservice,Medium
2133,File Share Access - [TICKET ID] - [NAME] ([COMPANY]A. [LOCATION]),Fileservice,Medium
264,File Share Access - [TICKET ID] -Service Request: File Share Access     Grant access to file share for the following user:   (Username: )  Access Type: (RW) Read / Write  File Share:  J:/Abt_CLC     Requestor: [NAME] ([COMPANY]. [LOCATION])  Comment:,Fileservice,Medium
1755,File Share Access - [TICKET ID] - [NAME] ([COMPANY]A. [LOCATION]),Fileservice,Medium
392,File Share Access - [TICKET ID] - [USERNAME]. Jan ([COMPANY]. [LOCATION])Service Request: File Share Access     Grant access to file share for the following user:  [USERNAME]. Jan ([COMPANY]. [LOCATION]) (Username: [USERNAME])  Access Type: (RW) Read / Write  File Share:  J:/[COMPANY]/IT     Requestor: [NAME] ([COMPANY]. [LOCATION])  Comment:,Fileservice,Medium
1536,File Share Access - [TICKET ID] - [NAME] ([COMPANY]A. [LOCATION]),Fileservice,Medium
1853,Create Shared Mailbox - [EMAIL] - ExHub_Training,Support general,Medium
5695,Light User for external - [TICKET ID] - [NAME]. Service Request: Light User for external  Create Light user for [USERNAME]     Firstname: [NAME]  Lastname: [NAME]ailaddress: [EMAIL]  Phone: [ADDRESS]  Function:[LOCATION]Berater China  Company:[LOCATION] Department: GIT-[ADDRESS]  ZIP: [ADDRESS]  City: [ADDRESS]  Country: Germany  Location:[LOCATION] Office:   Expiration date: Mar 31 2019 12:00AM     Important: Please indicate in EA14 that it is an external user.     Requestor: [NAME] ([COMPANY]. [LOCATION])     Desired date: Dec 13 2018 12:00AM     Additional information:,Support general,Medium
3186,The following system must be set to End Of Life in Nexthink and checked for[LOCATION]reservations:  [SERVER]  -Automated ticket creation-Please remove the system from Nexthink according to the[LOCATION]process and please verify if any[LOCATION]reservations exist. If yes. please remove reservations and note down the corresponding IP(s) and inform [COMPANY] network team to remove firewall rules if there are any.,EOL,High
604,[TICKET ID] - New Support Ticket received  - Basis User - [USERNAME] - [NAME] ([COMPANY]. [LOCATION]),Support general,Medium
1500,File Share Access - [TICKET ID] - [NAME] ([COMPANY]A. [LOCATION]),Fileservice,Medium
5009,Instalação da Impressora SHARP - MX2640 PCL6,Computer-Services,Medium
963,[TICKET ID] - New Support Ticket received  - Configuración equipos A6 [NAME],Support general,Medium
1813,Missing connection to Directory (AD) on system [SERVER],Software,Medium
3838,Initiated by [COMPANY][LOCATION]- Vulnerable Internet Explorere on [SERVER],Software,Medium
581,File Share Access - [TICKET ID] -Service Request: File Share Access     Grant access to file share for the following user:   (Username: )  Access Type: (RW) Read / Write  File Share:    J:/PFM-PU               Requestor: [NAME] ([COMPANY]. [LOCATION])  Comment:,Fileservice,Medium
4285,File Share Access - [TICKET ID] - [USERNAME] ([COMPANY]. [LOCATION])Service Request: File Share Access     Grant access to file share for the following user:  [USERNAME] ([COMPANY]. [LOCATION]) (Username: [USERNAME])  Access Type: (RW) Read / Write  File Share:  J:/DCD-C/R&D Webmag     Requestor: [NAME] ([COMPANY]. [LOCATION])  Comment:  S. E-Mail [NAME] [EMAIL] [NAME] [EMAIL] (2.1.2019),Fileservice,Medium
1603,Shared Mailbox Access - [TICKET ID] - [EMAIL],Support general,Medium
563,[TICKET ID] - A Support Ticket was forwarded to your role  - AW: Order Provisioned: #[TICKET ID] - Install request for [NAME],Support general,Medium
13724,Install printer driver,Computer-Services,Medium
909,[TICKET ID] - New Support Ticket received  - Conta Bloqueada,Active Directory,Medium
1781,Shared Mailbox Access - [AWS_ACCESS_KEY] - [EMAIL],Support general,Medium
1491,File Share Access - [TICKET ID] - [NAME] (EXTERNAL. [LOCATION]),Fileservice,Medium
616,[TICKET ID] - New Support Ticket received  - Basis User - [USERNAME] - [NAME] ([COMPANY]. [LOCATION]),Support general,Medium
2033,File Share Access - [TICKET ID] - [NAME] ([COMPANY]. [LOCATION]),Fileservice,Medium
11559,setup phone for email.phone contacts.okta.,Support general,Medium
727,[TICKET ID] - A Support Ticket was forwarded to your role  -[LOCATION]Wiedereinrichtung auf neuem Handy,Software,Medium
249,PowerBI is not providing my reports,O365,Medium
5246,File Share Access - [TICKET ID] - [NAME] ([COMPANY]. [LOCATION])Service Request: File Share Access     Grant access to file share for the following user:  [NAME] ([COMPANY]. [LOCATION]) (Username: reuter)  Access Type: (RW) Read / Write  File Share:  j:/stundenbuecher     Requestor: [NAME] ([COMPANY]. [LOCATION])  Comment:,Fileservice,Medium
2283,Reset the password asap,Active Directory,High
7305,Access on LightHouse,Active Directory,Medium
627,[TICKET ID] - A Support Ticket was forwarded to your role  - Okta verify,Software,Medium
1340,[TICKET ID] - New Support Ticket received  - Dell laptop will not connect to the R drive.,Fileservice,Medium
3092,[NAME] Mails aus Salesforce an Mailverteiler,Support general,Medium
930,[TICKET ID] - New Support Ticket received  - Instalación de software,Software,Medium
1583,File Share Access - [TICKET ID] - [NAME] ([COMPANY]-[PASSWORD]. [LOCATION]),Fileservice,Medium
10535,Problemas acesso VPN,Support general,Medium
987,[TICKET ID] - New Support Ticket received  - INSTALAR ATUALIZAÇÃO SICALC,Software,Medium
6341,Creating of new Distribution Group in [LOCATION],Active Directory,Medium
5898,Initiated by GIT: Missing connection to all securitytools on system [SERVER],Software,Medium
1773,Shared Mailbox Access - [TICKET ID] - [EMAIL],Support general,Medium
7695,usuario no recibe correos masivos,Support general,Medium
1060,[TICKET ID] - New Support Ticket received  - Scan is not going through,Computer-Services,Medium
6836,Impressora Borrando impressões,Computer-Services,Medium
447,Basis User - [TICKET ID] - [NAME] ([COMPANY]. [LOCATION])Service Request: Basis User     Create Windows account for internal user  [USERNAME] ([COMPANY]. [LOCATION])     Firstname:  [NAME]  Lastname:  [NAME]  Cost Center:  41801  Company:  [COMPANY] SE  Department:  GGR-[ADDRESS]  ZIP:  [ADDRESS]  City:  [ADDRESS]  Country:  Germany  Office:  [LOCATION]. BOB. UG / K29     Important: Please set the EA10 to the following value: 4378 (leave blank. when empty)  Please create Exchange and Skype account.  The user needs at least the following access permissions:  (RW) H:/%username%  (RO) J:/Auftrag  (RW) J:/Info  (RW) J:/Transfer  (RO) J:/Vorlagen  Access to [COMPANY] intranet  Access to [SOFTWARE] ([SERVER])  Requestor:  [NAME] ([COMPANY]. [LOCATION])     Desired date:  Jan  9 2019 12:00AM     Additional information:   Mitarbeiter wechselt intern und benötigt vollständige Technikausstattung.  Vorgestztenstruktur noch nicht aktualisiert. bitte dennoch freigeben.  Bitte Notebook und Keyboard mit deutscher Tastatur.  Vielen Dank.,Support general,Medium
6786,Basis User - [USERNAME] -Service Request: Basis User     Create Windows account for internal user       Firstname:  [NAME]  Lastname:  [NAME]  Cost Center:  22104  Company:    Department:  [COMPANY]-CS  Street:    ZIP:    City:    Country:  [ADDRESS]  Office:       Important: Please set the EA10 to the following value: 8708 (leave blank. when empty)  Please create Exchange and Skype account.  The user needs at least the following access permissions:  (RW) H:/%username%  (RO) J:/Auftrag  (RW) J:/Info  (RW) J:/Transfer  (RO) J:/Vorlagen  Access to [COMPANY] intranet  Access to [SOFTWARE] ([SERVER])  Requestor:  [NAME] ([COMPANY]. [LOCATION])     Desired date:  Jan 16 2019 12:00AM     Additional information:   Bitte [NAME] der E-Mail Gruppe [COMPANY]-CS hinzufügen.  Telefonisch zu erreichen unter [PHONE],Support general,Medium
5702,File Share Access - [TICKET ID] - [NAME] ([COMPANY]. [LOCATION])Service Request: File Share Access     Grant access to file share for the following user:  [NAME] ([COMPANY]. [LOCATION]) (Username: [USERNAME])  Access Type: (RW) Read / Write  File Share:    Guten Morgen.   würden Sie mir bitte den Zugriff auf die drei folgenden Ordnerstrukturen einrichten?    J:/HR_[SERVER]   J:/HR_[SERVER]   J:/HR_FRM-WBH   J:/PW-INSBB   Liebe Grüße. [NAME] Nollau   HR-Betreuung       Requestor: [NAME] ([COMPANY]. [LOCATION])  Comment:,Fileservice,Medium
10982,Update Power BI,O365,Medium
1475,File Share Access - [TICKET ID] - [NAME] ([COMPANY]. [LOCATION]),Fileservice,Medium
2152,Initiated by GIT: Missing connection to directory (AD) on system [SERVER],Software,Medium
820,[TICKET ID] - New Support Ticket received  - email migration,O365,Medium
1623,check_mk network Hostalarm: (US[COMPANY]01) [COMPANY] LS Site2Site[LOCATION]- UP -> DOWN,Support general,High
687,[TICKET ID] - New information received on closed ticket  - Light User for external - [TICKET ID] - [NAME],Support general,Medium
1194,[TICKET ID] - New Support Ticket received  - OS Update - [SERVER],Support general,Medium
843,[TICKET ID] - A Support Ticket was forwarded to you  - interrumpido acceso a J:,Fileservice,Medium
1292,[TICKET ID] - New Support Ticket received  - Windows update to 1803,Support general,Medium
3692,Installation of Power BI desktop for user  [EMAIL] ,O365,Medium
10454,File Share Access - [TICKET ID] - [NAME]. [NAME] ([COMPANY]. [LOCATION])Service Request: File Share Access     Grant access to file share for the following user:  Voss. [NAME] ([COMPANY]. [LOCATION]) (Username: [USERNAME])  Access Type: (RW) Read / Write  File Share:    J:/Wertprüfungen       Requestor: [NAME] ([COMPANY]. [LOCATION])  Comment:,Fileservice,Medium
7943,Light User - [USERNAME] - [NAME] ([COMPANY]. [LOCATION])Service Request: Light User  Create Light user for [NAME] ([COMPANY]. [LOCATION])     Firstname: [NAME]  Lastname: [NAME]ailaddress: [EMAIL]  Phone:   Cost Center: 150220  Company: [COMPANY] Services [ADDRESS] GmbH  Department: [ADDRESS]  ZIP: [ADDRESS]  City: [ADDRESS]  Country: [ADDRESS]  Location:[LOCATION] Office:      Important: Please set the EA10 to the following value: 13735 (leave blank. when empty)     Desired date: Feb 11 2019 12:00AM     Requestor: [NAME] ([COMPANY]. [LOCATION])     Additional information:,Support general,Medium
3638,Delegation of Group - [SERVER]-LIMS,Fileservice,Medium
1604,File Share Access - [TICKET ID] - [NAME] ([COMPANY]A. [LOCATION]),Fileservice,Medium
1574,File Share Access - [TICKET ID] - [NAME] ([COMPANY]A. [LOCATION]),Fileservice,Medium
660,[TICKET ID] - New Support Ticket received  - Basis User - [USERNAME] -,Support general,Medium
2319,File Share Access - [TICKET ID] - [NAME] ([COMPANY]A. [LOCATION]),Fileservice,Medium
959,[TICKET ID] - New Support Ticket received  - Phone does not load email,O365,Medium
4625,File Share Access - [TICKET ID] - [USERNAME] ([COMPANY]. [LOCATION])Service Request: File Share Access     Grant access to file share for the following user:  [USERNAME] ([COMPANY]. [LOCATION]) (Username: [USERNAME])  Access Type: (RO) Read only  File Share:  J:/ZR_MAS     Requestor: [NAME] ([COMPANY]. [LOCATION])  Comment:,Fileservice,Medium
1330,[TICKET ID] - New Support Ticket received  - cant sign into Skype,O365,Medium
2141,File Share Access - [TICKET ID] - [NAME] ([COMPANY]A. [LOCATION]),Fileservice,Medium
1422,SR263409 - Leaving employee: The user Books; [NAME] ([COMPANY]; [LOCATION]) is going to leave [COMPANY] on 10;10;2017,Active Directory,Medium
972,[TICKET ID] - New Support Ticket received  - configuacion nuevo telefono,Support general,Medium
5604,Light User for external - [TICKET ID] - [NAME]Service Request: Light User for external  Create Light user for [NAME]. Igor     Firstname: [NAME]  Lastname: [NAME]ailaddress: [EMAIL]  Phone: [PHONE]  Cost Center: 47046  Function: [COMPANY][LOCATION]consultant for BI  Company: [COMPANY] do Brasil Ltda.  Department: GIT-EST  [ADDRESS]  ZIP: [ADDRESS]  City: [ADDRESS]  Country: [ADDRESS]  Location:[LOCATION] Office:   Expiration date: Not defined     Important: Please indicate in EA14 that it is an external user.     Requestor: [NAME] ([COMPANY]. [LOCATION])     Desired date: Dec 20 2018 12:00AM     Additional information:  New [COMPANY][LOCATION]consultant for BI. [NAME],Support general,Medium
3909,Initiated by [COMPANY][LOCATION]- Vulnerable Office on [SERVER],O365,Medium
7052,instalar os [COMPANY]ulos de segurança dos bancos Caixa e BB,Software,Medium
1789,Create Shared Mailbox - [TICKET ID] - [COMPANY] rental car management,Support general,Medium
789,[TICKET ID] - A Support Ticket was forwarded to you  - File Share Access - [TICKET ID] - [NAME] ([COMPANY]. [LOCATION]),Fileservice,Medium
1392,[TICKET ID] - A Support Ticket was forwarded to your role  - check_mk SD Hostalarm: ([SERVER]) [SERVER] - UP -> DOWN,Support general,High
1034,[TICKET ID] - New Support Ticket received  - Installation of Microsoft Visio,O365,Medium
5176,problemas para acessar email no pcEmail outlook não conectado,O365,Medium
684,[TICKET ID] - New Support Ticket received  - Basis User - [USERNAME] -,Support general,Medium
11455,T20200124.0018 - Update outlook mailgroup [NAME],Support general,Medium
9695,new[LOCATION]isnt found,Support general,Medium
841,[TICKET ID] - Reminder of paused Support Ticket  - Security Alert [URL],O365,Medium
1004,[TICKET ID] - New Support Ticket received  - Install new printer,Computer-Services,Medium
4614,File Share Access - [TICKET ID] - [NAME] ([COMPANY]. ESBA)Service Request: File Share Access     Grant access to file share for the following user:  [NAME] ([COMPANY]. ESBA) (Username: [USERNAME])  Access Type: (RW) Read / Write  File Share:  [SERVER]-FINANCE-RW     Requestor: [NAME] ([COMPANY]. [LOCATION])  Comment:,Fileservice,Medium
1093,[TICKET ID] - A Support Ticket was forwarded to your role  - check_mk SD Servicealarm: ([SERVER]) [COMPANY] LS Systemmanagement - [SOFTWARE] Depot Server: Service MATRIXPXE - OK -> CRIT,Support general,Medium
1506,Shared Mailbox Access - [AWS_ACCESS_KEY] - [EMAIL],Support general,Medium
10791,Golive Crop Manager - intern kein Zugriff,Fileservice,Medium
1907,File Share Access - [TICKET ID] - [NAME] ([COMPANY]A. [LOCATION]),Fileservice,Medium
1720,File Share Access - [TICKET ID] - [NAME] ([COMPANY]A. [LOCATION]),Fileservice,Medium
1570,File Share Access - [TICKET ID] - [NAME] ([COMPANY]A. [LOCATION]),Fileservice,Medium
8674,Release E-Mail from quarantine,Support general,Medium
1520,File Share Access - [TICKET ID] - [NAME] ([COMPANY]A. [LOCATION]),Fileservice,Medium
1345,[TICKET ID] - New Support Ticket received  - Acesso Skype,O365,Medium
659,LIberacao do PowerBI no O365 para [NAME] e [NAME]Por favor poderiam faze-lo? Grato    [NAME]BA. PMP. CISSP.  [COMPANY] Services North America  Phone [PHONE]         Mobile [PHONE]  [EMAIL]<mailto:[EMAIL]>            [URL]>    ,O365,Medium
2108,File Share Access - [TICKET ID] - [NAME] ([COMPANY]A. [LOCATION]),Fileservice,Medium
8023,Ajuste FoneBoa tarde      Serviço ja ajustado do Fone.      Obrigado,Support general,Medium
226,[TICKET ID] - New Support Ticket received  - File Share Access - [TICKET ID] - [NAME] ([COMPANY]. [LOCATION]),Fileservice,Medium
2220,Shared Mailbox Access - [ADDRESS] - [EMAIL],Support general,Medium
2375,Remove File Share Access - [TICKET ID] - [NAME] ([COMPANY]. [LOCATION])Service Request: Remove File Share Access     Remove file share access for the following user:  [NAME] ([COMPANY]. [LOCATION]) (Username: [USERNAME])  File Share:  J:/[SERVER]  Verzeichnis kann gelöscht werden.     Requestor: [NAME] ([COMPANY]. [LOCATION])  Comment:  Verzeichnis wurde aufgelöst und kann daher gelöscht werden.,Fileservice,Medium
8740,The following system must be set to End Of Life in Nexthink and checked for[LOCATION]reservations:  [SERVER]  -Automated ticket creation-Please remove the system from Nexthink according to the[LOCATION]process and please verify if any[LOCATION]reservations exist. If yes. please remove reservations and note down the corresponding IP(s) and inform [COMPANY] network team to remove firewall rules if there are any.,EOL,High
1248,[TICKET ID] - A Support Ticket was forwarded to your role  - check_mk SD Servicealarm: ([SERVER]) [COMPANY] LS Systemmanagement - [SOFTWARE] Depot Server: Service MATRIXRSYNC - OK -> CRIT,Support general,Medium
955,[TICKET ID] - A Support Ticket was forwarded to you  - Desbloqueio site PM de Cambé,Support general,Medium
1925,File Share Access - [TICKET ID] - [NAME] ([COMPANY]. [LOCATION]),Fileservice,Medium
1091,[TICKET ID] - A Support Ticket was forwarded to your role  - Unable to[LOCATION]from [NAME],Support general,Medium
1757,File Share Access - [TICKET ID] - [NAME] ([COMPANY]A. [LOCATION]),Fileservice,Medium
1136,[TICKET ID] - New Support Ticket received  -[LOCATION]issue,Support general,Medium
2196,Request to install a VM for testing purposes - Windows Defender ATP,Software,Medium
902,[TICKET ID] - A Support Ticket was forwarded to your role  - Initiated by [COMPANY][LOCATION]- Vulnerable Windows Defender on [SERVER],Support general,Medium
4393,Problemas impresora de sobres,Computer-Services,Medium
1924,Shared Mailbox Access - [ADDRESS] - [EMAIL],Support general,Medium
5866,Cannot print labels from label printer,Computer-Services,Medium
1498,Data Factory - Azure Logic Apps (Please contact [NAME]),Software,Medium
1497,File Share Access - [TICKET ID] - [ADDRESS] ([COMPANY]A. [LOCATION]),Fileservice,Medium
2222,File Share Access - [TICKET ID] - [NAME] ([COMPANY]. [LOCATION]),Fileservice,Medium
1601,Shared Mailbox Access - [TICKET ID] - [EMAIL],Support general,Medium
1705,Shared Mailbox Access - [TICKET ID] - [EMAIL],Support general,Medium
2155,Initiated by GIT: Missing connection to Directory (AD) on system [SERVER],Software,Medium
1792,File Share Access - [TICKET ID] - [NAME] ([COMPANY]A. [LOCATION]),Fileservice,Medium
1903,File Share Access - [TICKET ID] - [NAME] ([COMPANY]A. [LOCATION]),Fileservice,Medium
691,[TICKET ID] - New Support Ticket received  - File Share Access - [TICKET ID] - [NAME] ([COMPANY]. [LOCATION]),Fileservice,Medium
433,Email Excelância Comercial,Support general,Medium
1627,Create Shared Mailbox - [TICKET ID] - my[COMPANY] RO,Support general,Medium
1289,[TICKET ID] - New Support Ticket received  - Missing Analysis Tool for Excel,O365,Medium
1734,Shared Mailbox Access - [ADDRESS] - [EMAIL],Support general,Medium
827,[TICKET ID] - New Support Ticket received  - New cell phone,Support general,Medium
13754,initiated by[LOCATION]: Question of the status of inactive systems,Software,Low
1488,File Share Access - [TICKET ID] - [ADDRESS] ([COMPANY]A. [LOCATION]),Fileservice,Medium
1472,Create Shared Mailbox - [EMAIL] - [EMAIL],Support general,Medium
9426,Missing connection to all securitytools on system [SERVER],Software,Medium
1556,Shared Mailbox Access - [TICKET ID] - [EMAIL],Support general,Medium
4813,Acesso a pasta a usuario,Fileservice,Medium
4249,Ajuste no e-mail do depto de Crédito,Support general,Medium
1600,Shared Mailbox Access - [ADDRESS] - [EMAIL],Support general,Medium
878,[TICKET ID] - New Support Ticket received  - bloqueo notbook,Support general,Medium
1581,File Share Access - [TICKET ID] - [NAME]. [NAME] ([COMPANY]. [LOCATION]),Fileservice,Medium
646,[TICKET ID] - New Support Ticket received  - Basis User - [USERNAME] - [USERNAME] ([COMPANY]. [LOCATION]),Support general,Medium
5315,The following system must be set to End Of Life in Nexthink and checked for[LOCATION]reservations:  [SERVER]  -Automated ticket creation-Please remove the system from Nexthink according to the[LOCATION]process and please verify if any[LOCATION]reservations exist. If yes. please remove reservations and note down the corresponding IP(s) and inform [COMPANY] network team to remove firewall rules if there are any.,EOL,High
586,[TICKET ID] - A Support Ticket was forwarded to your role  - Access to the shared mailbox,O365,Medium
4906,Ativação VPNBoa Tarde!  Favor ativar o[LOCATION]para acesso as pastas em rede.  Motivo: Trabalho Home Office,Support general,Medium
8339,bad address in the email,Support general,Medium
1414,GPO bitlocker,Active Directory,Medium
1598,File Share Access - [TICKET ID] - [NAME] ([COMPANY]A. [LOCATION]),Fileservice,Medium
702,[TICKET ID] - New Support Ticket received  - Basis User - [USERNAME] -,Support general,Medium
1831,File Share Access - [TICKET ID] - [NAME] ([COMPANY]A. [LOCATION]),Fileservice,Medium
1424,SR284515 Access to file share or specific folder: the user [NAME] ([COMPANY]; [LOCATION]) needs access to a fileshare,Fileservice,Medium
1592,Shared Mailbox Access - [ADDRESS] - [EMAIL],Support general,Medium
2076,File Share Access - [TICKET ID] - [NAME] ([COMPANY]A. [LOCATION]),Fileservice,Medium
1352,[TICKET ID] - New Support Ticket received  - Lost Onedrive files,O365,Medium
1205,[TICKET ID] - New Support Ticket received  - [SOFTWARE] updates,Support general,Medium
2132,Delete Shared Mailbox - [EMAIL] - [EMAIL]AMA. [LOCATION]),Support general,Medium
9789,Restrição de acessoBom dia!              Por gentileza. no grupo J a pasta Relatório - estoque fazer uma restrição de acesso. sendo disponivel apenas para:      - [NAME];    - [NAME];    - [NAME];    - [NAME].        [Image],Active Directory,Medium
3043,The following system must be set to End Of Life in Nexthink and checked for[LOCATION]reservations:  [SERVER]  -Automated ticket creation-Please remove the system from Nexthink according to the[LOCATION]process and please verify if any[LOCATION]reservations exist. If yes. please remove reservations and note down the corresponding IP(s) and inform [COMPANY] network team to remove firewall rules if there are any.,EOL,High
10177,Zugriffsrechte auf Shared Mailbox entziehen,Support general,Medium
4543,Intranet User - [USERNAME] -  (External. [LOCATION])Service Request: Intranet User     Create Intranet only user for [USERNAME] (External. [LOCATION])     Firstname: [NAME]  Lastname: [NAME]  Cost Center: [ADDRESS]  Company:   Department: [COMPANY] SE  Street:   ZIP:   City:   Country: Germany  Office: BOB. 2.54     Important: Please set the EA10 to the following value: [EMAIL] (leave blank. when empty)     Requestor: [NAME] ([COMPANY]. [LOCATION])  Additional information:  Frau Schlegel ist externe Mitarbeiterin und benötigt wieder Zugriff zum Intranet,Active Directory,Medium
1575,File Share Access - [TICKET ID] - [NAME] ([COMPANY]A. [LOCATION]),Fileservice,Medium
14067,Missing connection to all securitytools on system [SERVER],Software,Medium
9387,Light User for external - [TICKET ID] - [USERNAME]. [NAME]Service Request: Light User for external  Create Light user for [USERNAME]. [NAME]     Firstname: [NAME]  Lastname: [NAME]ailaddress: [EMAIL]  Phone: [PHONE]  Cost Center: 47004  Function: Agentur Polen  Company: BizWebStudio  Department: [ADDRESS]-[ADDRESS]  ZIP: [ADDRESS]  City: [ADDRESS]  Country: [ADDRESS]  Location:[LOCATION] Office:   Expiration date: Jun 29 2019 11:00PM     Important: Please indicate in EA14 that it is an external user.     Requestor: [NAME]. [USERNAME] ([COMPANY]. [LOCATION])     Desired date: Dec 17 2018 12:00AM     Additional information:,Support general,Medium
9697,File Share Access - [TICKET ID] - [NAME] ([COMPANY]. [LOCATION])Service Request: File Share Access     Grant access to file share for the following user:  [USERNAME] ([COMPANY]. [LOCATION]) (Username: [USERNAME])  Access Type: (RW) Read / Write  File Share:    Please provide access to:    J:/SC[LOCATION]/01_ICB_31122018       Thank you!       Requestor: [NAME] ([COMPANY]. [LOCATION])  Comment:  Bitte richten Sie [NAME] Zugriff auf folgenden ordner ein: J:/SC[LOCATION]/01_ICB_31122018  Please provide acces to the following folder: J:/SC[LOCATION]/01_ICB_31122018  Thank you!,Fileservice,Medium
13764,Unable to access required training website.Hello.  We got notice of training due by the end of June and our normal login credentials were supposed to work.  However. when I tried to login the site would not accept my login credentials for some reason.  Can you look at this to see why I am not able to login?  I was working from home at the time and connected via[LOCATION]when I tried to take the training. The[LOCATION]is provided here:  [URL]  Thanks  [NAME],Active Directory,Medium
7480,Aardevo shared drives access,Fileservice,Medium
1782,Mail Zugriff freischalten,Support general,Medium
2334,Shared Mailbox Access - [TICKET ID] - [EMAIL],Support general,Medium
11552,Initiated by GIT: Missing connection to AV and still Windows 7 on system [SERVER],Software,Medium
3851,File Share Access - [TICKET ID] - [USERNAME] ([COMPANY]. [LOCATION])Service Request: File Share Access     Grant access to file share for the following user:  [USERNAME] ([COMPANY]. [LOCATION]) (Username: [USERNAME])  Access Type: (RW) Read / Write  File Share:      J:/[SERVER]    J:/MAPS    J:/MARKERDB    J:/MA-Z    J:/MAZ-Guests    J:/MAZ-MATE    J:/[SERVER]    J:/MBCALC    J:/MBDATA    J:/Meldung Pflanzenschutz    J:/PDW    J:/Topf- und Substratbestellungen    N:/_Share    N:/MA-Print    N:/[SERVER]         Requestor: [NAME] ([COMPANY]. [LOCATION])  Comment:,Fileservice,Medium
1621,Create Shared Mailbox - [EMAIL] - my[COMPANY] RS,Support general,Medium
656,[TICKET ID] - New Support Ticket received  - Basis User - [USERNAME] -,Support general,Medium
699,[TICKET ID] - A Support Ticket was forwarded to your role  - Additional Application[LOCATION]Service - [TICKET ID] - [NAME] ([COMPANY]. [LOCATION]),Support general,Medium
1814,Missing connection to Inventory- and Update-Vendor ([SOFTWARE]) on system [SERVER]8,Software,Medium
1286,[TICKET ID] - New Support Ticket received  - Criar email para confirmação de intercompany,O365,Medium
1718,Shared Mailbox Access - [AWS_ACCESS_KEY] - [EMAIL],Support general,Medium
836,[TICKET ID] - New Support Ticket received  - Telefono no sincroniza contactos,Support general,Medium
1752,File Share Access - [TICKET ID] - [NAME] ([COMPANY]A. [LOCATION]),Fileservice,Medium
3295,Acessos - [NAME],Fileservice,Medium
507,Zugriff auf BrandnetHallo [COMPANY] Helpdesk    Bitte geben Sie den folgenden AD Accounts das Recht auf das Brandnet ([URL]) zuzugreifen.        *  [NAME]   *  [NAME]   *  [NAME]   Viele Grüße  Ina          [COMPANY] SE & Co. KGaA  [NAME]. 31  [ADDRESS]  Germany     Company Headquarters: [ADDRESS]  Registry [ADDRESS]. [ADDRESS]  Chairman of the Supervisory Board: [NAME]    General Partner: [COMPANY] SE  Registry [ADDRESS]. [ADDRESS]  Chairman of the Supervisory Board: [NAME]xecutive Board: [ADDRESS] (CEO).  [NAME]. [NAME]. [NAME]. [NAME]      [URL]  ,Active Directory,Medium
1152,[TICKET ID] - New Support Ticket received  - cant access attachment in an email,O365,Medium
1809,Shared Mailbox Access - [ADDRESS] - [EMAIL],Support general,Medium
6456,[SERVER] - Missing microcode update,Software,Medium
1021,[TICKET ID] - New Support Ticket received  - Instalación tambor impresora Brother remolacha,Computer-Services,Medium
8606,Basis User - [TICKET ID] - [USERNAME]. Simon ([COMPANY]. [LOCATION])Service Request: Basis User     Create Windows account for internal user  [USERNAME]. Simon ([COMPANY]. [LOCATION])     Firstname:  [NAME]  Lastname:  [NAME]  Cost Center:  31100  Company:  [COMPANY] SE  Department:  [ADDRESS]  ZIP:  [ADDRESS]  City:  [ADDRESS]  Country:  [ADDRESS]  Office:       Important: Please set the EA10 to the following value: 12474 (leave blank. when empty)  Please create Exchange and Skype account.  The user needs at least the following access permissions:  (RW) H:/%username%  (RO) J:/Auftrag  (RW) J:/Info  (RW) J:/Transfer  (RO) J:/Vorlagen  Access to [COMPANY] intranet  Access to [SOFTWARE] ([SERVER])  Requestor: [NAME] ([COMPANY]. [LOCATION])     Desired date:  Jan  1 2019 12:00AM     Additional information:   Bitte den User Simon [USERNAME] wieder aktivieren.  Danke und Gruß  Ariane Knauth,Support general,Medium
1926,File Share Access - [TICKET ID] - [NAME] ([COMPANY]A. [LOCATION]),Fileservice,Medium
1843,File Share Access - [TICKET ID] - [NAME] (KWA. [LOCATION]),Fileservice,Medium
1889,File Share Access - [TICKET ID] - [NAME] ([COMPANY]A. [LOCATION]),Fileservice,Medium
10077,Access to K drive in Center St. location fails[NAME] reports that at Station in town. access to the K drive is not working: they cant access or save files (multiple users).  Would like to troubleshoot this error soon.,Fileservice,Medium
14291,Light User for external - [TICKET ID] - [USERNAME]Service Request: Light User for external  Create Light user for [USERNAME]     Firstname: [NAME]  Lastname: [NAME]ailaddress: [EMAIL]  Phone: [PHONE]  Cost Center: 47046  Function: [COMPANY][LOCATION]consultant for service desk (dispatching)  Company: [COMPANY] Limited  Department: GIT-EST  [ADDRESS]  ZIP: [ADDRESS]  City: [ADDRESS]  Country: Germany  Location:[LOCATION] Office:   Expiration date: Not defined     Important: Please indicate in EA14 that it is an external user.     Requestor: [NAME] ([COMPANY]. [LOCATION])     Desired date: Jan 10 2019 12:00AM     Additional information:  3 new [COMPANY] service desk consultants replacing present service desk consultants [NAME] and [NAME] who will move to security[LOCATION]team. as they have upgraded their skill sets and they can help existing team.  Approver = [NAME],Support general,Medium
1810,Basis User - [USERNAME] -Service Request: Basis User     Create Windows account for internal user       Firstname:  [NAME]  Lastname:  [NAME]  Cost Center:  44288  Company:    Department:  [LOCATION]  Street:    ZIP:    City:    Country:  [ADDRESS]  Office:       Important: Please set the EA10 to the following value: 13709 (leave blank. when empty)  Please create Exchange and Skype account.  The user needs at least the following access permissions:  Access to [SOFTWARE] ([SERVER])  Requestor:  [NAME] ([COMPANY]. [LOCATION])     Desired date:  Jan 15 2019  3:00AM     Additional information:,Support general,Medium
812,[TICKET ID] - New Support Ticket received  - Scanner will not work,Computer-Services,Medium
3257,File Share Access - [TICKET ID] - [NAME] ([COMPANY]. [LOCATION])Service Request: File Share Access     Grant access to file share for the following user:  [NAME] ([COMPANY]. [LOCATION]) (Username: [USERNAME])  Access Type: (RW) Read / Write  File Share:    Laufwerk J:/   [COMPANY]  [LOCATION]  CHR-GLOBE   CHR-H   VORLAGEN               Requestor: [NAME] ([COMPANY]. [LOCATION])  Comment:,Fileservice,Medium
1858,File Share Access - [TICKET ID] - [NAME] ([COMPANY]A. [LOCATION]),Fileservice,Medium
1096,[TICKET ID] - A Support Ticket was forwarded to you  - error general en mi pc ,Support general,Medium
189,The following system must be set to End Of Life and checked for[LOCATION]reservations:  [SERVER]  -Automated ticket creation-Please perform the following steps for the asset [SERVER]:  1. Remove[LOCATION]Reservations. if applicable  2. Remove DNS-Entries ([COMPANY]up.ads.dir and [COMPANY].de). if applicable  3. Remove Aliase ([COMPANY]up.ads.dir and [COMPANY].de). if applicable  Please close this ticket as soon as the steps have been successfully completed / verified.,Support general,Medium
2198,File Share Access - [TICKET ID] - [NAME] ([COMPANY]-[PASSWORD]. [LOCATION]),Fileservice,Medium
721,[TICKET ID] - New Support Ticket received  - Basis User - [USERNAME] -,Support general,Medium
1915,File Share Access - [TICKET ID] - Eubanks. [NAME] ([COMPANY]A. [LOCATION]),Fileservice,Medium
6531,Änderung Laufwerk H,Fileservice,Medium
6595,Light User for external - [USERNAME] - [NAME]Service Request: Light User for external  Create Light user for [NAME]     Firstname: [NAME]  Lastname: [NAME]ailaddress: [EMAIL]  Phone: [PHONE]  Cost Center: 44293  Function: IT Consultant  Company: [COMPANY]  Department: [COMPANY]_IT  Street: [ADDRESS]  ZIP: [ADDRESS]  City: [ADDRESS]  Country: [ADDRESS]  Location:[LOCATION] Office:   Expiration date: Not defined     Important: Please indicate in EA14 that it is an external user.     Requestor: [NAME] ([COMPANY]. [LOCATION])     Desired date: Dec 21 2018  7:00AM     Additional information:  User should have[LOCATION]account only and local PC admin to client computers located in the[LOCATION]OU.,Support general,Medium
9053,Change meeting options in team meetings,Support general,Medium
1770,Shared Mailbox Access - [AWS_ACCESS_KEY] - [EMAIL],Support general,Medium
1829,File Share Access - [TICKET ID] - [NAME] ([COMPANY]. [LOCATION]),Fileservice,Medium
6968,Please correct email address for [NAME]The email address for [NAME] should be [EMAIL] mailto:[EMAIL] like EVERY OTHER [COMPANY] email addressed user requested. It is set to [USERNAME][EMAIL][COMPANY] mailto:[EMAIL][COMPANY] and that is not correct. Again.,Support general,Medium
10382,Light User for external - [TICKET ID] - Service Request: Light User for external  Create Light user for [USERNAME]     Firstname: [NAME]  Lastname: [NAME]ailaddress: [EMAIL]                                         Phone: [PHONE]                                              Cost Center: 32151  Function: Support  Company: [COMPANY] Einsteinstr. 8. [ADDRESS]  Department: SB-[ADDRESS]  ZIP: [ADDRESS]  City: [ADDRESS]  Country: [ADDRESS]  Location:[LOCATION] Office:   Expiration date: Not defined     Important: Please indicate in EA14 that it is an external user.     Requestor: [NAME] ([COMPANY]. [LOCATION])     Desired date: Jan  8 2019 12:00AM     Additional information:,Support general,Medium
1786,Create Shared Mailbox - [EMAIL] - [COMPANY] tarvel tool management,Support general,Medium
10670,Problems with external guest user due to email adress clash,Support general,Medium
879,Skype Fails,O365,Medium
1776,Shared Mailbox Access - [AWS_ACCESS_KEY] - [EMAIL],Support general,Medium
2217,Shared Mailbox Access - [PASSWORD] - [EMAIL],Support general,Medium
1555,Shared Mailbox Access - [TICKET ID] - [EMAIL],Support general,Medium
8146,Acesso a rede,Support general,Medium
1816,Shared Mailbox Access - [ADDRESS] - [EMAIL],Support general,Medium
2120,Shared Mailbox Access - [ADDRESS] - [EMAIL],Support general,Medium
1263,[TICKET ID] - A Support Ticket was forwarded to your role  - Acesso Pasta Marketing ,Fileservice,Medium
3205,Impressora do[LOCATION]II falhando/borrando a impressão.,Computer-Services,Medium
4572,Instalação certificado A3,Software,Medium
2154,Shared Mailbox Access - [ADDRESS] - [EMAIL],Support general,Medium
1047,[TICKET ID] - New Support Ticket received  - Install[LOCATION][NAME],Software,Medium
8887,Please change primary email address [NAME]Please change the primary email address for [NAME] to [EMAIL] mailto:[EMAIL]. Thank you.,Support general,Medium
1844,File Share Access - [TICKET ID] - [NAME] ([COMPANY] [LOCATION]),Fileservice,Medium
1837,File Share Access - [TICKET ID] - [NAME] ([COMPANY]A. [LOCATION]),Fileservice,Medium
1086,[TICKET ID] - A Support Ticket was forwarded to you  - Acesso a Intranet [COMPANY],Support general,Medium
9846,Configuração de ScannerConfiguração de scanner na rede [COMPANY].,Computer-Services,Medium
2137,Shared Mailbox Access - [ADDRESS] - [EMAIL],Support general,Medium
1413,Excluir Laptop AD,Active Directory,Medium
1624,Shared Mailbox Access - [TICKET ID] - [EMAIL],Support general,Medium
824,[TICKET ID] - New Support Ticket received  - Instalação de software,Software,Medium
3214,File Share Access - [TICKET ID] - [USERNAME]. [NAME] ([COMPANY]. [LOCATION])Service Request: File Share Access     Grant access to file share for the following user:  [USERNAME]. [NAME] ([COMPANY]. [LOCATION]) (Username: [USERNAME])  Access Type: (RW) Read / Write  File Share:  GROUPS (J:) --> VORLAGEN     Requestor: [NAME] ([COMPANY]. [LOCATION])  Comment:,Fileservice,Medium
4291,Missing connection to all securitytools on system [SERVER],Software,Medium
2001,File Share Access - [TICKET ID] - [NAME]. [NAME] ([COMPANY]. [LOCATION]),Fileservice,Medium
1848,File Share Access - [TICKET ID] - Defrancq. [NAME] ([COMPANY]. [LOCATION]),Fileservice,Medium
1787,Create Shared Mailbox - [EMAIL] - [COMPANY] travel security,Support general,Medium
1402,Acceso a unidad virtual J:,Fileservice,Medium
612,[TICKET ID] - New Support Ticket received  - Light User for external - [TICKET ID] - [NAME],Support general,Medium
1735,Shared Mailbox Access - [ADDRESS] - [EMAIL],Support general,Medium
964,[TICKET ID] - New Support Ticket received  - Hotfix x Tango System,Support general,Medium
1681,File Share Access - [TICKET ID] - [NAME] ([COMPANY]A. [LOCATION]),Fileservice,Medium
1512,File Share Access - [TICKET ID] - [NAME] ([COMPANY]A. [LOCATION]),Fileservice,Medium
2153,Initiated by GIT: Missing connection to Directory (AD) on system [SERVER],Software,Medium
7767,Light User for external - [TICKET ID] - [NAME]Service Request: Light User for external  Create Light user for [USERNAME]     Firstname: [NAME]  Lastname: [NAME]ailaddress: [EMAIL]  Phone: [PHONE]  Cost Center: 32151  Function: Projektierung  Company: [COMPANY] Einsteinstr. 8. [ADDRESS]  Department: [ADDRESS]-[ADDRESS]  ZIP: [ADDRESS]  City: [ADDRESS]  Country: [ADDRESS]  Location:[LOCATION] Office:   Expiration date: Not defined     Important: Please indicate in EA14 that it is an external user.     Requestor: [NAME] ([COMPANY]. [LOCATION])     Desired date: Jan  8 2019 12:00AM     Additional information:,Support general,Medium
4758,File Share Access - [TICKET ID] - [NAME] ([COMPANY]. [LOCATION])Service Request: File Share Access     Grant access to file share for the following user:  [USERNAME]. [NAME] ([COMPANY]. [LOCATION]) (Username: [USERNAME])  Access Type: (RW) Read / Write  File Share:  J:/[COMPANY]_contract_project     Requestor: [NAME] ([COMPANY]. [LOCATION])  Comment:  Bitte kurzfristig einrichten. danke und schönes WE!,Fileservice,Medium
1923,File Share Access - [TICKET ID] - [NAME] ([COMPANY]A. [LOCATION]),Fileservice,Medium
1068,[TICKET ID] - A Support Ticket was forwarded to you  - Leaving Employee - [TICKET ID] - [NAME] (AMA. [LOCATION]),Active Directory,Medium
706,[TICKET ID] - A Support Ticket was forwarded to your role  - [NAME]: Shared Mailbox - [EMAIL] - Ref.[LOCATION]-->TCK89175,O365,Medium
10211,The following system must be set to End Of Life in Nexthink and checked for[LOCATION]reservations:  [SERVER]  -Automated ticket creation-Please remove the system from Nexthink according to the[LOCATION]process and please verify if any[LOCATION]reservations exist. If yes. please remove reservations and note down the corresponding IP(s) and inform [COMPANY] network team to remove firewall rules if there are any.,EOL,High
1446,user setup,Active Directory,Medium
2850,Acesso ao E-mail [EMAIL]Acesso ao e-mail [EMAIL] mailto:[EMAIL],O365,Medium
6993,The following system must be set to End Of Life in Nexthink and checked for[LOCATION]reservations:  [SERVER]  -Automated ticket creation-Please remove the system from Nexthink according to the[LOCATION]process and please verify if any[LOCATION]reservations exist. If yes. please remove reservations and note down the corresponding IP(s) and inform [COMPANY] network team to remove firewall rules if there are any.,EOL,High
6495,Light User for external - [TICKET ID] - [USERNAME]. [NAME]Service Request: Light User for external  Create Light user for [USERNAME]     Firstname: [NAME]  Lastname: [NAME]ailaddress: [EMAIL]  Phone: [PHONE]  Cost Center: 47046  Function: Consultant  Company: [COMPANY]  Department: GIT-EST  [ADDRESS]  ZIP: [ADDRESS]  City: [ADDRESS]  Country: [ADDRESS]  Location:[LOCATION] Office:   Expiration date: Not defined     Important: Please indicate in EA14 that it is an external user.     Requestor: [USERNAME] ([COMPANY]. [LOCATION])     Desired date: Jan 15 2019 12:00AM     Additional information:,Support general,Medium
1811,check_mk SD Hostalarm: ([SERVER]) [COMPANY] LS Site2Site[LOCATION]- UP -> DOWN,Support general,High
7164,2 new[LOCATION]pot tag printers to be added to print server,Computer-Services,Medium
1074,[TICKET ID] - New Support Ticket received  - Update[LOCATION]firmware for all physical NA servers,Support general,Medium
1078,[TICKET ID] - New Support Ticket received  - No funciona correo electrónico,O365,Medium
1312,[TICKET ID] - A Support Ticket was forwarded to you  - RE: Field Book App,Software,Medium
1216,[TICKET ID] - New Support Ticket received  - Groups (J)  Not working,Fileservice,Medium
2266,File Share Access - [TICKET ID] - [NAME] ([COMPANY]A. [LOCATION]),Fileservice,Medium
1765,new devices in [LOCATION],Active Directory,Medium
1573,Shared Mailbox Access - [TICKET ID] - [EMAIL],Support general,Medium
2271,File Share Access - [TICKET ID] - [NAME] ([COMPANY]. [LOCATION]),Fileservice,Medium
1297,[TICKET ID] - A Support Ticket was forwarded to you  - [COMPANY]ulos de Segurança banco do Brasil - Itau e Caixa,Software,Medium
1271,[TICKET ID] - New Support Ticket received  - OneDrive,O365,Medium
609,Impressora com erro ao scanear,Computer-Services,Medium
2199,File Share Access - [TICKET ID] - [NAME] ([COMPANY]A. [LOCATION]),Fileservice,Medium
1859,Create Shared Mailbox - [TICKET ID] - [EMAIL],Support general,Medium
2127,Delete Shared Mailbox - [EMAIL] - [EMAIL]. [LOCATION]),Support general,Medium
893,[TICKET ID] - New Support Ticket received  - BB Work will not open,Support general,Medium
3698,pure[LOCATION]AD account löschen,Active Directory,Medium
1296,[TICKET ID] - New Support Ticket received  - Printer doesnt work,Computer-Services,Medium
1589,File Share Access - [TICKET ID] - [NAME] ([COMPANY]A. [LOCATION]),Fileservice,Medium
914,[TICKET ID] - New Support Ticket received  - Mobile WiFi,Support general,Medium
1140,[TICKET ID] - New Support Ticket received  -[LOCATION]paniz,Support general,Medium
1900,File Share Access - [TICKET ID] - [NAME] ([COMPANY]A. [LOCATION]),Fileservice,Medium
2049,Create Shared Mailbox - [EMAIL] - My[COMPANY] [ADDRESS],Support general,Medium
10249,SEM ACESSO A[LOCATION]GRUPO J,Fileservice,Medium
921,[TICKET ID] - Reminder of paused Support Ticket  - Atualização do Certificado Digital - Per/dcomp,Software,Medium
2253,File Share Access - [TICKET ID] - [NAME] ([COMPANY]A. [LOCATION]),Fileservice,Medium
3883,File Share Access - [TICKET ID] - [USERNAME]. ([COMPANY]. [LOCATION])Service Request: File Share Access     Grant access to file share for the following user:  [USERNAME] ([COMPANY]. [LOCATION]) (Username: )  Access Type: (RO) Read only  File Share:  J:/MA-Prod     Requestor: [NAME] ([COMPANY]. [LOCATION])  Comment:,Fileservice,Medium
1602,Shared Mailbox Access - [TICKET ID] - [EMAIL],Support general,Medium
852,[TICKET ID] - New Support Ticket received  - Problemas Bartender,Software,Medium
1884,Create Shared Mailbox - [EMAIL] - my[COMPANY]-[ADDRESS],Support general,Medium
1612,File Share Access - [TICKET ID] - [NAME] ([COMPANY]A. [LOCATION]),Fileservice,Medium
2802,labtop malfunction for deleting files,Fileservice,Medium
1610,User admlackner löschen,Active Directory,Medium
3569,File Share Access - [TICKET ID] - [NAME] ([COMPANY]. [LOCATION])Service Request: File Share Access     Grant access to file share for the following user:  [NAME] ([COMPANY]. [LOCATION]) (Username: [USERNAME])  Access Type: (RO) Read only  File Share:    [SERVER]-[SERVER]-ONLY-RO       Requestor: [NAME] ([COMPANY]. [LOCATION])  Comment:,Fileservice,Medium
6398,Lokales Admin Konto für Entwicklerrechner,Fileservice,Medium
3663,I am blocked from Sidney Sugars Official Trial Data while at work.  At home the web site works fine.,Support general,Medium
2697,Fazer inclusão do meu usuário na impressora,Computer-Services,Medium
1751,File Share Access - [TICKET ID] - [NAME] ([COMPANY]. [LOCATION]),Fileservice,Medium
1160,[TICKET ID] - New Support Ticket received  - Updates - [SERVER],Support general,Medium
1038,[TICKET ID] - A Support Ticket was forwarded to you  - Conta E-mail,Active Directory,Medium
7379,Light User for external - [TICKET ID] - [NAME]Service Request: Light User for external  Create Light user for [NAME]      Firstname: [NAME]   Lastname: [NAME]ailaddress: [EMAIL]  Phone: 0  Cost Center: 47050  Function:[LOCATION]Consultant  Company: [COMPANY]  Department: GIT-[ADDRESS]  ZIP: [ADDRESS]  City: [ADDRESS]  Country: [ADDRESS]  Location:[LOCATION] Office:   Expiration date: Not defined     Important: Please indicate in EA14 that it is an external user.     Requestor: [NAME] ([COMPANY]. [LOCATION])     Desired date: Dec 18 2018 12:00AM     Additional information:  NameMailZugänge [NAME] [EMAIL] Citrix.[LOCATION]BW User (inkl. Entwicklerschlüssel). Zugang BO/BI Launchpad  [NAME] [EMAIL] Citrix.[LOCATION]BW User (inkl. Entwicklerschlüssel). Zugang BO/BI Launchpad  [NAME] [EMAIL] Citrix.[LOCATION]BW User (inkl. Entwicklerschlüssel). Zugang BO/BI Launchpad + lokale und server Lumira Designer Version zum Erstellen und upload von dem Dashboard  [NAME] [EMAIL] Citrix.[LOCATION]BW User (inkl. Entwicklerschlüssel). Zugang BO/BI Launchpad,Support general,Medium
1077,[TICKET ID] - New Support Ticket received  - NO FUNCIONA CORREO ELECTRONICO,O365,Medium
1995,Erweiterte Analyse zur MS[LOCATION]Meldung: Herabstufung der Verschlüsselung,Software,Medium
8653,blocked mailA retired employee is attempted to send emails to the HR team and to [NAME].  Below is the NDR. it looks like MessageLabs has the address blacklisted. can we whitelist it?     ----Original Message-----  From: [EMAIL] <[EMAIL]>   Sent: Wednesday. September 5. 2018 2:34 PM  To: [EMAIL]  Subject: Undeliverable Message           This is an automatically generated Delivery Status Notification.           Delivery to the following recipients failed permanently:        * [EMAIL]     Reason: There was an error delivering your message to [EMAIL].    The server responded with 553 - 553-Sorry. your email address has been blacklisted. Please/r/n553 contact [COMPANY] AG to have yourself removed./r/n,Software,Medium
13927,Cancelamento Usuário e Acessos [NAME]Por gentileza efetuar o cancelamento do usuário de [NAME].  Obrigada!,Active Directory,Medium
2099,File Share Access - [TICKET ID] - [NAME] ([COMPANY]. [LOCATION]),Fileservice,Medium
171,Problemas Acceso SkypeNo se tiene acceso a Skype desde viernes 12.oct.2018 hasta hoy,O365,Medium
1636,Shared Mailbox Access - [EMAIL] - [EMAIL],Support general,Medium
7244,recover previous version of a file,Fileservice,Medium
191,[TICKET ID] - New Support Ticket received  - Plug in de banco,Software,Medium
1650,Shared Mailbox Access - [TICKET ID] - [EMAIL],Support general,Medium
564,[TICKET ID] - A Support Ticket was forwarded to your role  - [SERVER][LOCATION]does not work,Support general,Medium
11038,Suporte com impressora,Computer-Services,Medium
4599,File Share Access - [TICKET ID] - [NAME] ([COMPANY]. [LOCATION])Service Request: File Share Access     Grant access to file share for the following user:  [USERNAME]. [NAME] ([COMPANY]. [LOCATION]) (Username: [USERNAME])  Access Type: (RW) Read / Write  File Share:  R:     Requestor: [NAME] ([COMPANY]. [LOCATION])  Comment:,Fileservice,Medium
863,[TICKET ID] - New Support Ticket received  - Work phone does not connect to [COMPANY] wireless network,Support general,Medium
315,[TICKET ID] - New Support Ticket received  - configuração [COMPANY]_mobile,Support general,Medium
11479,Initiated by GIT: Missing connection to AV on system [SERVER],Software,Medium
11546,Initiated by GIT: Missing connection to AV. Directory and inventory-Vendor on system [SERVER],Software,Medium
9889,Instalação Programa Zebra Design,Computer-Services,Medium
4772,Alteração do nível de acesso colaborador [EMAIL],Active Directory,Medium
923,Error with compliance training link,Software,Medium
2073,File Share Access - [TICKET ID] - [NAME] ([COMPANY]. [LOCATION]),Fileservice,Medium
6033,Missing connection to all securitytools on system [SERVER],Software,Medium
1657,File Share Access - [TICKET ID] - [NAME] (EXTERNAL. [LOCATION]),Fileservice,Medium
227,[TICKET ID] - New information received on closed ticket  - Basis User - [USERNAME] - [NAME] ([COMPANY]. [LOCATION]),Support general,Medium
669,[TICKET ID] - New Support Ticket received  - Basis User - [USERNAME] -,Support general,Medium
2173,File Share Access - [TICKET ID] - [NAME] ([COMPANY]A. [LOCATION]),Fileservice,Medium
8254,Basis User - [TICKET ID] - [NAME]lena ([COMPANY]. [LOCATION])Service Request: Basis User     Create Windows account for internal user  [NAME]lena ([COMPANY]. [LOCATION])     Firstname:  [NAME]  Lastname:  [NAME]  Cost Center:  174443  Company:  [COMPANY] Berlin GmbH  Department:  GTC-[ADDRESS]  ZIP:  [ADDRESS]  City:  [ADDRESS]  Country:  Germany  Office:       Important: Please set the EA10 to the following value: 13589 (leave blank. when empty)  Please create Exchange and Skype account.  The user needs at least the following access permissions:  (RW) H:/%username%  (RO) J:/Auftrag  (RW) J:/Info  (RW) J:/Transfer  (RO) J:/Vorlagen  Access to [COMPANY] intranet  Access to [SOFTWARE] ([SERVER])  Requestor:  [NAME] ([COMPANY]. [LOCATION])     Desired date:  Jan  1 2019 12:00AM     Additional information:   Liebes [COMPANY]-Team.   Laptop. Bildschirm. Tastatur .Telefon. Headset bitte aus Gerätepool Berlin. falls vorhanden  Tastatur und Laptop bitte englische Tastatur  danke,Support general,Medium
1003,[TICKET ID] - New Support Ticket received  - BB Work app reinstall,Support general,Medium
3988,URGENT: Restore file on onedrive in sharepoint GTC-SCM. ticket for BeaS,Software,High
8297,Emailing to [EMAIL] is not workingWhen I email to the distribution group [EMAIL] no user receives my email and I am not getting a bounce back or error emails.,O365,Medium
4539,Acesso a pasta de rede,Fileservice,Medium
9550,File Share Access - [TICKET ID] - [NAME] ([COMPANY]D. [LOCATION])Service Request: File Share Access     Grant access to file share for the following user:  [NAME] ([COMPANY]D. [LOCATION]) (Username: [USERNAME])  Access Type: (RW) Read / Write  File Share:  Bitte erteilen Sie [NAME] [NAME] Zugriff auf den Ordner J:/SB-H     Requestor: [NAME] ([COMPANY]. [LOCATION])  Comment:  Verrechnung über[LOCATION]31000,Fileservice,Medium
8471,acesso à pasta no J,Fileservice,Medium
3817,DFS Replication is[LOCATION]working!DFS replication between[LOCATION]and[LOCATION]is[LOCATION]working in both direction,Fileservice,Medium
6385,Status des Systems [SERVER],Software,Medium
12,Windows user [NAME] can use users deplewsk office 365 without password,O365,Medium
4676,Firewalleinstellung AardevoGuten Tag.    Wir haben bei Aardevo wahrscheinlich ein Problem mit der Firewalleinstellung. Wenn wir (auf 2 Computern hier in Nagele getestet) die folgenden Accessordner öffnen. laden sie entweder extrem langsam bzw. reagieren nach einer Zeit nicht mehr und lassen sich dann auch nicht mehr schließen. nur noch durch runterfahren des Computers.    J:/ST_MAS/Markerauftrag_2018/ Markerauftrag_Frontend_Zuechter (2)  J:/ST_MAS/Markerauftrag_2018/ Markerauftrag_Frontend_Markerleute  J:/ST_MAS/Markerauftrag_2018/ Markerauftrag_Zwischenablage_Zuechter_erweitert    In Einbeck funktioniert der Zugang einwandfrei.    Wir sind vom Funktionieren sehr abhängig. weshalb es gut wäre. wenn sie schnellst möglich eine Lösung finden könnten. Vielen Dank!    Mit freundlichen Grüßen.  [NAME]  ,Support general,Medium
1103,[TICKET ID] - New Support Ticket received  - Bloqueio e cancelamento de usuário - [NAME] [NAME],Active Directory,Medium
1029,[TICKET ID] - New information received on closed ticket  - [COMPANY] internet - cannot access training registration,Support general,Medium
8758,Locked out of emailI cant log onto email on phone or the computer.  It asks for sign in but fails,Support general,Medium
201,Access Driver J,Fileservice,Medium
1656,File Share Access - [TICKET ID] - [ADDRESS]. [NAME] ([COMPANY]A. [LOCATION]),Fileservice,Medium
1896,Create Shared Mailbox - [EMAIL] - [EMAIL],Support general,Medium
1905,File Share Access - [TICKET ID] - [NAME] ([COMPANY] [LOCATION]),Fileservice,Medium
1917,File Share Access - [TICKET ID] - [NAME] ([COMPANY] [LOCATION]),Fileservice,Medium
13926,Acesso ao e-mail marketing e comunicação,Support general,Medium
1971,File Share Access - [TICKET ID] - [NAME] ([COMPANY]A. [LOCATION]),Fileservice,Medium
6665,The following system must be set to End Of Life in Nexthink and checked for[LOCATION]reservations:  [SERVER]  -Automated ticket creation-Please remove the system from Nexthink according to the[LOCATION]process and please verify if any[LOCATION]reservations exist. If yes. please remove reservations and note down the corresponding IP(s) and inform [COMPANY] network team to remove firewall rules if there are any.,EOL,High
2028,File Share Access - [TICKET ID] - [NAME] ([COMPANY]A. [LOCATION]),Fileservice,Medium
1780,Shared Mailbox Access - [AWS_ACCESS_KEY] - [EMAIL],Support general,Medium
2085,File Share Access - [TICKET ID] - [NAME] ([COMPANY]A. [LOCATION]),Fileservice,Medium
1226,[TICKET ID] - New Support Ticket received  - google earth,Software,Medium
2330,Shared Mailbox Access - [AWS_ACCESS_KEY] - [EMAIL],Support general,Medium
9831,The following system must be set to End Of Life in Nexthink and checked for[LOCATION]reservations:  [SERVER]  -Automated ticket creation-Please remove the system from Nexthink according to the[LOCATION]process and please verify if any[LOCATION]reservations exist. If yes. please remove reservations and note down the corresponding IP(s) and inform [COMPANY] network team to remove firewall rules if there are any.,EOL,High
67,Basis User - [TICKET ID] -Service Request: Basis User     Create Windows account for internal user       Firstname:  [NAME]  Lastname:  [NAME] Center:  174454  Company:    Department:  [LOCATION]  Street:    ZIP:    City:    Country:  [ADDRESS]  Office:       Important: Please set the EA10 to the following value: [USERNAME]@Felipe (leave blank. when empty)  Please create Exchange and Skype account.  The user needs at least the following access permissions:  (RW) H:/%username%  (RO) J:/Auftrag  (RW) J:/Info  (RW) J:/Transfer  (RO) J:/Vorlagen  Access to [COMPANY] intranet  Access to [SOFTWARE] ([SERVER])  Requestor:  [NAME] ([COMPANY]. [LOCATION])     Desired date:  Jan 30 2019 12:00AM     Additional information:   Der neue Kollege startet am 01.02.2019,Support general,Medium
1902,File Share Access - [TICKET ID] - [NAME] ([COMPANY] [LOCATION]),Fileservice,Medium
10374,File Share Access - [TICKET ID] - [USERNAME]. [NAME] ([COMPANY]. [LOCATION])Service Request: File Share Access     Grant access to file share for the following user:  [USERNAME]. Gerrit ([COMPANY]. [LOCATION]) (Username: [USERNAME])  Access Type: (RW) Read / Write  File Share:  J:/Raumbuchungen     Requestor: [NAME] ([COMPANY]. [LOCATION])  Comment:,Fileservice,Medium
11009,Wireless driver for [NAME]When he unplugs and reconnects her laptop. it doesnt connect - I suspect its a driver issue. Can anyone help please    [NAME]BA. PMP. CISSP      Head of IT  [COMPANY] Services North America  Phone [PHONE]         Mobile [PHONE]  [EMAIL]<mailto:[EMAIL]>            [URL]>    ,Computer-Services,Medium
3830,Initiated by GIT: Missing connection to all securitytools on system [SERVER],Software,Medium
1842,Shared Mailbox Access - [ADDRESS] - [EMAIL],Support general,Medium
354,need to change Hostname,Active Directory,Medium
2164,Remove unauthorized e-mail forwarding to external,Support general,Medium
1539,File Share Access - [TICKET ID] - [NAME] ([COMPANY]A. [LOCATION]),Fileservice,Medium
1568,File Share Access - [TICKET ID] - [NAME] ([COMPANY]A. [LOCATION]),Fileservice,Medium
1701,Shared Mailbox Access - [TICKET ID] - [EMAIL],Support general,Medium
1690,File Share Access - [TICKET ID] - [NAME] ([COMPANY]A. [LOCATION]),Fileservice,Medium
2462,The following system must be set to End Of Life in Nexthink and checked for[LOCATION]reservations:  [SERVER]  -Automated ticket creation-Please remove the system from Nexthink according to the[LOCATION]process and please verify if any[LOCATION]reservations exist. If yes. please remove reservations and note down the corresponding IP(s) and inform [COMPANY] network team to remove firewall rules if there are any.,EOL,High
1869,Remove File Share Access - [TICKET ID] - [NAME] ([COMPANY]A. [LOCATION]),Fileservice,Medium
624,[TICKET ID] - A Support Ticket was forwarded to your role  - Wrong OU. display name and email signature,O365,Medium
1767,File Share Access - [TICKET ID] - [NAME] ([COMPANY]. [LOCATION]),Fileservice,Medium
1135,[TICKET ID] - A Support Ticket was forwarded to your role  - Problema para ingresar a una pagina,Support general,Medium
1315,[TICKET ID] - New Support Ticket received  - New User - [NAME] [USERNAME],Active Directory,Medium
4129,Basis User - [TICKET ID] - [NAME]. [NAME] ([COMPANY]. [LOCATION])Service Request: Basis User     Create Windows account for internal user  [USERNAME] [NAME] ([COMPANY]. [LOCATION])     Firstname:  [NAME]  Lastname:  [NAME]  Cost Center:  44256  Company:  SEMILLAS [COMPANY] Chile Ltda.  Department:  [COMPANY]_BR-[ADDRESS] Km 79  ZIP:  [ADDRESS]  City:  [ADDRESS]  Country:  [ADDRESS]  Office:       Important: Please set the EA10 to the following value: 13273 (leave blank. when empty)  Please create Exchange and Skype account.  The user needs at least the following access permissions:  Access to [SOFTWARE] ([SERVER])  Requestor: [NAME] ([COMPANY]. [LOCATION])     Desired date:  Aug 17 2018  5:00AM     Additional information:   Please. change his mail account to [EMAIL] Please. grant the same access and profile as user [NAME],Active Directory,Medium
716,[TICKET ID] - New Support Ticket received  - Basis User - [USERNAME] - Klemm. [NAME] ([COMPANY]. [LOCATION]),Support general,Medium
724,[TICKET ID] - New Support Ticket received  - Basis User - [USERNAME] -,Support general,Medium
1666,File Share Access - [TICKET ID] - [NAME] ([COMPANY]. [LOCATION]),Fileservice,Medium
770,[TICKET ID] - A Support Ticket was forwarded to you  - firma en email sufre alteraciones,O365,Medium
5864,Recuperar documento excel,O365,Medium
1198,[TICKET ID] - A Support Ticket was forwarded to you  - need install printer,Computer-Services,Medium
2086,Shared Mailbox Access - [ADDRESS] - [EMAIL],Support general,Medium
1732,File Share Access - [TICKET ID] - [NAME] ([COMPANY]F. [LOCATION]),Fileservice,Medium
2268,File Share Access - [TICKET ID] - [NAME] ([COMPANY]A. [LOCATION]),Fileservice,Medium
2292,Shared Mailbox Access - [AWS_ACCESS_KEY] - [EMAIL],Support general,Medium
5154,File Share Access - [TICKET ID] - [NAME] ([COMPANY]. [LOCATION])Service Request: File Share Access     Grant access to file share for the following user:  [USERNAME]. [NAME] ([COMPANY]. [LOCATION]) (Username: [USERNAME])  Access Type: (RW) Read / Write  File Share:      J:/CE-STA/      please create the folder if it does not yet exist and give R/W access for this and all subfolders.        Requestor: [NAME] ([COMPANY]. [LOCATION])  Comment:,Fileservice,Medium
1454,WG: VPN/Serverzugriff -- fehlende Berechtigung,Support general,Medium
1939,File Share Access - [TICKET ID] - Peters. Ole ([COMPANY]A. [LOCATION]),Fileservice,Medium
2499,Skype Meeting Button Berechtigung erteilen auf [EMAIL],O365,Medium
1777,Shared Mailbox Access - [AWS_ACCESS_KEY] - [EMAIL],Support general,Medium
14145,File Share Access - [TICKET ID] - [USERNAME]. Adrian ([COMPANY]. [LOCATION])Service Request: File Share Access     Grant access to file share for the following user:  [USERNAME]. ([COMPANY]. [LOCATION]) (Username: [USERNAME])  Access Type: (RW) Read / Write  File Share:  J:/PSM-Tool     Requestor: [NAME] ([COMPANY]. [LOCATION])  Comment:,Fileservice,Medium
11338,The following system must be set to End Of Life in Nexthink and checked for[LOCATION]reservations:  [SERVER]  -Automated ticket creation-Please remove the system from Nexthink according to the[LOCATION]process and please verify if any[LOCATION]reservations exist. If yes. please remove reservations and note down the corresponding IP(s) and inform [COMPANY] network team to remove firewall rules if there are any.,EOL,High
1577,File Share Access - [TICKET ID] - [NAME] ([COMPANY]A. [LOCATION]),Fileservice,Medium
1298,[TICKET ID] - New Support Ticket received  - [COMPANY]ulos de Segurança banco do Brasil - Itau e Caixa,Software,Medium
1487,File Share Access - [TICKET ID] - Pintos. [NAME] ([COMPANY]. [LOCATION]),Fileservice,Medium
9934,File Share Access - [TICKET ID] - [NAME] ([COMPANY]. BRLM)Service Request: File Share Access     Grant access to file share for the following user:  [NAME] ([COMPANY]. BRLM) (Username: [USERNAME])  Access Type: (RW) Read / Write  File Share:      N:/[SERVER]/[USERNAME]        R/W including all subfolders.         Requestor: [NAME] ([COMPANY]. [LOCATION])  Comment:,Fileservice,Medium
6576,configure access to use kes group all usersPlease configure for the mailbox [EMAIL] the right to use the [COMPANY] group all users mail distribution group.  Please forward ticket to BEAS.  Request is appoved!  [NAME],Active Directory,Medium
942,[TICKET ID] - New Support Ticket received  - Server,Support general,Medium
2216,Shared Mailbox Access - [AWS_ACCESS_KEY] - [EMAIL],Support general,Medium
2313,File Share Access - [TICKET ID] - [NAME] ([COMPANY]A. [LOCATION]),Fileservice,Medium
1655,Shared Mailbox Access - [AWS_ACCESS_KEY] - [EMAIL],Support general,Medium
2300,File Share Access - [TICKET ID] - [NAME] ([COMPANY]A. [LOCATION]),Fileservice,Medium
623,[TICKET ID] - A Support Ticket was forwarded to your role  - Wrong OU.  display name and email signature,O365,Medium
10993,File Share Access - [TICKET ID] - [NAME]OliverService Request: File Share Access     Grant access to file share for the following user:  [NAME]Oliver (Username: [USERNAME])  Access Type: (RW) Read / Write  File Share:  J:/MA-BD     Requestor: [NAME] ([COMPANY]. [LOCATION])  Comment:,Fileservice,Medium
2219,Shared Mailbox Access - [ADDRESS] - [EMAIL],Support general,Medium
6441,acceso al N,Fileservice,Medium
1835,not getting mails from [SOFTWARE],Support general,Medium
4128,File Share Access - [TICKET ID] - [NAME] ([COMPANY]. [LOCATION])Service Request: File Share Access     Grant access to file share for the following user:  [NAME] ([COMPANY]. [LOCATION]) (Username: [USERNAME])  Access Type: (RW) Read / Write  File Share:  J:/[COMPANY]/HR     Requestor: [NAME] ([COMPANY]. [LOCATION])  Comment:,Fileservice,Medium
1879,Shared Mailbox Access - [TICKET ID] - [EMAIL],Support general,Medium
729,[TICKET ID] - New Support Ticket received  - Remove File Share Access - [TICKET ID] - [NAME] ([COMPANY]. [LOCATION]),Fileservice,Medium
1716,File Share Access - [TICKET ID] - [NAME] ([COMPANY]A. [LOCATION]),Fileservice,Medium
4673,Review Email configuration for [NAME],Support general,Medium
2260,File Share Access - [TICKET ID] - [NAME] (KWA. [LOCATION]),Fileservice,Medium
1590,File Share Access - [TICKET ID] - [NAME] ([COMPANY]A. [LOCATION]),Fileservice,Medium
1333,[TICKET ID] - New Support Ticket received  - busqueda citrix mas lvs,Software,Medium
7894,Excel file in Sharepoint corrupted,Software,Medium
2200,File Share Access - [TICKET ID] - [NAME] ([COMPANY]. [LOCATION]),Fileservice,Medium
1696,File Share Access - [TICKET ID] - Pracki. [NAME] ([COMPANY]. [LOCATION]),Fileservice,Medium
6580,The following system must be set to End Of Life in Nexthink and checked for[LOCATION]reservations:  [SERVER]  -Automated ticket creation-Please remove the system from Nexthink according to the[LOCATION]process and please verify if any[LOCATION]reservations exist. If yes. please remove reservations and note down the corresponding IP(s) and inform [COMPANY] network team to remove firewall rules if there are any.,EOL,High
1715,Shared Mailbox Access - [ADDRESS] - [EMAIL],Support general,Medium
2280,File Share Access - [TICKET ID] - [NAME] ([COMPANY]D. [LOCATION]),Fileservice,Medium
9692,<J:/CREDITO/[NAME]/__DOCUMENTOS> DE CLIENTES - RENOVAÇÕES/[NAME]/[NAME],Fileservice,Medium
13881,File Share Access - [TICKET ID] - [NAME] ([COMPANY]. [LOCATION])Service Request: File Share Access     Grant access to file share for the following user:  [NAME] ([COMPANY]. [LOCATION]) (Username: [USERNAME])  Access Type: (RW) Read / Write  File Share:  J:/Topf- und Substratbestellungen     Requestor: [NAME] ([COMPANY]. [LOCATION])  Comment:  J:/Topf- und Substratbestellungen,Fileservice,Medium
791,[TICKET ID] - A Support Ticket was forwarded to you  - Adicionar novo colaborador ,Active Directory,Medium
778,[TICKET ID] - A Support Ticket was forwarded to your role  - [NAME] Citrix and J drive effects on LT,Software,Medium
7500,Password change over VPN,Active Directory,Medium
10818,Permitir acesso a pasta da rede,Fileservice,Medium
1882,Create Shared Mailbox - [EMAIL] - my[COMPANY]-[NAME],Support general,Medium
1569,File Share Access - [TICKET ID] - [NAME] ([COMPANY]A. [LOCATION]),Fileservice,Medium
1557,Shared Mailbox Access - [AWS_ACCESS_KEY] - [EMAIL],Support general,Medium
4373,Instalação de ImpressoraInstalação de impressora HP LaserJet P1102w.,Computer-Services,Medium
7787,Light User for external - [TICKET ID] - [NAME]Service Request: Light User for external  Create Light user for [NAME]     Firstname: [NAME]  Lastname: [NAME]ailaddress: [EMAIL]  Phone: [PHONE]  Cost Center: 44288  Function: Lecturer  Company: GI  Department: KW-[ADDRESS] – [ADDRESS] 428 [ADDRESS] – [ADDRESS].  ZIP:[LOCATION][ADDRESS]  City: [ADDRESS]  Country: [ADDRESS]  Location:[LOCATION] Office:   Expiration date: Jan 24 2020  3:00AM     Important: Please indicate in EA14 that it is an external user.     Requestor: [NAME] [ADDRESS] [NAME] ([COMPANY]. [LOCATION])     Desired date: Jan 24 2019  3:00AM     Additional information:,Support general,Medium
1793,File Share Access - [TICKET ID] - [NAME] (KWA. [LOCATION]),Fileservice,Medium
1822,Create Shared Mailbox - [TICKET ID] - [EMAIL],Support general,Medium
666,[TICKET ID] - New Support Ticket received  - Basis User - [USERNAME] - [NAME] ([COMPANY]. [NAME]),Support general,Medium
1220,[TICKET ID] - New Support Ticket received  - Safenet Mobilpass setup,Support general,Medium
5654,VPN UpdateDear IT.My[LOCATION]connection updated. but maintain the same layout as the one before. The connection does not give me the options to which each connection I will choose.Anyway. according to my[LOCATION]Manager. my computer does not updated correctly.Could anyone check my computer and this connection update?Thanks.  ,Support general,Medium
1546,File Share Access - [TICKET ID] - [NAME] ([COMPANY]A. [LOCATION]),Fileservice,Medium
1027,[TICKET ID] - New Support Ticket received  - Actualización certificado [NAME],Support general,Medium
5330,File Share Access - [TICKET ID] -  [NAME] ([COMPANY]. [LOCATION])Service Request: File Share Access     Grant access to file share for the following user:   [NAME] ([COMPANY]. [LOCATION]) (Username: [USERNAME])  Access Type: (RW) Read / Write  File Share:  Laufwerk J:[LOCATION]     Requestor: [NAME] ([COMPANY]. [LOCATION])  Comment:  Zugriff auf Laufwerk J:[LOCATION]wird benötigt.  Besten Dank [NAME],Fileservice,Medium
11437,[SERVER] - McAfee Agent issue,Software,Medium
1918,Shared Mailbox Access - [AWS_ACCESS_KEY] - [EMAIL],Support general,Medium
8698,File Share Access - [TICKET ID] - [NAME] ([COMPANY]. [LOCATION])Service Request: File Share Access     Grant access to file share for the following user:  [USERNAME]. Benoit ([COMPANY]. [LOCATION]) (Username: [USERNAME])  Access Type: (RW) Read / Write  File Share:      J:/CE-STA/        please create the folder and give R/W access for this and all subfolders.        Requestor: [NAME] ([COMPANY]. [LOCATION])  Comment:,Fileservice,Medium
940,[TICKET ID] - A Support Ticket was forwarded to you  - RE: Decision for Order required: #[TICKET ID] - Install request,Software,Medium
903,[TICKET ID] - New information received on closed ticket  - Initiated by [COMPANY][LOCATION]- Vulnerable Windows Defender on [SERVER],Support general,Medium
4793,Printer installation -,Computer-Services,Medium
1234,[TICKET ID] - New Support Ticket received  - R & Rstudio re-installation,Software,Medium
1165,[TICKET ID] - New Support Ticket received  - pagina campus achs,Support general,Medium
1886,Shared Mailbox Access - [ADDRESS] - [EMAIL],Support general,Medium
1713,File Share Access - [TICKET ID] - [NAME] ([COMPANY]. [LOCATION]),Fileservice,Medium
4313,exportar lista de e-mailsGostaria de solicitar um export da lista de e-mails. preferencialmente de excel (.csv) mas pode ser qualquer outra extenção.,O365,Medium
1363,[TICKET ID] - New Support Ticket received  - Acesso Skype,O365,Medium
7533,File Share Access - [TICKET ID] - [NAME] ([COMPANY]. [LOCATION])Service Request: File Share Access     Grant access to file share for the following user:  [NAME] ([COMPANY]. [LOCATION]) (Username: [USERNAME])  Access Type: (RW) Read / Write  File Share:      N:/[SERVER]/STA-LEM    N:/[SERVER]/STA-CAM    N:/[SERVER]/STA-[LOCATION]    N:/[SERVER]/STA-PGRO        R/W including all subfolders.         Requestor: [NAME] ([COMPANY]. [LOCATION])  Comment:,Fileservice,Medium
2162,File Share Access - [TICKET ID] - [NAME] ([COMPANY]A. [LOCATION]),Fileservice,Medium
2359,Erhöhung des Arbeitsspeichers / Speicherplatzerhöhung auf [SERVER],Software,Medium
1984,File Share Access - [TICKET ID] - [NAME] ([COMPANY]A. [LOCATION]),Fileservice,Medium
1221,[TICKET ID] - New Support Ticket received  - visual studio,Software,Medium
1370,[TICKET ID] - A Support Ticket was forwarded to your role  - activacion blackverry work,Support general,Medium
957,[TICKET ID] - New Support Ticket received  - Atualização,Software,Medium
837,[TICKET ID] - New Support Ticket received  - liberação,Fileservice,Medium
5254,E-Mail Verteiler [SERVER]-SFO und [SERVER] M. [NAME],Active Directory,Medium
11562,Solicito arquivo de backup do arquivo,Fileservice,Medium
1698,Shared Mailbox Access - [TICKET ID] - [EMAIL],Support general,Medium
1990,Shared Mailbox Access - [AWS_ACCESS_KEY] - [EMAIL],Support general,Medium
2255,File Share Access - [TICKET ID] - [NAME] ([COMPANY]A. [LOCATION]),Fileservice,Medium
1495,File Share Access - [TICKET ID] - [NAME] ([COMPANY]A. [LOCATION]),Fileservice,Medium
2021,File Share Access - [TICKET ID] - [NAME] ([COMPANY]),Fileservice,Medium
1586,File Share Access - [TICKET ID] - [NAME] ([COMPANY]A. [LOCATION]),Fileservice,Medium
1457,(2020040620122) Verizon Initial Notification,Support general,Medium
1740,Shared Mailbox Access - [ADDRESS] - [EMAIL],Support general,Medium
939,[TICKET ID] - A Support Ticket was forwarded to you  - Leaving Employee - [TICKET ID] - [NAME] ([COMPANY]. [LOCATION]),Active Directory,Medium
9150,The following system must be set to End Of Life in Nexthink and checked for[LOCATION]reservations:  [SERVER]  -Automated ticket creation-Please remove the system from Nexthink according to the[LOCATION]process and please verify if any[LOCATION]reservations exist. If yes. please remove reservations and note down the corresponding IP(s) and inform [COMPANY] network team to remove firewall rules if there are any.,EOL,High
871,[TICKET ID] - New Support Ticket received  - PROGRAMA,Software,Medium
2864,File Share Access - [TICKET ID] -Service Request: File Share Access     Grant access to file share for the following user:   (Username: )  Access Type: (RW) Read / Write  File Share:  J:/[COMPANY]/HR     Requestor: [NAME] ([COMPANY]. [LOCATION])  Comment:  Bitte aufnehmen in den Verteiler: [COMPANY]_HR,Fileservice,Medium
1470,Create Shared Mailbox - [EMAIL] - [EMAIL] ([LOCATION]),Support general,Medium
1756,File Share Access - [TICKET ID] - [NAME] ([COMPANY]A. [LOCATION]),Fileservice,Medium
2234,Create Shared Mailbox - [EMAIL] - [EMAIL],Support general,Medium
1724,Shared Mailbox Access - [ADDRESS] - [EMAIL],Support general,Medium
857,[TICKET ID] - New Support Ticket received  - Acceso a Citrix [NAME],Software,Medium
7645,A budget file is missing out of my folder and have not been able to find it on the computer,Fileservice,Medium
1653,File Share Access - [TICKET ID] - [NAME] ([COMPANY]A. [LOCATION]),Fileservice,Medium
1477,Remove File Share Access - [TICKET ID] - [NAME] ([COMPANY]. [LOCATION]),Fileservice,Medium
11074,[SERVER] on [SERVER] says offline,Computer-Services,Medium
8058,Computador com atualizações pendentes,Software,Medium
2125,Delete Shared Mailbox - [EMAIL] - [EMAIL]. [LOCATION]),Support general,Medium
1763,Shared Mailbox Access - [ADDRESS] - [EMAIL],Support general,Medium
2549,Add user [COMPANY]up/Brodmann for Leasy Support,Active Directory,Medium
2182,File Share Access - [TICKET ID] - [NAME] ([COMPANY]A. [LOCATION]),Fileservice,Medium
1157,[TICKET ID] - New Support Ticket received  - instalacion[LOCATION],Software,Medium
1017,[TICKET ID] - New Support Ticket received  - Abrir pasta de arquivos do google Drive,Software,Medium
894,[TICKET ID] - A Support Ticket was forwarded to your role  - problemas ingreso a [NAME],Software,Medium
1523,File Share Access - [TICKET ID] - [NAME] ([COMPANY]A. [LOCATION]),Fileservice,Medium
1620,Create Shared Mailbox - [EMAIL] - my[COMPANY] HR,Support general,Medium
794,[TICKET ID] - A Support Ticket was forwarded to your role  - Initiated by [COMPANY][LOCATION]- Vulnerable Teamviewer on [SERVER],Support general,Medium
2233,Remove File Share Access - [TICKET ID] - [NAME] ([COMPANY]A. [LOCATION]),Fileservice,Medium
11150,Acesso [NAME],Active Directory,Medium
6959,Extraction of users mailbox and OneDrive storage,Support general,Medium
2567,Neuen[LOCATION]User erstellen -  von [NAME]. [NAME],Active Directory,Medium
2274,File Share Access - [TICKET ID] - [NAME] ([COMPANY]. [LOCATION]),Fileservice,Medium
1503,Shared Mailbox Access - [AWS_ACCESS_KEY] - [EMAIL],Support general,Medium
1444,onedrive,O365,Medium
14312,Zugriff Postfach hinzufügen / entfernen,Support general,Medium
1799,File Share Access - [TICKET ID] - [ADDRESS] ([COMPANY]A. [LOCATION]),Fileservice,Medium
1213,[TICKET ID] - New Support Ticket received  - configuracion telefono [NAME],Support general,Medium
10095,Citrix reciver takes very long to open,Software,Medium
4044,Initiated by [COMPANY][LOCATION]- Vulnerable Active X on [SERVER]8,Software,Medium
1898,File Share Access - [TICKET ID] - [NAME] ([COMPANY]A. [LOCATION]),Fileservice,Medium
2054,File Share Access - [TICKET ID] - [NAME] ([COMPANY]A. [LOCATION]),Fileservice,Medium
8626,Email lentoBom dia !!!  Meu email está muito lento. quando pesquiso emails anteriores. para abrir os email.  Gostaria por gentileza que verificassem.  Atenciosamente.,O365,Medium
1860,File Share Access - [TICKET ID] - [NAME] ([COMPANY]A. [LOCATION]),Fileservice,Medium
2309,Shared Mailbox Access - [AWS_ACCESS_KEY] - [EMAIL],Support general,Medium
2022,File Share Access - [TICKET ID] - [NAME] ([COMPANY]A. [LOCATION]),Fileservice,Medium
2068,Shared Mailbox Access - [ADDRESS] - [EMAIL],Support general,Medium
1547,File Share Access - [TICKET ID] - [NAME] ([COMPANY]. [LOCATION]),Fileservice,Medium
3958,Missing connection to McAfee on system [SERVER],Software,Medium
1134,[TICKET ID] - A Support Ticket was forwarded to your role  -  [NAME] locked out of PC,Software,Medium
1428,SR290616 Leaving employee: The user [NAME] ([COMPANY]; [LOCATION]) is going to leave [COMPANY] on 02;01;2018,Active Directory,Medium
4622,sharepoint non accessible,Software,Medium
276,GH Printer Connection Issue,Computer-Services,Medium
1609,User admportz löschen,Active Directory,Medium
266,missing printerOur local printer in [ADDRESS] has disappeared from my laptop. How do I add it back?    Thanks    [NAME]obile: [PHONE]    ,Computer-Services,Medium
10060,Out of office notice on [EMAIL] email,Support general,Medium
4494,Initiated by [COMPANY][LOCATION]- Vulnerable .NET Version on [SERVER],Software,Medium
2190,File Share Access - [TICKET ID] - [NAME] ([COMPANY]A. [LOCATION]),Fileservice,Medium
341,[TICKET ID] - New Support Ticket received  - Mensaje al querer abrir outlook,O365,Medium
2530,File Share Access - [TICKET ID] - [NAME] ([COMPANY]. [LOCATION])Service Request: File Share Access     Grant access to file share for the following user:  [NAME] ([COMPANY]. [LOCATION]) (Username: [USERNAME])  Access Type: (RW) Read / Write  File Share:      N:/[SERVER]/[USERNAME]        R/W including all subfolders.         Requestor: [NAME] ([COMPANY]. [LOCATION])  Comment:,Fileservice,Medium
1100,[TICKET ID] - A Support Ticket was forwarded to you  - Instalar programa BarTender,Software,Medium
2365,Instalación Impresora,Computer-Services,Medium
5500,Initiated by GIT: Missing connection to all securitytools on system [SERVER],Software,Medium
1237,[TICKET ID] - A Support Ticket was forwarded to your role  - check_mk SD Servicealarm: ([SERVER]) [COMPANY] LS Systemmanagement - [SOFTWARE] Depot Server: Filesystem E:/ -[LOCATION]-> CRIT,Support general,Medium
1855,File Share Access - [TICKET ID] - [NAME] ([COMPANY]A. [LOCATION]),Fileservice,Medium
11372,The following system must be set to End Of Life in Nexthink and checked for[LOCATION]reservations:  [SERVER]  -Automated ticket creation-Please remove the system from Nexthink according to the[LOCATION]process and please verify if any[LOCATION]reservations exist. If yes. please remove reservations and note down the corresponding IP(s) and inform [COMPANY] network team to remove firewall rules if there are any.,EOL,High
10605,The following system must be set to End Of Life in Nexthink and checked for[LOCATION]reservations:  [SERVER]  -Automated ticket creation-Please remove the system from Nexthink according to the[LOCATION]process and please verify if any[LOCATION]reservations exist. If yes. please remove reservations and note down the corresponding IP(s) and inform [COMPANY] network team to remove firewall rules if there are any.,EOL,High
2681,Email duplication,Support general,Medium
1329,[TICKET ID] - A Support Ticket was forwarded to your role  - Initiated by [COMPANY][LOCATION]- Vulnerable TeamViewer on [SERVER],Support general,Medium
810,[TICKET ID] - New Support Ticket received  - Relatorio de pedidos em Aberto Discoverer,Software,Medium
14010,Light User for external - [TICKET ID] - [USERNAME]. [NAME]Service Request: Light User for external  Create Light user for [USERNAME]     Firstname: [NAME]  Lastname: [NAME]ailaddress: [EMAIL]  Phone: [PHONE]  Cost Center: 32151  Function: Service Manager Service & Support  Company: [COMPANY] Einsteinstr. 8. [ADDRESS]  Department: [ADDRESS]  ZIP: [ADDRESS]  City: [ADDRESS]  Country: [ADDRESS]  Location:[LOCATION] Office:   Expiration date: Not defined     Important: Please indicate in EA14 that it is an external user.     Requestor: [NAME] ([COMPANY]. [LOCATION])     Desired date: Jan  7 2019 12:00AM     Additional information:,Support general,Medium
698,[TICKET ID] - New Support Ticket received  - Basis User - [USERNAME] - [NAME] ([COMPANY]. [LOCATION]),Support general,Medium
1967,Shared Mailbox Access - [AWS_ACCESS_KEY] - [EMAIL],Support general,Medium
3807,Blocked Website by ProxyPlease allow this site. It is used for the installation of Whitesmoke English editor.    [NAME] received a new laptop and needs Whitesmoke installed    Attached is the correspondence with [NAME] when this was installed on [NAME]s previous computer        Client-IP: [IP_ADDRESS]    Proxy Hostname: [SERVER].[COMPANY]up.ads.dir    Date (local server time): 2018-07-18 14:31:03    URL: [URL]   [LOCATION]Categories: Malicious Sites. Software/Hardware    Reputation: High Risk    Media Type:   [LOCATION]was blocked due to a[LOCATION]Reputation and Categorization lookup result: true   [LOCATION]was blocked due to a dynamic content classification result: false        [COMPANY] GATEWAY RESE[LOCATION] CENTER. LLC. [LOCATION]Park at The Danforth Plant Science Center  [ADDRESS]. [ADDRESS]     Managing Director: [NAME]  Company Headquarters: [ADDRESS]      [URL]  ,Support general,Medium
2797,File Share Access - [TICKET ID] - [NAME]. [NAME] ([COMPANY]. [LOCATION])Service Request: File Share Access     Grant access to file share for the following user:  [NAME]. [NAME] ([COMPANY]. [LOCATION]) (Username: [USERNAME])  Access Type: (RW) Read / Write  File Share:    Please add the folder for Italy to the rights that [NAME] already has:    Folder J/  Receivables report / [COMPANY] Italia       Requestor: [NAME] ([COMPANY]. [LOCATION])  Comment:,Fileservice,Medium
1721,File Share Access - [TICKET ID] - [NAME] ([COMPANY]A. [LOCATION]),Fileservice,Medium
1172,[TICKET ID] - New Support Ticket received  - Can not get company email on my phone. ,Support general,Medium
1041,[TICKET ID] - New Support Ticket received  - Skype,O365,Medium
10471,CONFIGURAÇÃO DA IMPRESSORA - DIGITALIZAR[LOCATION]E-MAIL,Computer-Services,Medium
1704,Shared Mailbox Access - [ADDRESS] - [EMAIL],Support general,Medium
3567,Initiated by [COMPANY][LOCATION]- Unsupported Firefox on [SERVER],Software,Medium
664,[TICKET ID] - A Support Ticket was forwarded to your role  - User zu der Gruppe: [SERVER]-[NAME] hizufügen,Support general,Medium
1644,check_mk SD Hostalarm: ([SERVER]) [COMPANY] LS Site2Site[LOCATION]- UP -> DOWN,Support general,High
1565,File Share Access - [TICKET ID] - [NAME] ([COMPANY]A. [LOCATION]),Fileservice,Medium
9616,Basis User - [TICKET ID] -Service Request: Basis User     Create Windows account for internal user       Firstname:  [NAME]  Lastname:  [NAME]  Cost Center:  174454  Company:    Department:  [ADDRESS]  Street:    ZIP:    City:    Country:  [ADDRESS]  Office:       Important: Please set the EA10 to the following value: [USERNAME]@Marco (leave blank. when empty)  Please create Exchange and Skype account.  The user needs at least the following access permissions:  (RW) H:/%username%  (RO) J:/Auftrag  (RW) J:/Info  (RW) J:/Transfer  (RO) J:/Vorlagen  Access to [COMPANY] intranet  Access to [SOFTWARE] ([SERVER])  Requestor:  [NAME] ([COMPANY]. [LOCATION])     Desired date:  Jan 31 2019 12:00AM     Additional information:   Neuer Kollege Startet am 01.02.2019,Support general,Medium
11160,Missing connection to all securitytools on system [SERVER],Software,Medium
1324,[TICKET ID] - New Support Ticket received  -  connect to printers - not urgent at all,Computer-Services,High
1485,File Share Access - [TICKET ID] - [NAME]. [NAME] ([COMPANY]. [LOCATION]),Fileservice,Medium
13984,File Share Access - [TICKET ID] - [NAME] ([COMPANY]. [LOCATION])Service Request: File Share Access     Grant access to file share for the following user:  [NAME] ([COMPANY]. [LOCATION]) (Username: )  Access Type: (RW) Read / Write  File Share:    J:/CHR   J:/CHR-GLOBE   J:/CHR-H   J:/VORLAGEN       Requestor: [NAME] ([COMPANY]. [LOCATION])  Comment:  [ADDRESS] [NAME].  Bitte asap - Head of [LOCATION] HR,Fileservice,High
2245,File Share Access - [TICKET ID] - [NAME] ([COMPANY]A. [LOCATION]),Fileservice,Medium
1761,File Share Access - [TICKET ID] - [NAME] ([COMPANY]A. [LOCATION]),Fileservice,Medium
1796,Create Shared Mailbox - [ADDRESS] - [EMAIL],Support general,Medium
1607,User admschen löschen,Active Directory,Medium
968,[TICKET ID] - New Support Ticket received  - Inclusão de Usuaria para recebimento de email do nfe.,O365,Medium
796,[TICKET ID] - A Support Ticket was forwarded to you  - Users do not receive Pallavis mails,O365,Medium
10455,COMPUTADOR[LOCATION]DESLIGANDO SOZINHO,Computer-Services,Medium
1371,[TICKET ID] - New Support Ticket received  - activacion blackverry work,Support general,Medium
11414,Initiated by GIT: Missing connection to all securitytools on system [SERVER],Software,Medium
781,[TICKET ID] - A Support Ticket was forwarded to your role  - Software Installation - [TICKET ID] - [NAME] ([COMPANY] [LOCATION]),Software,Medium
1873,Shared Mailbox Access - [ADDRESS] - [EMAIL],Support general,Medium
4010,PRECISO INSTALAR DRIVE DE IMPRESSORA,Computer-Services,Medium
1048,[TICKET ID] - New Support Ticket received  - Growout Room spooling printer issue,Computer-Services,Medium
1707,File Share Access - [TICKET ID] - [NAME] ([COMPANY]. [LOCATION]),Fileservice,Medium
1820,File Share Access - [TICKET ID] - [NAME] ([COMPANY]. [LOCATION]),Fileservice,Medium
1075,[TICKET ID] - [SERVER][LOCATION]- Planned Maintenance - 2018-9-25. 09:00[LOCATION]| [SERVER] [COMPANY] SE. Rückmeldungen erforderlich.,Support general,Medium
8240,The following system must be set to End Of Life in Nexthink and checked for[LOCATION]reservations:  [SERVER]  -Automated ticket creation-Please remove the system from Nexthink according to the[LOCATION]process and please verify if any[LOCATION]reservations exist. If yes. please remove reservations and note down the corresponding IP(s) and inform [COMPANY] network team to remove firewall rules if there are any.,EOL,High
2030,File Share Access - [TICKET ID] - [NAME] ([COMPANY]A. [LOCATION]),Fileservice,Medium
6523,File Share Access - [TICKET ID] - [NAME] ([COMPANY]. [LOCATION])Service Request: File Share Access     Grant access to file share for the following user:  [NAME] ([COMPANY]. [LOCATION]) (Username: )  Access Type: (RW) Read / Write  File Share:  [Image]     Requestor: [NAME] ([COMPANY]. [LOCATION])  Comment:,Fileservice,Medium
1806,File Share Access - [TICKET ID] - [NAME] ([COMPANY]. [LOCATION]),Fileservice,Medium
7896,change email for user,Support general,Medium
10028,instalação da imprssora,Computer-Services,Medium
1518,File Share Access - [TICKET ID] - [NAME] ([COMPANY]A. [LOCATION]),Fileservice,Medium
991,[TICKET ID] - New Support Ticket received  - accidentally wiped my phone ,Support general,Medium
1695,File Share Access - [TICKET ID] - [ADDRESS]. [NAME] ([COMPANY]. [LOCATION]),Fileservice,Medium
2020,Light User for external - [TICKET ID] - [NAME]. PolService Request: Light User for external  Create Light user for [USERNAME]. Pol     Firstname: [NAME]  Lastname: [NAME]ailaddress: [EMAIL]  Phone: [PHONE]  Cost Center: 47004  Function: Agentur  Company: Welocalize  Department: GMC-[ADDRESS]  ZIP: [ADDRESS]  City: [ADDRESS]  Country: [ADDRESS]  Location:[LOCATION] Office:   Expiration date: Jun 29 2019 11:00PM     Important: Please indicate in EA14 that it is an external user.     Requestor: [NAME] ([COMPANY]. [LOCATION])     Desired date: Dec 13 2018 12:00AM     Additional information:,Support general,Medium
1005,[TICKET ID] - New Support Ticket received  - Cannot login to Fival citrix,Software,Medium
866,[TICKET ID] - New Support Ticket received  - ajuste no base discovery e montagem de uma impressora,Computer-Services,Medium
10666,The following system must be set to End Of Life in Nexthink and checked for[LOCATION]reservations:  [SERVER]  -Automated ticket creation-Please remove the system from Nexthink according to the[LOCATION]process and please verify if any[LOCATION]reservations exist. If yes. please remove reservations and note down the corresponding IP(s) and inform [COMPANY] network team to remove firewall rules if there are any.,EOL,High
1960,Shared Mailbox Access - [ADDRESS] - [EMAIL],Support general,Medium
1976,File Share Access - [TICKET ID] - [NAME] ([COMPANY]A. [LOCATION]),Fileservice,Medium
1970,File Share Access - [TICKET ID] - [NAME] ([COMPANY]A. [LOCATION]),Fileservice,Medium
3332,File Share Access - [TICKET ID] - [USERNAME]. Ole ([COMPANY]. [LOCATION])Service Request: File Share Access     Grant access to file share for the following user:  [USERNAME] ([COMPANY]. [LOCATION]) (Username: )  Access Type: (RW) Read / Write  File Share:  J:/Scan     Requestor: [NAME] ([COMPANY]. [LOCATION])  Comment:  Das Büro von [NAME] wird sich imBürogebäude in der [ADDRESS] befinden (Büro: 1.04). Bitte liefern Sie die Hardware so schnell wie möglich aus.  Vielen Dank!  Für Rückfragen stehe ich gern zur Verfügung.  Beste Grüße [NAME] Tel.: [PHONE],Fileservice,Medium
3809,The following system must be set to End Of Life in Nexthink and checked for[LOCATION]reservations:  [SERVER]  -Automated ticket creation-Please remove the system from Nexthink according to the[LOCATION]process and please verify if any[LOCATION]reservations exist. If yes. please remove reservations and note down the corresponding IP(s) and inform [COMPANY] network team to remove firewall rules if there are any.,EOL,High
2004,File Share Access - [TICKET ID] - [NAME] ([COMPANY]A. [LOCATION]),Fileservice,Medium
1381,[TICKET ID] - [SERVER][LOCATION]- Planned Maintenance - 2018-11-17. 08:01[LOCATION]| [SERVER] | [SERVER] [COMPANY] SE. Rückmeldungen erforderlich.,Support general,Medium
1864,File Share Access - [TICKET ID] - [NAME]. [NAME] ([COMPANY]A. [LOCATION]),Fileservice,Medium
1753,Azure Logic Apps - License request (Please contact [NAME]),Software,Medium
13756,[SERVER],Software,Medium
1311,[TICKET ID] - New Support Ticket received  - Not able to print to printer,Computer-Services,Medium
1484,Shared Mailbox Access - [AWS_ACCESS_KEY] - [EMAIL],Support general,Medium
93,Basis User - [TICKET ID] - [NAME].[NAME]([COMPANY]. [LOCATION])Service Request: Basis User     Create Windows account for internal user  [NAME].[NAME]([COMPANY]. [LOCATION])     Firstname:  [NAME]  Lastname:  [NAME]  Cost Center:  44288  Company: [COMPANY] S.A.  Department:  KW-[ADDRESS] a [ADDRESS] – [ADDRESS] Rural.  ZIP: [LOCATION][ADDRESS]  City:  [ADDRESS]  Country:  [ADDRESS]  Office:       Important: Please set the EA10 to the following value: 13741 (leave blank. when empty)  Please create Exchange and Skype account.  The user needs at least the following access permissions:  Access to [SOFTWARE] ([SERVER])  Requestor:  [NAME] ([COMPANY]. [LOCATION])     Desired date:  Jan 23 2019  3:00AM     Additional information:,Support general,Medium
2146,File Share Access - [TICKET ID] - [NAME] ([COMPANY]A. [LOCATION]),Fileservice,Medium
896,[TICKET ID] - New Support Ticket received  - Datos de Blackberry Work borrados,Support general,Medium
7588,Configuração de pontoConfiguração de ponto top data viggia para guardas noturnos,Software,Medium
4352,Need access to the R drive,Fileservice,Medium
1505,Shared Mailbox Access - [AWS_ACCESS_KEY] - [EMAIL],Support general,Medium
14256,sem acesso a gropo j,Fileservice,Medium
10091,Abteilungswechsel Postfachzugang [NAME] Für [NAME] Zugang entfernen.,Support general,Medium
1445,urgent: create AD-account for [NAME],Active Directory,High
2071,File Share Access - [TICKET ID] - [NAME] ([COMPANY]. [LOCATION]),Fileservice,Medium
1689,File Share Access - [TICKET ID] - [NAME] ([COMPANY]A. [LOCATION]),Fileservice,Medium
2174,File Share Access - [TICKET ID] - Portes [NAME] ([COMPANY]. [LOCATION]),Fileservice,Medium
1865,File Share Access - [TICKET ID] - [ADDRESS] ([COMPANY]A. [LOCATION]),Fileservice,Medium
1545,File Share Access - [TICKET ID] - [NAME] ([COMPANY]A. [LOCATION]),Fileservice,Medium
648,[TICKET ID] - A Support Ticket was forwarded to your role  - Email Box - [EMAIL] is not working,O365,Medium
792,[TICKET ID] - A Support Ticket was forwarded to you  - Basis User - [USERNAME] - [NAME] ([COMPANY]. [LOCATION]),Active Directory,Medium
2007,Shared Mailbox Access - [ADDRESS] - [EMAIL],Support general,Medium
8351,Email não está sincronizando no mobileEmail não está sincronizando no mobile,O365,Medium
7112,File Share Access - [TICKET ID] - [NAME] ([COMPANY]. [LOCATION])Service Request: File Share Access     Grant access to file share for the following user:  [NAME] ([COMPANY]. [LOCATION]) (Username: [USERNAME])  Access Type: (RO) Read only  File Share:    [SERVER]-[SERVER]-ONLY-RO       Requestor: [NAME] ([COMPANY]. [LOCATION])  Comment:,Fileservice,Medium
1904,File Share Access - [TICKET ID] - [NAME] ([COMPANY]. [LOCATION]),Fileservice,Medium
3665,File Share Access - [TICKET ID] - [NAME] ([COMPANY]. [LOCATION])Service Request: File Share Access     Grant access to file share for the following user:  [NAME] ([COMPANY]. [LOCATION]) (Username: )  Access Type: (RW) Read / Write  File Share:  J:/[COMPANY]/HR/Lohnsteuerprüfung     Requestor: [NAME] ([COMPANY]. [LOCATION])  Comment:,Fileservice,Medium
1693,File Share Access - [TICKET ID] - [ADDRESS] ([COMPANY]A. [LOCATION]),Fileservice,Medium
246,Unable to email [NAME] [EMAIL],Support general,Medium
4595,File Share Access - [TICKET ID] - [NAME]Service Request: File Share Access     Grant access to file share for the following user:  [NAME] (Username: [USERNAME])  Access Type: (RW) Read / Write  File Share:  Hello I need Access to the following folder:   J:/[COMPANY]  Best regards. [NAME]     Requestor: [NAME]  Comment:  Hello I need access to the following order:  J:/[COMPANY]  Best regards. [NAME],Fileservice,Medium
1476,Remove File Share Access - [TICKET ID] - Pintos. [NAME] ([COMPANY]. [LOCATION]),Fileservice,Medium
1409,Decision for Order required: #[TICKET ID] - Install request,Software,Medium
2316,Shared Mailbox Access - [TICKET ID] - [EMAIL],Support general,Medium
9203,The following system must be set to End Of Life in Nexthink and checked for[LOCATION]reservations:  [SERVER]  -Automated ticket creation-Please remove the system from Nexthink according to the[LOCATION]process and please verify if any[LOCATION]reservations exist. If yes. please remove reservations and note down the corresponding IP(s) and inform [COMPANY] network team to remove firewall rules if there are any.,EOL,High
4800,File Share Access - [TICKET ID] - [NAME] ([COMPANY]. [LOCATION])Service Request: File Share Access     Grant access to file share for the following user:  [NAME] ([COMPANY]. [LOCATION]) (Username: [USERNAME])  Access Type: (RW) Read / Write  File Share:      J:/CE-STA/      please create the folder if it does not yet exist and give R/W access for this and all subfolders.        Requestor: [NAME] ([COMPANY]. [LOCATION])  Comment:,Fileservice,Medium
1880,Shared Mailbox Access - [ADDRESS] - [EMAIL],Support general,Medium
10406,ActiveDirectory Sites and Services needs to be adjusted for [LOCATION],Software,Medium
2192,Shared Mailbox Access - [TICKET ID] - [EMAIL],Support general,Medium
1154,[TICKET ID] - New Support Ticket received  - Install Dell[LOCATION]Connection,Support general,Medium
10581,[COMPANY] Logo on email signatures is not appropriately sized on return emails,Support general,Medium
855,[TICKET ID] - New Support Ticket received  - Mail en el Celular Samsung J7,Support general,Medium
2036,File Share Access - [TICKET ID] - [NAME] ([COMPANY]A. [LOCATION]),Fileservice,Medium
1651,File Share Access - [TICKET ID] - [NAME] ([COMPANY]A. [LOCATION]),Fileservice,Medium
1741,Shared Mailbox Access - [ADDRESS] - [EMAIL],Support general,Medium
2045,File Share Access - [TICKET ID] - [NAME] ([COMPANY]A. [LOCATION]),Fileservice,Medium
1762,File Share Access - [TICKET ID] - [NAME] ([COMPANY]A. [LOCATION]),Fileservice,Medium
777,[TICKET ID] - A Support Ticket was forwarded to your role  - No Access to [COMPANY] @All WebMag with Chrome,Support general,Medium
8214,Initiated by [COMPANY][LOCATION]- Vulnerable Internet Explorere on [SERVER],Software,Medium
1161,[TICKET ID] - New Support Ticket received  - very frequent crashes  of Google chrome browser,Software,Medium
10270,Initiated by GIT: Missing connection to all securitytools on system [LOCATION]-TMP03,Software,Medium
988,[TICKET ID] - New Support Ticket received  - no skype connection,O365,Medium
8652,files in ... J:/ZRPMEXIM/MB/BS_raw_data ... deleted by mistake ... backup of all file from that directory needed night 3-4.2.2020,Fileservice,Medium
919,[TICKET ID] - New Support Ticket received  - Garmin Install,Software,Medium
314,[TICKET ID] - New Support Ticket received  - Basis User - [USERNAME] - Peta. [NAME] ([COMPANY]. [LOCATION]),Support general,Medium
613,[TICKET ID] - New Support Ticket received  - Basis User - [USERNAME] - [NAME]. [NAME] ([COMPANY]. [LOCATION]),Support general,Medium
13763,Basis User - [USERNAME] - [NAME]. [NAME] ([COMPANY]. [LOCATION])Service Request: Basis User     Create Windows account for internal user  [USERNAME]. [NAME] ([COMPANY]. [LOCATION])     Firstname:  [NAME]  Lastname:  [NAME]  Cost Center:  44278  Company:  [COMPANY] Momont Recherche  Department:  [ADDRESS]  City:  [ADDRESS]  Country:    Office:       Important: Please set the EA10 to the following value: 11140 (leave blank. when empty)  Please create Exchange and Skype account.  The user needs at least the following access permissions:  Access to [SOFTWARE] ([SERVER])  Requestor:  [NAME] ([COMPANY]. [LOCATION])     Desired date:  Jan 10 2019 12:00AM     Additional information:,Support general,Medium
1830,Shared Mailbox Access - [ADDRESS] - [EMAIL],Support general,Medium
4056,eMail configuration for Salesforce,Support general,Medium
1542,Remove File Share Access - [TICKET ID] - [NAME] ([COMPANY]A. [LOCATION]),Fileservice,Medium
949,[TICKET ID] - New Support Ticket received  - Instalaçãoe permissão para utilizar o SID,Software,Medium
1067,[TICKET ID] - New Support Ticket received  - Bloqueio e cancelamento de usuário - Wanderson [NAME],Active Directory,Medium
1585,File Share Access - [TICKET ID] - [NAME] ([COMPANY]-[PASSWORD]. [LOCATION]),Fileservice,Medium
606,[TICKET ID] - A Support Ticket was forwarded to your role  - Create Shared Mailbox,O365,Medium
645,[TICKET ID] - New Support Ticket received  - Basis User - [USERNAME] -,Support general,Medium
1975,File Share Access - [TICKET ID] - [NAME] ([COMPANY]A. [LOCATION]),Fileservice,Medium
6245,DNS removal - [SERVER]4 & [SERVER]5Hi.  Could you please remove the following[LOCATION]records and any subsequent records (e.g. PTR):  - [SERVER]4.[COMPANY]up.ads.dir  - [SERVER]5.[COMPANY]up.ads.dir  Please do not go through [COMPANY] when this is done. I can validate this myself.  Thank you in advance.  [NAME],Support general,Medium
14299,The following system must be set to End Of Life in Nexthink and checked for[LOCATION]reservations:  [SERVER]  -Automated ticket creation-Please remove the system from Nexthink according to the[LOCATION]process and please verify if any[LOCATION]reservations exist. If yes. please remove reservations and note down the corresponding IP(s) and inform [COMPANY] network team to remove firewall rules if there are any.,EOL,High
1313,[TICKET ID] - check_mk SD Hostalarm: ([SERVER]) [COMPANY] LS Site2Site[LOCATION]- UP -> DOWN. Rückmeldungen erforderlich.,Support general,High
695,[TICKET ID] - A Support Ticket was forwarded to your role  - Wrong email address,O365,Medium
1235,[TICKET ID] - New Support Ticket received  - Computador Backup para Viagens,Support general,Medium
2046,Create Shared Mailbox - [EMAIL] - GTC-TX,Support general,Medium
9792,Light User - [USERNAME] -Service Request: Light User  Create Light user for      Firstname: [NAME]  Lastname: [NAME]  Cost Center: 47046  Company: [COMPANY] India Private Limited  Department: GIT-[ADDRESS]  ZIP: [ADDRESS]  City: [ADDRESS]  Country: Germany  Office:      Important: Please set the EA10 to the following value: [EMAIL] (leave blank. when empty)     Desired date: Aug 30 2018 12:00AM     Requestor: [NAME] ([COMPANY]. [LOCATION])     Additional information:,Active Directory,Medium
907,[TICKET ID] - New Support Ticket received  - Acesso VPN,Support general,Medium
3210,Forwarding Emails,Support general,Medium
16,urgent- cant receive mails from [EMAIL] into mailbox [EMAIL]we have to receive orders from our webshop [URL] in mailbox [EMAIL] from mailaddress [EMAIL]. unfortunately it seems like our system block all mails from [EMAIL].   Can you please approve this mail address urgently today. important because we need to make webshop tests before launching the webpage on Monday.    thanks. and please call me on [PHONE] if you have any questions. please also confirm to me asap this issue is solved.    [NAME],Support general,High
785,[TICKET ID] - New information received on closed ticket  - Criar acesso utilizando o Skype Meeting - Calendar,O365,Medium
5255,File Share Access - [TICKET ID] - [NAME] ([COMPANY]. [LOCATION])Service Request: File Share Access     Grant access to file share for the following user:  [NAME] ([COMPANY]. [LOCATION]) (Username: [USERNAME])  Access Type: (RW) Read / Write  File Share:  Please. provide me with assess to Server Link: GROUP (J:) with all relevant Folders and Dates. The same assess as by [NAME] ([COMPANY]. [LOCATION])     Requestor: [NAME] ([COMPANY]. [LOCATION])  Comment:,Fileservice,Medium
2489,access to [EMAIL],Support general,Medium
2304,Shared Mailbox Access - [TICKET ID] - [EMAIL],Support general,Medium
897,[TICKET ID] - New Support Ticket received  - outlook,O365,Medium
365,[TICKET ID] - New Support Ticket received  - [LOCATION]Eintrag für[LOCATION]Server,Support general,Medium
1846,File Share Access - [TICKET ID] - [NAME] ([COMPANY]A. [LOCATION]),Fileservice,Medium
1744,need access to public folder,Fileservice,Medium
1410,Decision for Order required: #[TICKET ID] - Install request,Software,Medium
9091,Acesso pastas da rede,Fileservice,Medium
2166,File Share Access - [TICKET ID] - [NAME] ([COMPANY]A. [LOCATION]),Fileservice,Medium
1635,File Share Access - [TICKET ID] - [NAME] ([COMPANY]A. External),Fileservice,Medium
1633,File Share Access - [TICKET ID] - [NAME] ([COMPANY]A. [LOCATION]),Fileservice,Medium
2035,File Share Access - [TICKET ID] - [NAME] ([COMPANY]A. [LOCATION]),Fileservice,Medium
654,[TICKET ID] - New Support Ticket received  - Basis User - [USERNAME] -,Support general,Medium
11543,Initiated by GIT: Missing connection to all securitytools on system [SERVER],Software,Medium
1769,Shared Mailbox Access - [AWS_ACCESS_KEY] - [EMAIL],Support general,Medium
1455,Please setup various site collections with template communication website (Thema) and map it to IMS-Hub.,Software,Medium
1827,File Share Access - [TICKET ID] - [NAME] ([COMPANY]A. [LOCATION]),Fileservice,Medium
1852,File Share Access - [TICKET ID] - [NAME] ([COMPANY]. [LOCATION]),Fileservice,Medium
1764,check_mk SD Hostalarm: ([SERVER]) [COMPANY] LS Site2Site[LOCATION]- UP -> DOWN,Support general,High
971,[TICKET ID] - New Support Ticket received  - Britos LapTop,Computer-Services,Medium
1178,[TICKET ID] - New Support Ticket received  - Skype audio/video,O365,Medium
7738,Instalação de Impresora,Computer-Services,Medium
3580,The following system must be set to End Of Life in Nexthink and checked for[LOCATION]reservations:  [SERVER]  -Automated ticket creation-Please remove the system from Nexthink according to the[LOCATION]process and please verify if any[LOCATION]reservations exist. If yes. please remove reservations and note down the corresponding IP(s) and inform [COMPANY] network team to remove firewall rules if there are any.,EOL,High
1554,File Share Access - [TICKET ID] - [NAME] ([COMPANY]-[PASSWORD]. [LOCATION]),Fileservice,Medium
1316,File Share Access - [TICKET ID] - [NAME] ([COMPANY]. [LOCATION])Service Request: File Share Access     Grant access to file share for the following user:  [NAME] ([COMPANY]. [LOCATION]) (Username: [USERNAME])  Access Type: (RW) Read / Write  File Share:  J:/LiveDok     Requestor: [NAME] ([COMPANY]. [LOCATION])  Comment:,Fileservice,Medium
2019,File Share Access - [TICKET ID] - [NAME] ([COMPANY]A. [LOCATION]),Fileservice,Medium
2312,File Share Access - [TICKET ID] - [NAME] ([COMPANY]A. [LOCATION]),Fileservice,Medium
1252,[TICKET ID] - New Support Ticket received  - configuracion de nuevo equipo,Support general,Medium
7100,Email encryption,Support general,Medium
1662,File Share Access - [TICKET ID] - [NAME] ([COMPANY]A. [LOCATION]),Fileservice,Medium
1246,[TICKET ID] - New Support Ticket received  - Caterpillar phone,Support general,Medium
639,[TICKET ID] - A Support Ticket was forwarded to your role  - Possibility to send emails from [EMAIL] on behalf of [EMAIL].,O365,Medium
5905,Replacement Printer Network Set up,Computer-Services,Medium
3248,Initiated by [COMPANY][LOCATION]- Vulnerable Internet Explorer on [SERVER],Software,Medium
1390,[TICKET ID] - New Support Ticket received  - problema con activacion de office,O365,Medium
618,[TICKET ID] - New information received on closed ticket  - File Share Access - [TICKET ID] - [NAME] ([COMPANY]. [LOCATION]),Fileservice,Medium
996,[TICKET ID] - New Support Ticket received  - Relatorio desconfigurado de credito devolução ao transferir para o excel,O365,Medium
1342,[TICKET ID] - New Support Ticket received  - Não está sendo possível entrar no Skype,O365,Medium
1062,[TICKET ID] - New Support Ticket received  - usuario bloqueado,Active Directory,Medium
992,[TICKET ID] - New Support Ticket received  - need to install printer drivers on my laptop using Covo printers,Computer-Services,Medium
2907,Acesso as Pastas da Rede,Fileservice,Medium
3972,Instalção de [COMPANY]ulo de segurança,Software,Medium
755,[TICKET ID] - New Support Ticket received  - Basis User - [USERNAME] - [NAME] ([COMPANY]. [LOCATION])  ,Support general,Medium
2231,Remove File Share Access - [TICKET ID] - [NAME] ([COMPANY]A. [LOCATION]),Fileservice,Medium
3433,The following system must be set to End Of Life in Nexthink and checked for[LOCATION]reservations:  [SERVER]  -Automated ticket creation-Please remove the system from Nexthink according to the[LOCATION]process and please verify if any[LOCATION]reservations exist. If yes. please remove reservations and note down the corresponding IP(s) and inform [COMPANY] network team to remove firewall rules if there are any.,EOL,High
8165,Configure DFS-RHello.  We will migrate the file server [SERVER] to [SERVER] tomorrow. Can you configure the DFS-R for this new server. please.  Kind Regards,Fileservice,Medium
11607,The following system must be set to End Of Life in Nexthink and checked for[LOCATION]reservations:  [SERVER]  -Automated ticket creation-Please remove the system from Nexthink according to the[LOCATION]process and please verify if any[LOCATION]reservations exist. If yes. please remove reservations and note down the corresponding IP(s) and inform [COMPANY] network team to remove firewall rules if there are any.,EOL,High
918,[TICKET ID] - New Support Ticket received  - Rede External,Support general,Medium
709,[PASSWORD] - A Support Ticket was forwarded to your role  -[LOCATION]Passwort Reset,Support general,Medium
2291,File Share Access - [TICKET ID] - [NAME] ([COMPANY]A. [LOCATION]),Fileservice,Medium
11419,E-mail Desconectado,Support general,Medium
5904,The following system must be set to End Of Life in Nexthink and checked for[LOCATION]reservations:  [SERVER]  -Automated ticket creation-Please remove the system from Nexthink according to the[LOCATION]process and please verify if any[LOCATION]reservations exist. If yes. please remove reservations and note down the corresponding IP(s) and inform [COMPANY] network team to remove firewall rules if there are any.,EOL,High
240,[TICKET ID] - New Support Ticket received  -[LOCATION]Change,Support general,Medium
958,[TICKET ID] - New Support Ticket received  - Skype Instável - Multiplos usuários,O365,Medium
768,[TICKET ID] - New Support Ticket received  - File Share Access - [TICKET ID] - [NAME] ([COMPANY]. [LOCATION])  ,Fileservice,Medium
1461,Questback[LOCATION](Sender Policy Framework),Software,Medium
488,Internet por cable lento. No conecta a internet explorer ni chrome,Support general,Medium
8761,Basis User - [TICKET ID] -Service Request: Basis User     Create Windows account for internal user       Firstname:  [NAME]  Lastname:  [USERNAME]  Cost Center:  174447  Company:    Department:  [LOCATION]  Street:    ZIP:    City:    Country:  [ADDRESS]  Office:       Important: Please set the EA10 to the following value: 13720 (leave blank. when empty)  Please create Exchange and Skype account.  The user needs at least the following access permissions:  (RW) H:/%username%  (RO) J:/Auftrag  (RW) J:/Info  (RW) J:/Transfer  (RO) J:/Vorlagen  Access to [COMPANY] intranet  Access to [SOFTWARE] ([SERVER])  Requestor:  [NAME] ([COMPANY]. [LOCATION])     Desired date:  Jan 31 2019 12:00AM     Additional information:   Starter 01.02.2019,Support general,Medium
1940,Create Shared Mailbox - [EMAIL] - Projektemail Adresse [EMAIL],Support general,Medium
1031,[TICKET ID] - New Support Ticket received  - Cannot access [COMPANY] intranet,Support general,Medium
1214,[TICKET ID] - A Support Ticket was forwarded to your role  - Initiated by [COMPANY][LOCATION]- Vulnerable Internet Explorer on [SERVER]-[NAME],Support general,Medium
6192,USB-C port not working,Computer-Services,Medium
5708,Initiated by [COMPANY][LOCATION]- Vulnerable Internet Explorere on [SERVER],Software,Medium
1050,[TICKET ID] - New Support Ticket received  - Ingreso a J desde notebook,Fileservice,Medium
2070,File Share Access - [TICKET ID] - [NAME] ([COMPANY]A. [LOCATION]),Fileservice,Medium
8397,Skype will not log inMy Skype will not log in today. I have tried restarting. [NAME] and [NAME] are having the same issue. Everyone else around us are not having this issue.,O365,Medium
10981,Access to N:/MA Stations,Fileservice,Medium
1249,[TICKET ID] - New Support Ticket received  - configuracion de nuevo equipo,Support general,Medium
11403,Synchronisierung Sharepoint funktioniert nicht,Software,Medium
1253,[TICKET ID] - New Support Ticket received  - configuracion de nuevo equipo,Support general,Medium
1938,Create Shared Mailbox - [EMAIL] -[LOCATION]Training,Support general,Medium
4434,instalação power bi PRO,O365,Medium
2281,File Share Access - [TICKET ID] - [NAME] ([COMPANY]A. [LOCATION]),Fileservice,Medium
1678,File Share Access - [TICKET ID] - [NAME] ([COMPANY]A. [LOCATION]),Fileservice,Medium
1366,[TICKET ID] - New Support Ticket received  - Skype login,O365,Medium
10002,File Share Access - [TICKET ID] - [NAME] ([COMPANY]. [LOCATION])Service Request: File Share Access     Grant access to file share for the following user:  [USERNAME]. [NAME] ([COMPANY]. [LOCATION]) (Username: [USERNAME])  Access Type: (RW) Read / Write  File Share:    J:/Receivables report    for the following entities     [COMPANY] [ADDRESS]   [COMPANY] Momont   [COMPANY] Momont Recherche   Razes Hybrides   [COMPANY] Mais France   [COMPANY] France   [COMPANY] Benelux   [COMPANY] Potato   [COMPANY] Scandinavia   [COMPANY] Suisse   [COMPANY] Türk   [COMPANY] Semillas   [COMPANY] UK   [COMPANY] Italy        Requestor: [NAME] ([COMPANY]. [LOCATION])  Comment:,Fileservice,Medium
7962,Access to igarage denied,Active Directory,Medium
1611,File Share Access - [TICKET ID] - [NAME] ([COMPANY]A. [LOCATION]),Fileservice,Medium
13717,File Share Access - [TICKET ID] - Portes [NAME] ([COMPANY]. [LOCATION])Service Request: File Share Access     Grant access to file share for the following user:  Portes [NAME] ([COMPANY]. [LOCATION]) (Username: [USERNAME])  Access Type: (RW) Read / Write  File Share:      N:/[SERVER]/STA-PGRO        R/W including all subfolders.         Requestor: [NAME] ([COMPANY]. [LOCATION])  Comment:,Fileservice,Medium
1795,File Share Access - [TICKET ID] - [NAME] (KWA. [LOCATION]),Fileservice,Medium
253,Initiated by [COMPANY][LOCATION]- Unsupported Firefox on [SERVER],Software,Medium
2159,File Share Access - [TICKET ID] - [NAME] ([COMPANY]A. [LOCATION]),Fileservice,Medium
934,[TICKET ID] - New Support Ticket received  - missing folders,Fileservice,Medium
1849,File Share Access - [TICKET ID] - [NAME] ([COMPANY]. [LOCATION]),Fileservice,Medium
7165,Acesso pastas e emails Crysmara,Fileservice,Medium
1492,File Share Access - [TICKET ID] - Knoll. Natali ([COMPANY]. [LOCATION]),Fileservice,Medium
2032,File Share Access - [TICKET ID] - [NAME] ([COMPANY]. [LOCATION]),Fileservice,Medium
1712,File Share Access - [TICKET ID] - [NAME] ([COMPANY]. [LOCATION]),Fileservice,Medium
1387,[TICKET ID] - New Support Ticket received  - reinstalacion computador,Support general,Medium
11462,Liberar acessos pasta Tesouraria,Fileservice,Medium
2129,Delete Shared Mailbox - [EMAIL] - [EMAIL]AMA. [LOCATION]),Support general,Medium
1486,File Share Access - [TICKET ID] - [NAME] ([COMPANY]. [LOCATION]),Fileservice,Medium
5671,Light User for external - [TICKET ID] - [USERNAME]. WojciechService Request: Light User for external  Create Light user for [USERNAME]. Wojciech     Firstname: [NAME]  Lastname: [NAME]ailaddress: [EMAIL]  Phone: [PHONE]  Cost Center: 47004  Function: Agentur Polen  Company: BizWebStudio  Department: [ADDRESS]-[ADDRESS]  ZIP: [ADDRESS]  City: [ADDRESS]  Country: [ADDRESS]  Location:[LOCATION] Office:   Expiration date: Jun 29 2019 11:00PM     Important: Please indicate in EA14 that it is an external user.     Requestor: [NAME]. [USERNAME] ([COMPANY]. [LOCATION])     Desired date: Dec 17 2018 12:00AM     Additional information:,Support general,Medium
1210,[TICKET ID] - New Support Ticket received  - [NAME] OUTLOOK [NAME] | URGENTE,O365,High
1946,File Share Access - [TICKET ID] - [NAME] ([COMPANY]. [LOCATION]),Fileservice,Medium
818,[TICKET ID] - A Support Ticket was forwarded to you  - Security Tools Aktualisierung und Entfernung der Festplatten Verschlüsselung auf den Systemen [SERVER],Support general,Medium
2051,File Share Access - [TICKET ID] - [NAME] ([COMPANY]!![COMPANY] Srbija. [LOCATION]),Fileservice,Medium
1529,File Share Access - [TICKET ID] - [NAME] ([COMPANY]A. [LOCATION]),Fileservice,Medium
757,[TICKET ID] - New Support Ticket received  - Basis User - [USERNAME] - [NAME] ([COMPANY]. [LOCATION])  ,Support general,Medium
2571,Instalacao Impressora Na Rede,Computer-Services,Medium
2069,File Share Access - [TICKET ID] - [NAME] ([COMPANY]A. [LOCATION]),Fileservice,Medium
1171,[TICKET ID] - New Support Ticket received  - enviar e_mail,O365,Medium
1396,[TICKET ID] - New Support Ticket received  - Error en correo,O365,Medium
1099,[TICKET ID] - New information received on closed ticket  - Name on desk phone,Support general,Medium
1146,[TICKET ID] - New Support Ticket received  -[LOCATION]program,Software,Medium
1838,Create Shared Mailbox - [EMAIL] - AR-[COMPANY],Support general,Medium
2285,File Share Access - [TICKET ID] - [NAME] ([COMPANY]A. [LOCATION]),Fileservice,Medium
1056,[TICKET ID] - A Support Ticket was forwarded to your role  - Não consigo abrir um site,Support general,Medium
1474,File Share Access - [TICKET ID] - [NAME] ([COMPANY]. [LOCATION]),Fileservice,Medium
5288,File Share Access - [TICKET ID] - [NAME] ([COMPANY]. [LOCATION])Service Request: File Share Access     Grant access to file share for the following user:  [USERNAME]. Patrice ([COMPANY]. [LOCATION]) (Username: [USERNAME])  Access Type: (RW) Read / Write  File Share:      J:/CE-STA/      please create the folder if it does not yet exist and give R/W access for this and all subfolders.        Requestor: [NAME] ([COMPANY]. [LOCATION])  Comment:,Fileservice,Medium
10887,Alterações em lista e-mail,Support general,Medium
7582,create[LOCATION]entry [SERVER]m.[COMPANY]up.ads.dir A [IP_ADDRESS]create[LOCATION]entry [SERVER]m.[COMPANY]up.ads.dir A [IP_ADDRESS],Support general,Medium
681,[TICKET ID] - New Support Ticket received  - Basis User - [USERNAME] -,Support general,Medium
2037,File Share Access - [TICKET ID] - [NAME] ([COMPANY]A. [LOCATION]),Fileservice,Medium
10523,Initiated by [COMPANY][LOCATION]- Missing Windows Updates on [LOCATION]-MON01,Software,Medium
2808,Basis User - [TICKET ID] - Rodrigues [NAME].[NAME]([COMPANY]. [LOCATION])Service Request: Basis User     Create Windows account for internal user  Rodrigues [NAME].[NAME]([COMPANY]. [LOCATION])     Firstname:  [NAME]  Lastname:  [NAME]  Cost Center:  44288  Company:  [COMPANY] S.A.  Department:  [COMPANY]_MA-LOG  Street:  [ADDRESS].  ZIP: [LOCATION][ADDRESS]  City:  [ADDRESS]  Country:  [ADDRESS]  Office:       Important: Please set the EA10 to the following value: 11589 (leave blank. when empty)  Please create Exchange and Skype account.  The user needs at least the following access permissions:  Access to [SOFTWARE] ([SERVER])  Requestor:  [NAME] ([COMPANY]. [LOCATION])     Desired date:  Jan 23 2019  3:00AM     Additional information:,Support general,Medium
1588,File Share Access - [TICKET ID] - [NAME] ([COMPANY]A. [LOCATION]),Fileservice,Medium
7895,The following system must be set to End Of Life in Nexthink and checked for[LOCATION]reservations:  [SERVER]  -Automated ticket creation-Please remove the system from Nexthink according to the[LOCATION]process and please verify if any[LOCATION]reservations exist. If yes. please remove reservations and note down the corresponding IP(s) and inform [COMPANY] network team to remove firewall rules if there are any.,EOL,High
2165,Remove unauthorized e-mail forwarding to external,Support general,Medium
2079,File Share Access - [TICKET ID] - [NAME] ([COMPANY]A. [LOCATION]),Fileservice,Medium
10403,Light User for external - [TICKET ID] - [NAME]. [NAME]Service Request: Light User for external  Create Light user for [NAME]. [NAME]     Firstname: [NAME]  Lastname: [NAME]ailaddress: [EMAIL]  Phone: [PHONE]  Cost Center: 47037  Function: [COMPANY][LOCATION]consultant for FI/CO  Company: [COMPANY] do [ADDRESS] Ltda.  Department: GIT-[ADDRESS]  ZIP: [ADDRESS]  City: [ADDRESS]  Country: [ADDRESS]  Location:[LOCATION] Office:   Expiration date: Not defined     Important: Please indicate in EA14 that it is an external user.     Requestor: [NAME] ([COMPANY]. [LOCATION])     Desired date: Dec 16 2018 12:00AM     Additional information:  New[LOCATION]Consultant [NAME] [NAME]. She will work together with [NAME] da Costa in [ADDRESS].,Support general,Medium
1632,Create Shared Mailbox - [EMAIL] - [EMAIL],Support general,Medium
2000,Shared Mailbox Access - [TICKET ID] - [EMAIL],Support general,Medium
976,[TICKET ID] - New Support Ticket received  - acesso,Active Directory,Medium
2221,Shared Mailbox Access - [PASSWORD] - [EMAIL],Support general,Medium
1543,File Share Access - [TICKET ID] - [NAME] ([COMPANY]. [LOCATION]),Fileservice,Medium
7176,File Share Access - [TICKET ID] - [NAME] ([COMPANY]. [LOCATION])Service Request: File Share Access     Grant access to file share for the following user:  [NAME] ([COMPANY]. [LOCATION]) (Username: [USERNAME])  Access Type: (RW) Read / Write  File Share:      J:/CE-STA/      please create the folder if it does not yet exist and give R/W access for this and all subfolders.        Requestor: [NAME] ([COMPANY]. [LOCATION])  Comment:,Fileservice,Medium
1759,Shared Mailbox Access - [ADDRESS] - [EMAIL],Support general,Medium
8981,Light User for external - [TICKET ID] - [NAME]Service Request: Light User for external  Create Light user for [USERNAME]     Firstname: [NAME]  Lastname: [NAME]ailaddress: [EMAIL]  Phone: [PHONE]  Cost Center: 32151  Function: Projektingenieur  Company: [COMPANY] Einsteinstr. 8. [ADDRESS]  Department: SB-[ADDRESS]  ZIP: [ADDRESS]  City: [ADDRESS]  Country: Germany  Location:[LOCATION] Office:   Expiration date: Not defined     Important: Please indicate in EA14 that it is an external user.     Requestor: [NAME] ([COMPANY]. [LOCATION])     Desired date: Jan  7 2019 12:00AM     Additional information:,Support general,Medium
9986, Site[LOCATION]não abre a vários dias - utilizando a ferramenta com o roteador do celularA vários dias a ferramenta da[LOCATION]não carrega em nenhum provedor - nem Chrome nem o Explorer.    Suporte da feramenta acionado e foi identificada lentidão ou demora de resposta no acesso da internet da [COMPANY].    Já estamos a mais de uma semana com o problema.    Para usar a ferramenta tenho que utilizar o celular corporativo como roteador. porém fico sem acesso do email e outras informações de rede quando faço isso.    Solicitamos reparo no serviço de internet do escritório.,Support general,Medium
1878,File Share Access - [TICKET ID] - [NAME] ([COMPANY]A. [LOCATION]),Fileservice,Medium
7983,File Share Access - [TICKET ID] - [USERNAME]. [NAME] ([COMPANY]. [LOCATION])Service Request: File Share Access     Grant access to file share for the following user:  [USERNAME]. [NAME] ([COMPANY]. [LOCATION]) (Username: [USERNAME])  Access Type: (RW) Read / Write  File Share:    Groups (J:/)     J:/CH-MAP   J:/CH-MAZ   J:/CH-ZRST   J:/CH-ÖFZ   J:/CH-ChZugang           Requestor: [NAME] ([COMPANY]. [LOCATION])  Comment:  Standort:[LOCATION]Container[LOCATION]1OG Raum11,Fileservice,Medium
2315,Shared Mailbox Access - [ADDRESS] - [EMAIL],Support general,Medium
3662,Initiated by [COMPANY][LOCATION]- Vulnerable Internet Explorer on [SERVER],Software,Medium
1885,File Share Access - [TICKET ID] - [NAME] ([COMPANY]. [LOCATION]),Fileservice,Medium
2310,Shared Mailbox Access - [TICKET ID] - [EMAIL],Support general,Medium
830,[TICKET ID] - New Support Ticket received  - Setup BB on mobile phone.,Support general,Medium
1030,[TICKET ID] - New Support Ticket received  - R Drive Permission,Fileservice,Medium
1184,[TICKET ID] - New Support Ticket received  - Update Rstudio,Software,Medium
5570,The following system must be set to End Of Life in Nexthink and checked for[LOCATION]reservations:  [SERVER]  -Automated ticket creation-Please remove the system from Nexthink according to the[LOCATION]process and please verify if any[LOCATION]reservations exist. If yes. please remove reservations and note down the corresponding IP(s) and inform [COMPANY] network team to remove firewall rules if there are any.,EOL,High
4585,File Share Access - [TICKET ID] - [NAME] ([COMPANY]. [LOCATION])Service Request: File Share Access     Grant access to file share for the following user:  [NAME] ([COMPANY]. [LOCATION]) (Username: [USERNAME])  Access Type: (RW) Read / Write  File Share:  J:/CDC-C     Requestor: [NAME] ([COMPANY]. [LOCATION])  Comment:  Frau [USERNAME] wird ab 7. Januar im Raum 2.36 ([ID] Flügel 4) als Azubi tätig werden. Entstehende Kosten zu Lasten 47006.,Fileservice,Medium
6936,The following system must be set to End Of Life in Nexthink and checked for[LOCATION]reservations:  [SERVER]  -Automated ticket creation-Please remove the system from Nexthink according to the[LOCATION]process and please verify if any[LOCATION]reservations exist. If yes. please remove reservations and note down the corresponding IP(s) and inform [COMPANY] network team to remove firewall rules if there are any.,EOL,High
655,[TICKET ID] - A Support Ticket was forwarded to your role  - Kein Zugriff mehr auf [COMPANY] Intranet. (OKTA-APP nicht zugewiesen),Software,Medium
1114,[TICKET ID] - A Support Ticket was forwarded to your role  - Initiated by [COMPANY][LOCATION]- Vulnerable Intel[LOCATION]on [SERVER],Support general,Medium
736,[TICKET ID] - New Support Ticket received  - Light User for external - [TICKET ID] - Everding. Florian,Support general,Medium
688,[TICKET ID] - New Support Ticket received  - File Share Access - [TICKET ID] - [NAME] ([COMPANY]. [LOCATION]),Fileservice,Medium
1360,[TICKET ID] - A Support Ticket was forwarded to your role  - Instalação Impressora,Computer-Services,Medium
979,[TICKET ID] - New Support Ticket received  - New account,Active Directory,Medium
900,[TICKET ID] - New Support Ticket received  - Celular sin mails,Support general,Medium
680,[TICKET ID] - New Support Ticket received  - Light User for external - [USERNAME] - [NAME],Support general,Medium
9439,Light User for external - [TICKET ID] - [NAME] Service Request: Light User for external  Create Light user for [NAME]     Firstname: [NAME]  Lastname: [NAME]ailaddress: [EMAIL]  Phone: [PHONE]  Cost Center: 47054  Function: IT Support  Company: [COMPANY] IT Services GmbH  Department: GIT-[ADDRESS]  ZIP: [ADDRESS]  City: [ADDRESS]  Country: [ADDRESS]  Location:[LOCATION] Office:   Expiration date: Feb  1 2020 12:00AM     Important: Please indicate in EA14 that it is an external user.     Requestor: [NAME] ([COMPANY]. [LOCATION])     Desired date: Feb  1 2019 12:00AM     Additional information:  Bitte den User als admuser im [COMPANY] AD anlegen. Vielen Dank!,Support general,Medium
761,[TICKET ID] - New Support Ticket received  - Basis User - [USERNAME] - [NAME] ([COMPANY]. [LOCATION]),Support general,Medium
1126,[TICKET ID] - New Support Ticket received  - [LightHouse] [SERVER] Updates,Support general,Medium
1299,[TICKET ID] - New Support Ticket received  - Reparos Telefone - A/C[LOCATION]FERRARI,Support general,Medium
5984,Cancelamento Usuário e Acessos [NAME]Por gentileza cancelar o usuário da [NAME] e criar o aliás no e-mail para [NAME] (segue anexo autorização).  Obrigada!,Active Directory,Medium
1018,[TICKET ID] - New Support Ticket received  - Instalação Parallels,Software,Medium
3626,Basis User - [TICKET ID] - [NAME] ([COMPANY]. [LOCATION])Service Request: Basis User     Create Windows account for internal user  [USERNAME] ([COMPANY]. [LOCATION])     Firstname:  [NAME]  Lastname:  [NAME]  Cost Center:  22006  Company:  [COMPANY] SE  Department:  RD-[ADDRESS]  ZIP:  [ADDRESS]  City:  [ADDRESS]  Country:  [ADDRESS]  Office:       Important: Please set the EA10 to the following value: 13747 (leave blank. when empty)  Please create Exchange and Skype account.  The user needs at least the following access permissions:  (RW) H:/%username%  (RO) J:/Auftrag  (RW) J:/Info  (RW) J:/Transfer  (RO) J:/Vorlagen  Access to [COMPANY] intranet  Access to [SOFTWARE] ([SERVER])  Requestor: [NAME] ([COMPANY]. [LOCATION])     Desired date:  Feb 11 2019 12:00AM     Additional information:,Support general,Medium
544,Basis User - [TICKET ID] - [NAME] ([COMPANY]. [LOCATION])Service Request: Basis User     Create Windows account for internal user  [NAME] ([COMPANY]. [LOCATION])     Firstname:  [NAME]  Lastname:  [NAME]  Cost Center:  79099  Company:  Kenfeng. [COMPANY] Seed Co.[LOCATION] Department:  [ADDRESS]  Street:    ZIP:    City:    Country:    Office: [LOCATION]    Important: Please set the EA10 to the following value: [EMAIL] (leave blank. when empty)  Please create Exchange and Skype account.  The user needs at least the following access permissions:  Access to [SOFTWARE] ([SERVER])  Requestor:  [NAME] ([COMPANY]. [LOCATION])     Desired date:  Jan 21 2019  5:00PM     Additional information:   Dear colleagues:  Create account please for new JV internal employee.  He is belong to [LOCATION]. His mailbox include @[EMAIL] and @[EMAIL] Thank you  First Name: [NAME]  Last Name: [NAME]  Gender: Male  Telephone:[PHONE]  Place: [ADDRESS]  ZIP: [ADDRESS]  Country: China  Company: KENFENG-[COMPANY][LOCATION]CO.. LTD.  Department : Production  Function: Production Manager,Support general,High
8983,reserva DHCPPoderia fazer uma reserva no DHCP? [LOCATION][MAC_ADDRESS]  é uma impressora.,Support general,Medium
8966,File Share Access - [TICKET ID] - [USERNAME]. Alissa ([COMPANY]. [LOCATION])Service Request: File Share Access     Grant access to file share for the following user:  [USERNAME]. Alissa ([COMPANY]. [LOCATION]) (Username: [USERNAME])  Access Type: (RO) Read only  File Share:      j:/PDW/TargetDB/       Normal   0               false   false   false      DE   EN-US   AR-SA                                             MicrosoftInternetExplorer4                                                                                                                                                                                                                                                                                                                                                                                                                                                                                                                                                                                                                                                                                                                                                                                                                                                                                                                                                                                                                                                                                                                                                                                                                                      Requestor: [NAME] ([COMPANY]. [LOCATION])  Comment:,Fileservice,Medium
1236,[TICKET ID] - New Support Ticket received  - Okta Verify Reset,Software,Medium
11374,File Share Access - [TICKET ID] - [USERNAME]. Maike ([COMPANY]. [LOCATION])Service Request: File Share Access     Grant access to file share for the following user:  [NAME] ([COMPANY]. [LOCATION]) (Username: [USERNAME])  Access Type: (RW) Read / Write  File Share:    Bitte für Frau [NAME]-Weiss den Vollzugriff auf J:/[SERVER] einrichten.   Danke.       Requestor: [NAME] ([COMPANY]. [LOCATION])  Comment:,Fileservice,Medium
1162,[TICKET ID] - New Support Ticket received  - One Drive constantly asks me to sign in again. blocking access to the documents Im working on.,O365,Medium
1379,[TICKET ID] - New Support Ticket received  - New installation of Blackberry work apps,Support general,Medium
6823,Basis User - [TICKET ID] - [USERNAME]. Pauline ([COMPANY]. [LOCATION])Service Request: Basis User     Create Windows account for internal user  [USERNAME] ([COMPANY]. [LOCATION])     Firstname:  [NAME]  Lastname:  [NAME]  Cost Center:  44257  Company:  [COMPANY] France S.A.R.L.  Department:  [COMPANY]_SB-P  Street:  n/a  ZIP:  [ADDRESS]  City:  [ADDRESS]  Country:    Office:       Important: Please set the EA10 to the following value: 11966 (leave blank. when empty)  Please create Exchange and Skype account.  The user needs at least the following access permissions:  Access to [SOFTWARE] ([SERVER])  Requestor:  [NAME] ([COMPANY]. [LOCATION])     Desired date:  Jan  7 2019 12:00AM     Additional information:,Support general,Medium
10268,File Share Access - [TICKET ID] - [NAME]. [NAME] ([COMPANY]. [LOCATION])Service Request: File Share Access     Grant access to file share for the following user:  [NAME]. [NAME] ([COMPANY]. [LOCATION]) (Username: [USERNAME])  Access Type: (RW) Read / Write  File Share:  J:[COMPANY]-TC     Requestor: [NAME] ([COMPANY]. [LOCATION])  Comment:,Fileservice,Medium
1051,[TICKET ID] - New Support Ticket received  - no accede a el mail,O365,Medium
1129,[TICKET ID] - A Support Ticket was forwarded to your role  - NTT-Ticket: [SERVER] Alert for cpe0013940 ([LOCATION]_ManuelOcampo) (Ping) -[LOCATION]Monitor [LOCATION]_ManuelOcampo [COMPANY] SE,Support general,Medium
1208,[TICKET ID] - New Support Ticket received  - desk phone not working properly for calls to and from [ADDRESS] office,Support general,Medium
1026,[TICKET ID] - New Support Ticket received  - Outlook Calendar not viewable,O365,Medium
5095,The following system must be set to End Of Life in Nexthink and checked for[LOCATION]reservations:  [SERVER]  -Automated ticket creation-Please remove the system from Nexthink according to the[LOCATION]process and please verify if any[LOCATION]reservations exist. If yes. please remove reservations and note down the corresponding IP(s) and inform [COMPANY] network team to remove firewall rules if there are any.,EOL,High
1399,[TICKET ID] - New Support Ticket received  - Cadastrar usuário + compra de equipamento -[LOCATION]13494 - [NAME],Active Directory,Medium
801,[TICKET ID] - New information received on closed ticket  - Initiated by [COMPANY][LOCATION]- Vulnerable[LOCATION]on [SERVER],Support general,Medium
1430,[TICKET ID] - Configure Windows account and additional services for [NAME] ([COMPANY]; [LOCATION]) (Order Request ID [TICKET ID]),Active Directory,Medium
6001,Basis User - [TICKET ID] - [USERNAME] ([COMPANY]. [LOCATION])Service Request: Basis User     Create Windows account for internal user  [USERNAME] ([COMPANY]. [LOCATION])     Firstname:  [NAME]  Lastname:  [NAME]  Cost Center:  174417  Company:  [COMPANY] Berlin GmbH  Department:  GFP-[ADDRESS]  ZIP:  [ADDRESS]  City:  [ADDRESS]  Country:  Germany  Office: [LOCATION]    Important: Please set the EA10 to the following value: 13563 (leave blank. when empty)  Please create Exchange and Skype account.  The user needs at least the following access permissions:  (RW) H:/%username%  (RO) J:/Auftrag  (RW) J:/Info  (RW) J:/Transfer  (RO) J:/Vorlagen  Access to [COMPANY] intranet  Access to [SOFTWARE] ([SERVER])  Requestor:  [NAME] ([COMPANY]. [LOCATION])     Desired date:  Jan  1 2019 12:00AM     Additional information:   Liebes [COMPANY]-Team.   Laptop. Bildschirm. Tastatur. Telefon. Headset bitte aus Gerätepool Berlin. falls vorhanden  Tastatur und Laptop bitte englische Tastatur   Danke,Support general,Medium
5791,File Share Access - [TICKET ID] - Herbst. [NAME] ([COMPANY]. [LOCATION])Service Request: File Share Access     Grant access to file share for the following user:  [NAME] ([COMPANY]. [LOCATION]) (Username: [USERNAME])  Access Type: (RW) Read / Write  File Share:    Bitte geben Sie Zugriff auf den Server [URL].    Ich muss Aktualisierungen von Vorlagen durchführen.    Der Zugriff eilt und wird dringend (!) benötigt.       Requestor: [NAME] ([COMPANY]. [LOCATION])  Comment:,Fileservice,Medium
6023,File Share Access - [TICKET ID] - [NAME] ([COMPANY]. [LOCATION])Service Request: File Share Access     Grant access to file share for the following user:  [NAME] ([COMPANY]. [LOCATION]) (Username: )  Access Type: (RO) Read only  File Share:  J:/KALENDER  J:/Prüfprotokolle  J:/Thermographie     Requestor: [NAME] ([COMPANY]. [LOCATION])  Comment:,Fileservice,Medium
1403,Acesso Pastas do Servidor,Fileservice,Medium
1355,[TICKET ID] - New Support Ticket received  - Skype.,O365,Medium
8316,File Share Access - [TICKET ID] - [USERNAME]. [NAME] ([COMPANY]. [LOCATION])Service Request: File Share Access     Grant access to file share for the following user:  [USERNAME]. [NAME] ([COMPANY]. [LOCATION]) (Username: [USERNAME])  Access Type: (RO) Read only  File Share:   J:/FAQ BTR_HR     Requestor: [NAME] ([COMPANY]. [LOCATION])  Comment:,Fileservice,Medium
11554,Light User for external - [TICKET ID] - [NAME]Service Request: Light User for external  Create Light user for [NAME]    Firstname: [NAME]  Lastname: [NAME]ailaddress: [EMAIL]  Phone: [PHONE]  Cost Center: 47050  Function:[LOCATION]Consultant WM  Company: BA Busness Advice GmbH  Department: GIT-[ADDRESS]  ZIP: [ADDRESS]  City: [ADDRESS]  Country: [ADDRESS]  Location:[LOCATION] Office:   Expiration date: Dec 31 2020 12:00AM     Important: Please indicate in EA14 that it is an external user.     Requestor: [NAME] ([COMPANY]. [LOCATION])     Desired date: Jan 14 2019 12:00AM     Additional information:,Support general,Medium
1132,[TICKET ID] - New Support Ticket received  - Conexão Internet [COMPANY],Support general,Medium
1233,[TICKET ID] - New Support Ticket received  - Roaming Internacional,Support general,Medium
828,[TICKET ID] - New Support Ticket received  - Certificado [NAME],Software,Medium
845,[TICKET ID] - New Support Ticket received  - unlock my personal external[LOCATION]drive,Computer-Services,Medium
1400,[TICKET ID] - New Support Ticket received  - [NAME] não consegue acessar seu computador,Active Directory,Medium
692,[TICKET ID] - New Support Ticket received  - File Share Access - [TICKET ID] - [NAME]. Okan ([COMPANY]. [LOCATION]),Fileservice,Medium
599,[TICKET ID] - New Support Ticket received  - Basis User - [USERNAME] - [NAME] ([COMPANY]. [LOCATION]),Support general,Medium
6996,The following system must be set to End Of Life in Nexthink and checked for[LOCATION]reservations:  [SERVER]  -Automated ticket creation-Please remove the system from Nexthink according to the[LOCATION]process and please verify if any[LOCATION]reservations exist. If yes. please remove reservations and note down the corresponding IP(s) and inform [COMPANY] network team to remove firewall rules if there are any.,EOL,High
1404,Acessos[LOCATION]para time TI [ADDRESS] America,Active Directory,Medium
11565,Basis User - [TICKET ID] - [NAME] ([COMPANY]. [LOCATION])Service Request: Basis User     Create Windows account for internal user  [NAME] ([COMPANY]. [LOCATION])     Firstname:  [NAME]  Lastname:  [NAME]  Cost Center:  44278  Company:  [COMPANY] Momont Recherche  Department:  [COMPANY]_BR-[ADDRESS]  City:  [ADDRESS]-Pévèle  Country:    Office:       Important: Please set the EA10 to the following value: 13005 (leave blank. when empty)  Please create Exchange and Skype account.  The user needs at least the following access permissions:  Access to [SOFTWARE] ([SERVER])  Requestor: [NAME] ([COMPANY]. [LOCATION])     Desired date:  Dec 17 2018 12:00AM     Additional information:,Support general,Medium
1155,[TICKET ID] - New Support Ticket received  - Create user. corporate access and email account for new employee [USERNAME].[LOCATION]ID n° 13413,Active Directory,Medium
13750,The following system must be set to End Of Life in Nexthink and checked for[LOCATION]reservations:  [SERVER]  -Automated ticket creation-Please remove the system from Nexthink according to the[LOCATION]process and please verify if any[LOCATION]reservations exist. If yes. please remove reservations and note down the corresponding IP(s) and inform [COMPANY] network team to remove firewall rules if there are any.,EOL,High
1335,[TICKET ID] - New Support Ticket received  - Skype and OneNote issue,O365,Medium
7364,File Share Access - [TICKET ID] - [NAME] ([COMPANY]. [LOCATION])Service Request: File Share Access     Grant access to file share for the following user:  [NAME] ([COMPANY]. [LOCATION]) (Username: [USERNAME])  Access Type: (RW) Read / Write  File Share:      J:/CE-STA/      please create the folder if it does not yet exist and give R/W access for this and all subfolders.        Requestor: [NAME] ([COMPANY]. [LOCATION])  Comment:,Fileservice,Medium
607,[TICKET ID] - A Support Ticket was forwarded to your role  - Leaving Employee - [TICKET ID] - [ADDRESS]. [NAME] ([COMPANY]. [LOCATION]),Support general,Medium
8320,File Share Access - [TICKET ID] - [NAME] ([COMPANY]. [LOCATION])Service Request: File Share Access     Grant access to file share for the following user:  [NAME] ([COMPANY]. [LOCATION]) (Username: [USERNAME])  Access Type: (RW) Read / Write  File Share:      Guten morgen zusammen.        könnten Sie mir bitte den Zugriff auf folgende Ordner einrichten?:            J:/HR_[SERVER]  J:/HR_[SERVER]  J:/HR_FRM-WBH  J:/PW-INSBB    Vielen dank im Voraus.                Normal   0         21         false   false   false      DE   X-NONE   X-NONE                                             MicrosoftInternetExplorer4                                                                                                                                                                                                                                                                                                                                                                                                                                                                                                                                                                                                                                                                                                                                                                                                                                                                                                                                                                                                                                                                                                                                                                                                                                      Requestor: [NAME] ([COMPANY]. [LOCATION])  Comment:,Fileservice,Medium
13779,File Share Access - [TICKET ID] - [NAME] ([COMPANY]. [LOCATION])Service Request: File Share Access     Grant access to file share for the following user:  [NAME] ([COMPANY]. [LOCATION]) (Username: [USERNAME])  Access Type: (RW) Read / Write  File Share:    Bitte Zugriff auf Laufwerk J:/ auf folgende Ordner einrichten:   Scan-Funktion auf Kopierer   Zugriff auf das Programm Zedal einrichten. Hat Herr Märting auch auf seinen PC:    [SERVER]   TOM_DOKU       Requestor: [NAME] ([COMPANY]. [LOCATION])  Comment:,Fileservice,Medium
518,[TICKET ID] - A Support Ticket was forwarded to your role  - Leaving Employee - [TICKET ID] - [NAME] ([COMPANY]. [LOCATION]),Support general,Medium
11470,File Share Access - [TICKET ID] - [USERNAME]. ([COMPANY]. [LOCATION])Service Request: File Share Access     Grant access to file share for the following user:  [USERNAME]. ([COMPANY]. [LOCATION]) (Username: [USERNAME])  Access Type: (RW) Read / Write  File Share:  j:/stundenbuecher     Requestor: [NAME] ([COMPANY]. [LOCATION])  Comment:,Fileservice,Medium
1150,[TICKET ID] - New Support Ticket received  - Software Installation,Software,Medium
911,[TICKET ID] - [SERVER][LOCATION]- Emergency Maintenance - 2018-8-31. 02:00[LOCATION]| cpe0004630 ([LOCATION]_Balcarce) | cpe0007405 ([LOCATION]_SaoPaulo) | cpe0008460 ([LOCATION]_PatosDeMinas) [COMPANY] SE. Rückmeldungen erforderlich.,Support general,Medium
4269,File Share Access - [TICKET ID] - [NAME] ([COMPANY]. [LOCATION])Service Request: File Share Access     Grant access to file share for the following user:  [NAME] ([COMPANY]. [LOCATION]) (Username: [USERNAME])  Access Type: (RW) Read / Write  File Share:              J:/E-CAD       Requestor: [NAME] ([COMPANY]. [LOCATION])  Comment:  Sehr geehrte Damen und Herrn.  ich benötige den Zugriff für den Ordner E-CAD der sich auf dem Laufwerk J befindet.  Vielen Dank [NAME] [NAME],Fileservice,Medium
14020,File Share Access - [TICKET ID] - [USERNAME]. Manfred ([COMPANY]. [LOCATION])Service Request: File Share Access     Grant access to file share for the following user:  [USERNAME]. Manfred ([COMPANY]. [LOCATION]) (Username: [USERNAME])  Access Type: (RW) Read / Write  File Share:    Bitte für unseren Auszubildenden [NAME]    [SERVER]   Zugriff auf das Laufwerk J:/ECAD   einrichten !       Requestor: [NAME] ([COMPANY]. [LOCATION])  Comment:,Fileservice,Medium
888,[TICKET ID] - New Support Ticket received  - acesso,Active Directory,Medium
908,[TICKET ID] - New Support Ticket received  -  [NAME] ao acessar o Neoagro,Software,Medium
1055,[TICKET ID] - New Support Ticket received  - Banco do Brasil não entra. gerente pediu para formatar,Software,Medium
1310,[TICKET ID] - New Support Ticket received  - Problemas con la impresora de etiquetas,Computer-Services,Medium
594,[TICKET ID] - A Support Ticket was forwarded to your role  - Remove attachements from E-Mails from external,O365,Medium
711,[TICKET ID] - New Support Ticket received  - Remove File Share Access - [TICKET ID] - [NAME] ([COMPANY]. [LOCATION]),Fileservice,Medium
4306,Basis User - [TICKET ID] -Service Request: Basis User     Create Windows account for internal user       Firstname:  [NAME]  Lastname:  [NAME]  Cost Center:  44251  Company:  [COMPANY]  Department:  [COMPANY]OP  Street:  [ADDRESS]  ZIP:  [ADDRESS]  City:  [ADDRESS]  Country:  [ADDRESS]  Office:       Important: Please set the EA10 to the following value: [EMAIL] (leave blank. when empty)  Please create Exchange and Skype account.  The user needs at least the following access permissions:  Access to [SOFTWARE] ([SERVER])  Requestor:  [NAME] ([COMPANY]. [LOCATION])     Desired date:  Sep 19 2018  7:00AM     Additional information:   Please setup[LOCATION]user starts today.  Old ticket [TICKET ID].,Active Directory,Medium
1052,[TICKET ID] - New Support Ticket received  -[LOCATION]Phone Work App Crashing. Request new Certificate,Support general,Medium
1061,[TICKET ID] - New Support Ticket received  - Telefone está mudo,Support general,Medium
1063,[TICKET ID] - Reminder of paused Support Ticket  - Initiated by [COMPANY][LOCATION]- Vulnerable[LOCATION]on [SERVER],Support general,Medium
1049,[TICKET ID] - A Support Ticket was forwarded to you  - Ingreso a J desde notebook,Fileservice,Medium
1039,[TICKET ID] - New Support Ticket received  - Install new printer driver,Computer-Services,Medium
832,[TICKET ID] - New Support Ticket received  - santiago [NAME] no puede ingresar a office 365,O365,Medium
5950,Light User for external - [TICKET ID] - [NAME]. SatishService Request: Light User for external  Create Light user for [USERNAME]     Firstname: [NAME]  Lastname: [NAME]ailaddress: [EMAIL]  Phone: [PHONE]  Cost Center: 47046  Function: [COMPANY][LOCATION]consultant in service desk (dispatching)  Company: [COMPANY][LOCATION]India Private Limited  Department: GIT-EST  [ADDRESS]  ZIP: [ADDRESS]  City: [ADDRESS]  Country: [ADDRESS]  Location:[LOCATION] Office:   Expiration date: Not defined     Important: Please indicate in EA14 that it is an external user.     Requestor: [NAME] ([COMPANY]. [LOCATION])     Desired date: Jan 10 2019 12:00AM     Additional information:  3 new [COMPANY] service desk consultants replacing present service desk consultants [NAME] and [NAME] who will move to security[LOCATION]team. as they have upgraded their skill sets and they can help existing team.  Approver = [NAME],Support general,Medium
1197,[TICKET ID] - New Support Ticket received  - trouble connecting to network printer,Computer-Services,Medium
763,[TICKET ID] - New Support Ticket received  - Basis User - [USERNAME] - [NAME] ([COMPANY]. [LOCATION]),Support general,Medium
766,[TICKET ID] - New Support Ticket received  - Basis User - [USERNAME] - [USERNAME]. Birgit ([COMPANY]. [LOCATION]),Support general,Medium
1201,[TICKET ID] - New Support Ticket received  - BitLocker lockout notice - [NAME],Software,Medium
11459,Basis User - [TICKET ID] - [NAME] ([COMPANY]. [LOCATION])Service Request: Basis User     Create Windows account for internal user  [NAME] ([COMPANY]. [LOCATION])     Firstname:  [NAME]  Lastname:  Skidnova  Cost Center:  174439  Company:  [COMPANY] Berlin GmbH  Department:  GTC-[ADDRESS]  ZIP:  [ADDRESS]  City:  [ADDRESS]  Country:  Germany  Office:       Important: Please set the EA10 to the following value: 13615 (leave blank. when empty)  Please create Exchange and Skype account.  The user needs at least the following access permissions:  (RW) H:/%username%  (RO) J:/Auftrag  (RW) J:/Info  (RW) J:/Transfer  (RO) J:/Vorlagen  Access to [COMPANY] intranet  Access to [SOFTWARE] ([SERVER])  Requestor:  [NAME] ([COMPANY]. [LOCATION])     Desired date:  Jan 15 2019 12:00AM     Additional information:    [NAME] [COMPANY]-Team.   Laptop. Bildschirm. Tastatur. Telefon. Headset bitte aus Gerätepool Berlin. falls vorhanden  Tastatur und Laptop bitte englische Tastatur  danke,Support general,Medium
1265,[TICKET ID] - New Support Ticket received  - Cancelamento Usuário e Acessos [NAME],Active Directory,Medium
7892,Light User for external - [TICKET ID] - [USERNAME]. [NAME]Service Request: Light User for external  Create Light user for [USERNAME]. [NAME]     Firstname: [NAME]  Lastname: [NAME]ailaddress: [EMAIL]  Phone: [PHONE]  Cost Center: 47046  Function: [COMPANY][LOCATION]consultant in service desk (dispatching)  Company: [COMPANY][LOCATION]India Private Limited  Department: GIT-EST  [ADDRESS]: [ADDRESS]  ZIP: [ADDRESS]  City: [ADDRESS]  Country: [ADDRESS]  Location:[LOCATION] Office:   Expiration date: Not defined     Important: Please indicate in EA14 that it is an external user.     Requestor: [NAME] ([COMPANY]. [LOCATION])     Desired date: Jan 10 2019 12:00AM     Additional information:  3 new [COMPANY] service desk consultants replacing present service desk consultants [NAME] and [NAME] who will move to security[LOCATION]team. as they have upgraded their skill sets and they can help existing team.  Approver = Jens Schwetje,Support general,Medium
7236,Basis User - [TICKET ID] - [NAME] ([COMPANY]. [LOCATION])Service Request: Basis User     Create Windows account for internal user  [USERNAME]. [NAME] ([COMPANY]. [LOCATION])     Firstname:  [NAME]  Lastname:  [NAME]  Cost Center:  22010  Company:  [COMPANY] SE  Department:  BR-BS-[ADDRESS]  ZIP:  [ADDRESS]  City:  [ADDRESS]  Country:  [ADDRESS]  Office:       Important: Please set the EA10 to the following value: 13608 (leave blank. when empty)  Please create Exchange and Skype account.  The user needs at least the following access permissions:  (RW) H:/%username%  (RO) J:/Auftrag  (RW) J:/Info  (RW) J:/Transfer  (RO) J:/Vorlagen  Access to [COMPANY] intranet  Access to [SOFTWARE] ([SERVER])  Requestor:  [NAME] ([COMPANY]. [LOCATION])     Desired date:  Jan  9 2019 12:00AM     Additional information:,Support general,Medium
1325,[TICKET ID] - A Support Ticket was forwarded to you  - Skype not working in Several computers,O365,Medium
635,[TICKET ID] - New Support Ticket received  - Basis User - [USERNAME] -,Support general,Medium
895,[TICKET ID] - New Support Ticket received  - problemas ingreso a [NAME],Software,Medium
5843,File Share Access - [TICKET ID] -Service Request: File Share Access     Grant access to file share for the following user:   (Username: )  Access Type: (RW) Read / Write  File Share:    j:/MAZ-MATE   j:/MAZ-MB   j:/MBCALC   j:/MBDATA   j:/Transfer       Requestor: [NAME] ([COMPANY]. [LOCATION])  Comment:,Fileservice,Medium
1337,[TICKET ID] - New Support Ticket received  - Skype for Business does not work,O365,Medium
3375,File Share Access - [TICKET ID] - Hass Neto. Carlos ([COMPANY]. [LOCATION])Service Request: File Share Access     Grant access to file share for the following user:  Hass Neto. Carlos ([COMPANY]. [LOCATION]) (Username: [USERNAME])  Access Type: (RW) Read / Write  File Share:      N:/[SERVER]/STA-PGRO        R/W including all subfolders.         Requestor: [NAME] ([COMPANY]. [LOCATION])  Comment:,Fileservice,Medium
817,[TICKET ID] - A Support Ticket was forwarded to you  - Security Tools Aktualisierung und Entfernung der Festplatten Verschlüsselung auf den Systemen [SERVER],Support general,Medium
9766,Light User for external - [TICKET ID] - [NAME]. FelipeService Request: Light User for external  Create Light user for [NAME].      Firstname: [NAME]  Lastname: [NAME] Pinto  Mailaddress: [EMAIL]  Phone: [PHONE]  Cost Center: 47045  Function: [COMPANY][LOCATION]consultant for MM  Company: [COMPANY] do Brasil Ltda.  Department: GIT-ESC  [ADDRESS]  ZIP: [ADDRESS]  City: [ADDRESS]  Country: [ADDRESS]  Location:[LOCATION] Office:   Expiration date: Not defined     Important: Please indicate in EA14 that it is an external user.     Requestor: [NAME] ([COMPANY] [LOCATION])     Desired date: Dec 20 2018 12:00AM     Additional information:  New [COMPANY][LOCATION]consultant for [NAME],Support general,Medium
9297,File Share Access - [TICKET ID] - [NAME] ([COMPANY]. [LOCATION])Service Request: File Share Access     Grant access to file share for the following user:  [USERNAME]. [NAME] ([COMPANY]. [LOCATION]) (Username: [USERNAME])  Access Type: (RW) Read / Write  File Share:      J:/CE-STA/      please create the folder if it does not yet exist and give R/W access for this and all subfolders.        Requestor: [NAME] ([COMPANY]. [LOCATION])  Comment:,Fileservice,Medium
5727,File Share Access - [TICKET ID] - [NAME] ([COMPANY]. [LOCATION])Service Request: File Share Access     Grant access to file share for the following user:  [NAME] ([COMPANY]. [LOCATION]) (Username: )  Access Type: (RW) Read / Write  File Share:    J:/GE-SB   J:/MolTec   J:/Geldokumentation       Requestor: [NAME] ([COMPANY]. [LOCATION])  Comment:,Fileservice,Medium
1303,[TICKET ID] - New Support Ticket received  - Cannot print to new copier in KIM,Computer-Services,Medium
1447,usu�rio��bloqueado,Active Directory,Medium
658,[TICKET ID] - New Support Ticket received  - File Share Access - [TICKET ID] - [NAME]. [NAME] ([COMPANY]. [LOCATION]),Fileservice,Medium
3479,Light User for external - [TICKET ID] -  [NAME]Service Request: Light User for external  Create Light user for  [USERNAME]                       . [NAME]     Firstname: [NAME]  Lastname:  [NAME]                         Mailaddress: [EMAIL]                           Phone: [PHONE]                                              Cost Center: 32151  Function: Support  Company: ProLeiT [ADDRESS]. 8. [ADDRESS]  Department: SB-[ADDRESS]: [ADDRESS]  ZIP: [ADDRESS]  City: [ADDRESS]  Country: Germany  Location:[LOCATION] Office:   Expiration date: Not defined     Important: Please indicate in EA14 that it is an external user.     Requestor: [NAME] ([COMPANY]. [LOCATION])     Desired date: Jan  8 2019 12:00AM     Additional information:,Support general,Medium
10538,File Share Access - [TICKET ID] - [USERNAME]. Felix (External. [LOCATION])Service Request: File Share Access     Grant access to file share for the following user:  [USERNAME]. Felix (External. [LOCATION]) (Username: [USERNAME])  Access Type: (RW) Read / Write  File Share:    J:/LTR;    J:/Projekte;    AD Gruppe Project_Manager_TP im[LOCATION]Projekt Management Portal TP       Requestor: [NAME] ([COMPANY]. [LOCATION])  Comment:,Fileservice,Medium
1097,[TICKET ID] - A Support Ticket was forwarded to you  - Problemas Outlook,O365,Medium
6961,The following system must be set to End Of Life in Nexthink and checked for[LOCATION]reservations:  [SERVER]  -Automated ticket creation-Please remove the system from Nexthink according to the[LOCATION]process and please verify if any[LOCATION]reservations exist. If yes. please remove reservations and note down the corresponding IP(s) and inform [COMPANY] network team to remove firewall rules if there are any.,EOL,High
885,[TICKET ID] - New Support Ticket received  - activacion[LOCATION]equipo [SERVER],Support general,Medium
9029,File Share Access - [TICKET ID] - [NAME] ([COMPANY]. [LOCATION])Service Request: File Share Access     Grant access to file share for the following user:  [NAME] ([COMPANY]. [LOCATION]) (Username: [USERNAME])  Access Type: (RW) Read / Write  File Share:      N:/[SERVER]/STA-LEM    N:/[SERVER]/STA-CAM    N:/[SERVER]/STA-[LOCATION]    N:/[SERVER]/STA-PGRO        R/W including all subfolders.         Requestor: [NAME] ([COMPANY]. [LOCATION])  Comment:,Fileservice,Medium
1186,[TICKET ID] - A Support Ticket was forwarded to your role  - check_mk SD Hostalarm: ([SERVER]) [COMPANY] LS Site2Site[LOCATION]- UP -> DOWN,Support general,High
10358,Light User for external - [TICKET ID] - [USERNAME]. [NAME]Service Request: Light User for external  Create Light user for [USERNAME]     Firstname: [NAME]  Lastname: [NAME]ailaddress: [EMAIL]  Phone: [PHONE]  Cost Center: 47037  Function: Externer Berater  Company: [COMPANY] Consulting GmbH  Department: [ADDRESS]-[ADDRESS]  ZIP: [ADDRESS]  City: [ADDRESS]  Country: [ADDRESS]  Location:[LOCATION] Office:   Expiration date: Aug 30 2019 11:00PM     Important: Please indicate in EA14 that it is an external user.     Requestor: [USERNAME] ([COMPANY]. [LOCATION])     Desired date: Jan 21 2019 12:00AM     Additional information:,Support general,Medium
1229,[TICKET ID] - New Support Ticket received  - Internet Celular,Support general,Medium
822,[TICKET ID] - New Support Ticket received  - Habilitar Base Discovery,Software,Medium
5316,Cancelamento Usuário e Acessos [NAME]. Por gentileza efetuar o cancelamento do usuário de [NAME].  Obrigada!,Active Directory,Medium
1365,[TICKET ID] - New Support Ticket received  - Install new printer in [NAME]s office,Computer-Services,Medium
8407,File Share Access - [TICKET ID] - [NAME] ([COMPANY]. [LOCATION])Service Request: File Share Access     Grant access to file share for the following user:  [NAME] ([COMPANY]. [LOCATION]) (Username: [USERNAME])  Access Type: (RW) Read / Write  File Share:  J:/[COMPANY]/IT       Requestor: [NAME] ([COMPANY]. [LOCATION])  Comment:,Fileservice,Medium
1168,[TICKET ID] - A Support Ticket was forwarded to you  - RES: Order Provisioned: #[TICKET ID] - Install request for Soares. [NAME],Support general,Medium
14058,Criação de um e-mail para o ESHBoa tarde!        Gostaria de que fosse criado um endereço de e-mail para o envio de informção da área de ESH. o Endereço poderia ser[LOCATION]Comunica ou[LOCATION]Brasil.        Esse e-mail deverá ser administrado da minha máquina e da máquina do [NAME].        Seria possivel?        Obrigada    [NAME],O365,Medium
2939,Acesso de Pasta[NAME]. boa tarde.        Por gentileza. você poderia me conceder acesso a pasta do [NAME] conforme o e-mail de solicitação dele.        Obrigado.,Fileservice,Medium
8682,Basis User - [TICKET ID] - [NAME] ([COMPANY]. [LOCATION])Service Request: Basis User     Create Windows account for internal user  [NAME] ([COMPANY]. [LOCATION])     Firstname:  [NAME]  Lastname:  [NAME]  Cost Center:  22006  Company:  [COMPANY] SE  Department:  RD-[ADDRESS]  ZIP:  [ADDRESS]  City:  [ADDRESS]  Country:  [ADDRESS]  Office:       Important: Please set the EA10 to the following value: 13424 (leave blank. when empty)  Please create Exchange and Skype account.  The user needs at least the following access permissions:  (RW) H:/%username%  (RO) J:/Auftrag  (RW) J:/Info  (RW) J:/Transfer  (RO) J:/Vorlagen  Access to [COMPANY] intranet  Access to [SOFTWARE] ([SERVER])  Requestor:  [NAME] ([COMPANY]. [LOCATION])     Desired date:  Oct  5 2018 12:00AM     Additional information:,Active Directory,Medium
9617,File Share Access - [TICKET ID] - [NAME] ([COMPANY]. [LOCATION])Service Request: File Share Access     Grant access to file share for the following user:  Lueders.[NAME]([COMPANY]. [LOCATION]) (Username: [USERNAME])  Access Type: (RW) Read / Write  File Share:  Groups (J:) SB-PM     Requestor: [NAME] ([COMPANY]. [LOCATION])  Comment:,Fileservice,Medium
11410,Leaving Employee - [TICKET ID] - [NAME] (AMA. [LOCATION])Service Request: Leaving Employee     The user [NAME] (AMA. [LOCATION]) (Username: [USERNAME]) is going to leave [COMPANY] on Aug  9 2018 12:00AM.     The following IT services have to be canceled:  - Delete Windows account (Active Directory)  - Delete E-Mail account (Exchange)  - Return Hardware  - Return mobile device  - Delete[NAME]account  - Disable[LOCATION]access  - Disable Citrix access  - Disable file access  - Withdraw Adobe licenses     Requestor: Kleineheinrich. Constanze (AMA. [LOCATION])  Leaving date: Aug  9 2018 12:00AM  Comment:,Active Directory,Medium
10556,Light User for external - [TICKET ID] - [NAME]. [NAME]Service Request: Light User for external  Create Light user for [NAME]     Firstname: [NAME]  Lastname: [NAME]ailaddress: [EMAIL]  Phone: [PHONE]   Cost Center: 47037  Function: Consultant[LOCATION] Company: [COMPANY] Multimedia Solutions GmbH   Department: GIT-[ADDRESS]  ZIP: [ADDRESS]  City: [ADDRESS]  Country: [ADDRESS]  Location:[LOCATION] Office:   Expiration date: Jan 28 2020 12:00AM     Important: Please indicate in EA14 that it is an external user.     Requestor: [NAME] ([COMPANY]. [LOCATION])     Desired date: Jan 28 2019 12:00AM     Additional information:,Support general,Medium
920,[TICKET ID] - New Support Ticket received  - reconfiguración de mi teléfono corporativo.,Support general,Medium
5156,File Share Access - [TICKET ID] - [NAME] ([COMPANY]. [LOCATION])Service Request: File Share Access    Grant access to file share for the following user:  [NAME] ([COMPANY]. [LOCATION]) (Username: [USERNAME])    Access Type: (RW) Read / Write    File Share:       Please create access to the following file server:    //[COMPANY].ads.dir/[COMPANY]-ems01/[LOCATION]/Groups/ESBA      Requestor: [NAME] ([COMPANY]. [LOCATION])    Comment:,Fileservice,Medium
936,[TICKET ID] - New Support Ticket received  - Can not delete a file in Access so I can update inventory,Support general,Medium
1045,[TICKET ID] - A Support Ticket was forwarded to your role  - Citrix credentials missing,Software,Medium
388,File Share Access - [TICKET ID] - [USERNAME] ([COMPANY]. [LOCATION])Service Request: File Share Access     Grant access to file share for the following user:  [USERNAME]. Ralf ([COMPANY]. [LOCATION]) (Username: [USERNAME])  Access Type: (RW) Read / Write  File Share:  j:/[NAME]     Requestor: [NAME] ([COMPANY]. [LOCATION])  Comment:,Fileservice,Medium
7548,File Share Access - [TICKET ID] - [USERNAME]. [NAME] ([COMPANY]. [LOCATION])Service Request: File Share Access     Grant access to file share for the following user:  [USERNAME]. Wilm ([COMPANY]. [LOCATION]) (Username: [USERNAME])  Access Type: (RW) Read / Write  File Share:    User should have access to    J:/ZR-VVM   but he may not be able to access the folder!!!   J:/ZR-VVM/Statistics               Requestor: [NAME] ([COMPANY]. [LOCATION])  Comment:,Fileservice,Medium
631,[TICKET ID] - New Support Ticket received  - Create[LOCATION]entry [COMPANY].ads.dir,Support general,Medium
9344,The following system must be set to End Of Life in Nexthink and checked for[LOCATION]reservations:  [SERVER]  -Automated ticket creation-Please remove the system from Nexthink according to the[LOCATION]process and please verify if any[LOCATION]reservations exist. If yes. please remove reservations and note down the corresponding IP(s) and inform [COMPANY] network team to remove firewall rules if there are any.,EOL,High
1016,[TICKET ID] - A Support Ticket was forwarded to your role  - check_mk SD Hostalarm: ([SERVER]) [COMPANY] LS Site2Site[LOCATION]- UP -> DOWN,Support general,High
703,[TICKET ID] - A Support Ticket was forwarded to your role  - eMail Verschlüsselung,O365,Medium
799,[TICKET ID] - New information received on closed ticket  - Initiated by [COMPANY][LOCATION]- Vulnerable[LOCATION]on [SERVER],Support general,Medium
677,[TICKET ID] - New Support Ticket received  - Basis User - [USERNAME] -,Support general,Medium
772,[TICKET ID] - A Support Ticket was forwarded to you  - Files from Outlook/Shared drive taking 4-5 minutes to open,O365,Medium
1369,[TICKET ID] - New Support Ticket received  - Erro ao entrar no Skype for Business,O365,Medium
952,[PASSWORD] - New Support Ticket received  - Forgotten iPhone Passcode,Support general,Medium
1204,[TICKET ID] - New Support Ticket received  - Install R Suite,Software,Medium
496,File Share Access - [TICKET ID] -Service Request: File Share Access     Grant access to file share for the following user:   (Username: )  Access Type: (RW) Read / Write  File Share:  J:/[NAME]  J:/[SERVER]  J:/Mailings  J:/Mailingversand     Requestor: [NAME] ([COMPANY]. [LOCATION])  Comment:,Fileservice,Medium
788,[TICKET ID] - A Support Ticket was forwarded to your role  - [NAME] AD account keeps getting disabled,Active Directory,Medium
884,[TICKET ID] - New Support Ticket received  - activacion[LOCATION]equipo [SERVER],Support general,Medium
2118,VPN - [TICKET ID] - [NAME]. [NAME] ([COMPANY]. [LOCATION])Service Request:[LOCATION]    Grant access to[LOCATION]for the following user:  [USERNAME] [NAME]. [NAME] ([COMPANY]. [LOCATION])  (Username:  [USERNAME])     Token:   - Software Token    Desired date:  Oct  6 2018  5:00AM     Requestor: [NAME] ([COMPANY]. [LOCATION])     Comment:,Support general,Medium
1200,[TICKET ID] - New Support Ticket received  - Blackberry Work,Support general,Medium
1332,[TICKET ID] - New Support Ticket received  - instalacion impresora parral,Computer-Services,Medium
1066,[TICKET ID] - New Support Ticket received  - reemplazo lamina protectora de telefono,Support general,Medium
800,[TICKET ID] - A Support Ticket was forwarded to your role  - Initiated by [COMPANY][LOCATION]- Vulnerable[LOCATION]on [LOCATION]-[ADDRESS],Support general,Medium
1010,[TICKET ID] - New Support Ticket received  - [NAME]. [NAME] experiencing no Outlook. no Internet,O365,Medium
970,[TICKET ID] - New Support Ticket received  - [NAME] MS Account Login failure,Active Directory,Medium
1202,[TICKET ID] - A Support Ticket was forwarded to your role  - LH - [SERVER] OS Updates,Support general,Medium
720,[TICKET ID] - A Support Ticket was forwarded to your role  - Additional Application[LOCATION]Service - [TICKET ID] - [NAME] ([COMPANY]. [LOCATION]),Support general,Medium
587,[TICKET ID] - A Support Ticket was forwarded to your role  - Employee Management general/shared team mail box,O365,Medium
1262,[TICKET ID] - A Support Ticket was forwarded to your role  -[LOCATION]login request,Fileservice,Medium
714,[TICKET ID] - New Support Ticket received  - File Share Access - [TICKET ID] - Schaupp. [NAME] ([COMPANY]. [LOCATION]),Fileservice,Medium
2349,File Share Access - [TICKET ID] - [NAME] ([COMPANY]. [LOCATION])Service Request: File Share Access     Grant access to file share for the following user:  [NAME] ([COMPANY]. [LOCATION]) (Username: [USERNAME])  Access Type: (RW) Read / Write  File Share:  Benötige Zugriff auf J:SVT/WST     Requestor: [NAME] ([COMPANY]. [LOCATION])  Comment:,Fileservice,Medium
387,File Share Access - [TICKET ID] - [NAME]. [NAME] ([COMPANY]. [LOCATION])Service Request: File Share Access     Grant access to file share for the following user:  [NAME]. [NAME] ([COMPANY]. [LOCATION]) (Username: [USERNAME])  Access Type: (RW) Read / Write  File Share:  L:/CS     Requestor: [NAME] ([COMPANY]. [LOCATION])  Comment:,Fileservice,Medium
1364,[TICKET ID] - New Support Ticket received  - [NAME] verify for everything,Software,Medium
1274,[TICKET ID] - New Support Ticket received  - Need to have Extech RHT10 Software Installed,Software,Medium
1358,[TICKET ID] - New Support Ticket received  - Skype não funciona,O365,Medium
1014,[TICKET ID] - New Support Ticket received  - Update names on the Shakopee Copier,Computer-Services,Medium
3346,File Share Access - [TICKET ID] - [NAME] ([COMPANY]. [LOCATION])Service Request: File Share Access     Grant access to file share for the following user:  [NAME] ([COMPANY]. [LOCATION]) (Username: )  Access Type: (RW) Read / Write  File Share:  J:/ZR-VVM     Requestor: [NAME] ([COMPANY]. [LOCATION])  Comment:,Fileservice,Medium
643,[TICKET ID] - A Support Ticket was forwarded to your role  - create[LOCATION]entry [COMPANY].ads.dir       A      [IP_ADDRESS],Support general,Medium
10643,Arquivos PDFBom dia      Estamos com algum problema para vizualizar arquivos em PDF.  Na minha maquina aparece a extensão em pdf. Porém os mesmos arquivos que mando para pessoas aparece extensão .dll e eles não conseguem abrir.      [Image],Software,Medium
1163,[TICKET ID] - New Support Ticket received  - Não estou conseguindo acessar a internet no site do banco itau,Support general,Medium
1170,[TICKET ID] - New Support Ticket received  - instalar o programa para acessar a conta do itau,Software,Medium
1273,[TICKET ID] - New Support Ticket received  - Installation of Datalogger Extech program,Software,Medium
14151,File Share Access - [TICKET ID] - [USERNAME]. [NAME] ([COMPANY]. [LOCATION])Service Request: File Share Access     Grant access to file share for the following user:  [USERNAME]. [NAME] ([COMPANY]. [LOCATION]) (Username: [USERNAME])  Access Type: (RW) Read / Write  File Share:  J:/MA-BD     Requestor: [NAME] ([COMPANY]. [LOCATION])  Comment:,Fileservice,Medium
1357,[TICKET ID] - New Support Ticket received  - Skype accessibility,O365,Medium
1223,[TICKET ID] - New Support Ticket received  - Conference Call,O365,Medium
329,[TICKET ID] - A Support Ticket was forwarded to your role  - neues Postfach mit Alias E-Mailadressen einrichten,O365,Medium
608,[TICKET ID] - New Support Ticket received  - outlook not working,O365,Medium
7384,The following system must be set to End Of Life in Nexthink and checked for[LOCATION]reservations:  [SERVER]  -Automated ticket creation-Please remove the system from Nexthink according to the[LOCATION]process and please verify if any[LOCATION]reservations exist. If yes. please remove reservations and note down the corresponding IP(s) and inform [COMPANY] network team to remove firewall rules if there are any.,EOL,High
10550,Setup [URL] emailHello [NAME].  Please setup the following users the same way that [NAME] was setup for [URL] emails.  Where the emails are delivered to the portal and the user can receive a notification via Flow.  See attached email for reference.  Please let me know if you have any questions.,O365,Low
8406,Basis User - [TICKET ID] - [NAME] ([COMPANY]. [LOCATION])Service Request: Basis User     Create Windows account for internal user  [USERNAME] [NAME] ([COMPANY]. [LOCATION])     Firstname:  [NAME]  Lastname:  [NAME]  Cost Center:  174440  Company:  [COMPANY] [ADDRESS] GmbH  Department:  [ADDRESS]  ZIP:  [ADDRESS]  City:  [ADDRESS]  Country:  Germany  Office:       Important: Please set the EA10 to the following value: 13306 (leave blank. when empty)  Please create Exchange and Skype account.  The user needs at least the following access permissions:  (RW) H:/%username%  (RO) J:/Auftrag  (RW) J:/Info  (RW) J:/Transfer  (RO) J:/Vorlagen  Access to [COMPANY] intranet  Access to [SOFTWARE] ([SERVER])  Requestor:  [NAME] ([COMPANY]. [LOCATION])     Desired date:  Sep  3 2018 12:00AM     Additional information:,Active Directory,Medium
944,[TICKET ID] - New Support Ticket received  - New devices installed cant install apps,Support general,Medium
1266,[TICKET ID] - A Support Ticket was forwarded to your role  - Instalação do Visio,O365,Medium
8008,File Share Access - [TICKET ID] - [NAME] ([COMPANY]. [LOCATION])Service Request: File Share Access    Grant access to file share for the following user:  [USERNAME]. [NAME] ([COMPANY]. [LOCATION]) (Username: [USERNAME])    Access Type: (RW) Read / Write    File Share:     J:/MarkerDB  The user needs access to the Marker Database.     Best regards    Requestor: [NAME] ([COMPANY]. [LOCATION])    Comment:,Fileservice,Medium
128,[TICKET ID] - A Support Ticket was forwarded to your role  - Zugriff auf die Shared Mailbox [EMAIL],O365,Medium
1302,[TICKET ID] - New Support Ticket received  - Erro Fornecedor,Software,Medium
685,[TICKET ID] - A Support Ticket was forwarded to your role  - Light User for external - [TICKET ID] - [NAME],Support general,Medium
8571,File Share Access - [TICKET ID] - [USERNAME]. [NAME] ([COMPANY]. [LOCATION])Service Request: File Share Access     Grant access to file share for the following user:  [USERNAME]. [NAME] ([COMPANY]. [LOCATION]) (Username: [USERNAME])  Access Type: (RO) Read only  File Share:   J:/FAQ BTR_HR     Requestor: Messing [NAME] ([COMPANY]. [LOCATION])  Comment:,Fileservice,Medium
585,[TICKET ID] - A Support Ticket was forwarded to your role  - please create shared mailbox.,O365,Medium
1420,Please create new OU West,Active Directory,Medium
856,[TICKET ID] - New Support Ticket received  - Unable to connect to home internet via cable,Support general,Medium
861,[TICKET ID] - A Support Ticket was forwarded to your role  - no tengo outlook,Software,Medium
3239,File Share Access - [TICKET ID] - Risting. [NAME] ([COMPANY]. [LOCATION])Service Request: File Share Access     Grant access to file share for the following user:  Risting. [NAME] ([COMPANY]. [LOCATION]) (Username: [USERNAME])  Access Type: (RW) Read / Write  File Share:      N:/[SERVER]/STA-LEM    N:/[SERVER]/STA-CAM    N:/[SERVER]/STA-[LOCATION]    N:/[SERVER]/STA-PGRO        R/W including all subfolders.         Requestor: [NAME] ([COMPANY]. [LOCATION])  Comment:,Fileservice,Medium
5757,File Share Access - [TICKET ID] - [NAME] ([COMPANY]. [LOCATION])Service Request: File Share Access     Grant access to file share for the following user:  [NAME] ([COMPANY]. [LOCATION]) (Username: )  Access Type: (RW) Read / Write  File Share:  J:/Scan     Requestor: [NAME] ([COMPANY]. [LOCATION])  Comment:  Liebes [COMPANY]-Team.  [NAME] [NAME] wird als Lead Business Partner Legal EMEA/APAC bei der [COMPANY] Berlin GmbH anfangen. Da sein Arbeitsplatz in [ADDRESS] sein wird. konfigurieren Sie bitte das Notebook für den Standort Berlin [LOCATION].  Für Rückfragen stehe ich gern zur Verfügung.  Beste Grüße [NAME] Tel.: [PHONE],Fileservice,Medium
994,[TICKET ID] - New Support Ticket received  - Imprersora Brother remolacha 01_ arroja error . en visor dice sustitui piezas y abajo dive tambor,Computer-Services,Medium
9656,The following system must be set to End Of Life in Nexthink and checked for[LOCATION]reservations:  [SERVER]  -Automated ticket creation-Please remove the system from Nexthink according to the[LOCATION]process and please verify if any[LOCATION]reservations exist. If yes. please remove reservations and note down the corresponding IP(s) and inform [COMPANY] network team to remove firewall rules if there are any.,EOL,High
6661,pROBLEMAS[LOCATION]IMPRENSSORABom dia.       A impressora não esta disponivel na minha maquina,Computer-Services,Medium
5206,File Share Access - [TICKET ID] - [NAME] ([COMPANY]. [LOCATION])Service Request: File Share Access     Grant access to file share for the following user:  [USERNAME]. [NAME] ([COMPANY]. [LOCATION]) (Username: [USERNAME])  Access Type: (RW) Read / Write  File Share:  j:/scan/canon/udej     Requestor: [NAME] ([COMPANY]. [LOCATION])  Comment:  Bitte für Herrn Ude einen Scan Ordner anlegen,Fileservice,Medium
2870,No funciona SkypeNo puedo acceder a Skype,O365,Medium
3450,File Share Access - [TICKET ID] - [NAME] ([COMPANY]. [LOCATION])Service Request: File Share Access     Grant access to file share for the following user:  [NAME] ([COMPANY]. [LOCATION]) (Username: [USERNAME])  Access Type: (RW) Read / Write  File Share:      N:/[SERVER]/STA-[LOCATION]        R/W including all subfolders.         Requestor: [NAME] ([COMPANY]. [LOCATION])  Comment:,Fileservice,Medium
8733,File Share Access - [TICKET ID] - [USERNAME] ([COMPANY]. [LOCATION])Service Request: File Share Access     Grant access to file share for the following user:  [NAME] ([COMPANY]. [LOCATION]) (Username: [USERNAME])  Access Type: (RW) Read / Write  File Share:      J:/[COMPANY]/           R/W including all subfolders         Requestor: [NAME] ([COMPANY]. [LOCATION])  Comment:,Fileservice,Medium
9335,File Share Access - [TICKET ID] - [NAME] ([COMPANY]. BRLM)Service Request: File Share Access     Grant access to file share for the following user:  [NAME] ([COMPANY]. BRLM) (Username: [USERNAME])  Access Type: (RW) Read / Write  File Share:      N:/[SERVER]/STA-LEM        R/W including all subfolders.         Requestor: [NAME] ([COMPANY]. [LOCATION])  Comment:,Fileservice,Medium
948,[TICKET ID] - A Support Ticket was forwarded to your role  -[LOCATION]- [TICKET ID] - [NAME] ([COMPANY]. [LOCATION]),Support general,Medium
593,[TICKET ID] - A Support Ticket was forwarded to your role  - Nacharbeiten TCK85637 - File Access,Fileservice,Medium
821,[TICKET ID] - New Support Ticket received  - install applications,Software,Medium
1090,[TICKET ID] - New Support Ticket received  - Access to LVS,Fileservice,Medium
870,[TICKET ID] - New Support Ticket received  - no puede abrir archivos pdf,Software,Medium
11134,Light User for external - [TICKET ID] - [NAME] Service Request: Light User for external  Create Light user for [NAME]     Firstname: [NAME]  Lastname: [NAME]ailaddress: [EMAIL]  Phone: [PHONE]  Cost Center: 47046  Function: [COMPANY][LOCATION]consultant for[LOCATION] Company: [COMPANY][LOCATION] [ADDRESS] Private Limited  Department: GIT-EST  [ADDRESS]  ZIP: [ADDRESS]  City: [ADDRESS]  Country: [ADDRESS]  Location:[LOCATION] Office:   Expiration date: Not defined     Important: Please indicate in EA14 that it is an external user.     Requestor: [NAME] ([COMPANY]. [LOCATION])     Desired date: Dec 14 2018 12:00AM     Additional information:  At present T-System India had only one[LOCATION]consultant supporting all [COMPANY]ules and her present bandwidth is not sufficient to support [COMPANY] all [COMPANY]ules. Therefore. this new[LOCATION]consultant is to be onboarded.,Support general,Medium
164,[TICKET ID] - New Support Ticket received  - File Share Access - [TICKET ID] - [NAME] ([COMPANY]. [LOCATION]),Fileservice,Medium
10835,Basis User - [USERNAME] -Service Request: Basis User     Create Windows account for internal user       Firstname:  [NAME]  Lastname:  [NAME] Center:  44132  Company:    Department:  [ADDRESS]:    ZIP:    City:    Country:  [ADDRESS]  Office:       Important: Please set the EA10 to the following value: 13645 (leave blank. when empty)  Please create Exchange and Skype account.  The user needs at least the following access permissions:  (RW) H:/%username%  (RO) J:/Auftrag  (RW) J:/Info  (RW) J:/Transfer  (RO) J:/Vorlagen  Access to [COMPANY] intranet  Access to [SOFTWARE] ([SERVER])  Requestor:  [NAME] ([COMPANY]. [LOCATION])     Desired date:  Jan  4 2019 12:00AM     Additional information:,Support general,Medium
1322,[TICKET ID] - A Support Ticket was forwarded to your role  - Check_MK: [SOFTWARE] Hostalarm: ([SERVER]) [COMPANY] LS Systemmanagement - [SOFTWARE] Depot Server - UP -> DOWN,Support general,High
261,The following system must be set to End Of Life in Nexthink and checked for[LOCATION]reservations:  [SERVER]  -Automated ticket creation-Please remove the system from Nexthink according to the[LOCATION]process and please verify if any[LOCATION]reservations exist. If yes. please remove reservations and note down the corresponding IP(s) and inform [COMPANY] network team to remove firewall rules if there are any.,EOL,High
422,[TICKET ID] - A Support Ticket was forwarded to your role  - Weiterleitung Fehlermeldung Outlook - wie besprochen,O365,Medium
798,[TICKET ID] - A Support Ticket was forwarded to your role  - Problemas en scanner compartido,Computer-Services,Medium
120,File Share Access - [TICKET ID] - Knaak [NAME] ([COMPANY]. [LOCATION])Service Request: File Share Access     Grant access to file share for the following user:  [NAME] ([COMPANY]. [LOCATION]) (Username: [USERNAME])  Access Type: (RO) Read only  File Share:   J:/FAQ BTR_HR     Requestor: [NAME] ([COMPANY]. [LOCATION])  Comment:,Fileservice,Medium
9523,The following system must be set to End Of Life in Nexthink and checked for[LOCATION]reservations:  [SERVER]  -Automated ticket creation-Please remove the system from Nexthink according to the[LOCATION]process and please verify if any[LOCATION]reservations exist. If yes. please remove reservations and note down the corresponding IP(s) and inform [COMPANY] network team to remove firewall rules if there are any.,EOL,High
9636,Basis User - [TICKET ID] - [USERNAME]. [NAME] ([COMPANY]. [LOCATION])Service Request: Basis User     Create Windows account for internal user  [USERNAME] ([COMPANY]. [LOCATION])     Firstname:  [NAME]  Lastname:  [NAME]  Cost Center:  174418  Company:  [COMPANY] Berlin GmbH  Department:  GFP-[ADDRESS]  ZIP:  [ADDRESS]  City:  [ADDRESS]  Country:  Germany  Office:       Important: Please set the EA10 to the following value: 13529 (leave blank. when empty)  Please create Exchange and Skype account.  The user needs at least the following access permissions:  (RW) H:/%username%  (RO) J:/Auftrag  (RW) J:/Info  (RW) J:/Transfer  (RO) J:/Vorlagen  Access to [COMPANY] intranet  Access to [SOFTWARE] ([SERVER])  Requestor:  [USERNAME] ([COMPANY]. [LOCATION])     Desired date:  Jan  1 2019 12:00AM     Additional information:   Liebes [COMPANY]-Team.   Laptop. Bildschirm. Tastatur. Telefon. Headset bitte aus Gerätepool Berlin. falls vorhanden  Tastatur und Laptop bitte englische Tastatur  Danke,Support general,Medium
9883,Basis User - [TICKET ID] - [USERNAME]. [NAME] ([COMPANY]. [LOCATION])Service Request: Basis User     Create Windows account for internal user  [USERNAME]. [NAME] F ([COMPANY]. [LOCATION])     Firstname:  [NAME]  Lastname:  [NAME]  Cost Center:  174449  Company:  [COMPANY] [ADDRESS] GmbH  Department:  [ADDRESS]  ZIP:  [ADDRESS]  City:  [ADDRESS]  Country:  [ADDRESS]  Office:       Important: Please set the EA10 to the following value: 13511 (leave blank. when empty)  Please create Exchange and Skype account.  The user needs at least the following access permissions:  (RW) H:/%username%  (RO) J:/Auftrag  (RW) J:/Info  (RW) J:/Transfer  (RO) J:/Vorlagen  Access to [COMPANY] intranet  Access to [SOFTWARE] ([SERVER])  Requestor:  [NAME] ([COMPANY]. [LOCATION])     Desired date:  Jan  1 2019 12:00AM     Additional information:   Liebes [COMPANY]-Team.   Laptop. Bildschirm. Tastatur. Telefon. Headset bitte aus Gerätepool Berlin. falls vorhanden  Tastatur und Laptop bitte englische  danke,Support general,Medium
1141,[TICKET ID] - A Support Ticket was forwarded to your role  - check_mk SD Hostalarm: ([SERVER]) [COMPANY] LS Site2Site[LOCATION]- UP -> DOWN,Support general,High
8802,The following system must be set to End Of Life in Nexthink and checked for[LOCATION]reservations:  [SERVER]  -Automated ticket creation-Please remove the system from Nexthink according to the[LOCATION]process and please verify if any[LOCATION]reservations exist. If yes. please remove reservations and note down the corresponding IP(s) and inform [COMPANY] network team to remove firewall rules if there are any.,EOL,High
8060,The following system must be set to End Of Life in Nexthink and checked for[LOCATION]reservations:  [SERVER]  -Automated ticket creation-Please remove the system from Nexthink according to the[LOCATION]process and please verify if any[LOCATION]reservations exist. If yes. please remove reservations and note down the corresponding IP(s) and inform [COMPANY] network team to remove firewall rules if there are any.,EOL,High
601,[TICKET ID] - A Support Ticket was forwarded to your role  -  Mail Alias,O365,Medium
262,File Share Access - [TICKET ID] - [NAME] ([COMPANY]. [LOCATION])Service Request: File Share Access     Grant access to file share for the following user:  [USERNAME] ([COMPANY]. [LOCATION]) (Username: [USERNAME])  Access Type: (RW) Read / Write  File Share:  J:/     Requestor: [NAME] ([COMPANY]. [LOCATION])  Comment:  [NAME] is our new employee in [ADDRESS]. Could you please create her an access to our file share?  Thank you!,Fileservice,Medium
1227,[TICKET ID] - New Support Ticket received  -  senha Wifi para visitante (consultores) da High Level,Support general,Medium
1094,[TICKET ID] - New Support Ticket received  - liberar meu acesso,Active Directory,Medium
8705,The following system must be set to End Of Life in Nexthink and checked for[LOCATION]reservations:  [SERVER]  -Automated ticket creation-Please remove the system from Nexthink according to the[LOCATION]process and please verify if any[LOCATION]reservations exist. If yes. please remove reservations and note down the corresponding IP(s) and inform [COMPANY] network team to remove firewall rules if there are any.,EOL,High
5807,reserva[LOCATION]FAvor fazer uma reserva no[LOCATION]para o relogio de ponto. MAC:        [MAC_ADDRESS]     IP na realidade eu não sei. Ou é [IP_ADDRESS] ou [IP_ADDRESS],Support general,Medium
740,[TICKET ID] - This Support Ticket was reopened  - Light User for external - [TICKET ID] - [NAME],Support general,Medium
966,[TICKET ID] - A Support Ticket was forwarded to you  - Inclusão de Usuaria para recebimento de email do nfe.,O365,Medium
1215,[TICKET ID] - A Support Ticket was forwarded to you  - necesito acceso a las carpetas del email,O365,Medium
1042,[TICKET ID] - New Support Ticket received  - check_mk [SOFTWARE] Hostalarm: ([SERVER]) [COMPANY] LS Systemmanagement - [SOFTWARE] Depot Server - UP -> DOWN,Support general,High
1085,[TICKET ID] - New Support Ticket received  - Adobe Acrobat DC Pro Install,Software,Medium
707,[TICKET ID] - New Support Ticket received  - Kein Zugriff: Shared Mailbox - [EMAIL] - Ref.[LOCATION]--> [TICKET ID],O365,Medium
1079,[TICKET ID] - New Support Ticket received  - No me funciona el outllok,O365,Medium
10806,File Share Access - [TICKET ID] - [NAME] ([COMPANY]. [LOCATION])Service Request: File Share Access     Grant access to file share for the following user:  [NAME] ([COMPANY]. [LOCATION]) (Username: [USERNAME])  Access Type: (RW) Read / Write  File Share:      N:/[SERVER]/STA-LEM    N:/[SERVER]/[USERNAME]    N:/[SERVER]/STA-PGRO    N:/[SERVER]/STA-[LOCATION]        R/W incl. all subfolders.         Requestor: [NAME] ([COMPANY]. [LOCATION])  Comment:,Fileservice,Medium
7065,File Share Access - [TICKET ID] - [NAME]. [NAME] ([COMPANY]. [LOCATION])Service Request: File Share Access    Grant access to file share for the following user:  [NAME]. [NAME] ([COMPANY]. [LOCATION]) (Username: [USERNAME])    Access Type: (RO) Read only    File Share:     J:/Arbeigtschutzunterweisungen   J:/Bioinf  J:/Biotic-Stress  J:/MOLTOOL  J:/SCHIMMEL  J:/ST_MAS       Requestor: [NAME] ([COMPANY]. [LOCATION])    Comment:,Fileservice,Medium
3940,File Share Access - [TICKET ID] - [NAME] ([COMPANY]. [LOCATION])Service Request: File Share Access     Grant access to file share for the following user:  [NAME] ([COMPANY]. [LOCATION]) (Username: [USERNAME])  Access Type: (RW) Read / Write  File Share:  GROUPS J / MA-PRICING     Requestor: [NAME] ([COMPANY]. [LOCATION])  Comment:,Fileservice,Medium
10922,Light User for external - [TICKET ID] - [NAME]Service Request: Light User for external  Create Light user for [USERNAME]. [NAME]      Firstname: [NAME]   Lastname: [NAME]ailaddress: [EMAIL]  Phone: 0  Cost Center: 47050  Function:[LOCATION]Consultant  Company: [COMPANY]  Department: GIT-[ADDRESS]  ZIP: [ADDRESS]  City: [ADDRESS]  Country: [ADDRESS]  Location:[LOCATION] Office:   Expiration date: Not defined     Important: Please indicate in EA14 that it is an external user.     Requestor: [NAME] ([COMPANY]. [LOCATION])     Desired date: Dec 18 2018 12:00AM     Additional information:  [EMAIL],Support general,Medium
1343,[TICKET ID] - New Support Ticket received  - Acesso skype,O365,Medium
1323,[TICKET ID] - New Support Ticket received  - REINSTALACION DE ESCANER,Computer-Services,Medium
10601,Adicionar usuário ao servidor[LOCATION]para o MarketingAdicionar usuário ao servidor[LOCATION]para o Marketing,Support general,Medium
9872,Basis User - [USERNAME] ([COMPANY]. [LOCATION])Service Request: Basis User     Create Windows account for internal user  [NAME] ([COMPANY]. [LOCATION])     Firstname:  [NAME]  Lastname:  [NAME]  Cost Center:  44257  Company:  [COMPANY] .  Department:  [COMPANY]_[SERVER]  Street:  [ADDRESS]  ZIP:  [ADDRESS]  City:  [ADDRESS]  Country:    Office:       Important: Please set the EA10 to the following value: 7607 (leave blank. when empty)  Please create Exchange and Skype account.  The user needs at least the following access permissions:  Access to [SOFTWARE] ([SERVER])  Requestor: [NAME] ([COMPANY]. [LOCATION])     Desired date:  Feb  1 2019 12:00AM     Additional information:,Support general,Medium
1367,[TICKET ID] - New Support Ticket received  - Skype,O365,Medium
13969,Light User for external - [USERNAME] - [USERNAME]. Service Request: Light User for external  Create Light user for [USERNAME].    Firstname: [NAME]  Lastname: [NAME]ailaddress: [EMAIL]  Phone: [PHONE]  Cost Center: 44288  Function: Vigilant  Company: [COMPANY]  Department: [ADDRESS].  ZIP:[LOCATION][ADDRESS]  City: [ADDRESS] - MG  Country: [ADDRESS]  Location:[LOCATION] Office:   Expiration date: Not defined     Important: Please indicate in EA14 that it is an external user.     Requestor: [NAME] ([COMPANY]. [LOCATION])     Desired date: Dec 22 2018  3:00AM     Additional information:,Support general,Medium
641,[TICKET ID] - New Support Ticket received  - Basis User - [USERNAME] - [NAME].  ([COMPANY]. [LOCATION]),Support general,Medium
9569,Need Nautilus and the Nautilus Citrix appI need the nautilus 9.3 software and the Nautilus 9.3 Citrix app installed on my PC.  This may have to go through [COMPANY] for approval.  Please contact [NAME] if you need further information.,Software,Medium
663,[TICKET ID] - New Support Ticket received  - File Share Access - [TICKET ID] - [NAME] ([COMPANY]. [LOCATION]),Fileservice,Medium
752,[TICKET ID] - New Support Ticket received  - Basis User - [USERNAME] - [NAME] [NAME] ([COMPANY]. [LOCATION]),Support general,Medium
1179,[TICKET ID] - [SERVER][LOCATION]- Planned Maintenance - 2018-10-27. 07:00[LOCATION]| cpe0009469 ([COMPANY]) | cpe0013003 ([COMPANY]) [COMPANY] SE. Rückmeldungen erforderlich.,Support general,Medium
1177,[TICKET ID] - New Support Ticket received  - usuario bloqueado,Active Directory,Medium
962,[TICKET ID] - New Support Ticket received  - Configuración perfil [NAME],Active Directory,Medium
1156,[TICKET ID] - A Support Ticket was forwarded to you  - Impresoras mal funcionamiento,Computer-Services,Medium
8181,The following system must be set to End Of Life in Nexthink and checked for[LOCATION]reservations:  [SERVER]  -Automated ticket creation-Please remove the system from Nexthink according to the[LOCATION]process and please verify if any[LOCATION]reservations exist. If yes. please remove reservations and note down the corresponding IP(s) and inform [COMPANY] network team to remove firewall rules if there are any.,EOL,High
1406,Check[LOCATION]for One Drive ([SERVER]-TEST),Active Directory,Medium
9139,File Share Access - [TICKET ID] - [NAME]. ([COMPANY]. [LOCATION])Service Request: File Share Access     Grant access to file share for the following user:  [NAME]dria ([COMPANY]. [LOCATION]) (Username: [USERNAME])  Access Type: (RW) Read / Write  File Share:    J:/MarkerDB       The user needs access to the Marker Database.   Thanks        Requestor: [NAME] ([COMPANY]. [LOCATION])  Comment:,Fileservice,Medium
297,Basis User - [TICKET ID] - [USERNAME]. ([COMPANY]. [LOCATION])Service Request: Basis User     Create Windows account for internal user  [USERNAME]. ([COMPANY]. [LOCATION])     Firstname:  [NAME]  Lastname:  [USERNAME]  Cost Center:  174430  Company:  [COMPANY] [ADDRESS] GmbH  Department:  [ADDRESS]  ZIP:  [ADDRESS]  City:  [ADDRESS]  Country:  Germany  Office:       Important: Please set the EA10 to the following value: 13740 (leave blank. when empty)  Please create Exchange and Skype account.  The user needs at least the following access permissions:  (RW) H:/%username%  (RO) J:/Auftrag  (RW) J:/Info  (RW) J:/Transfer  (RO) J:/Vorlagen  Access to [COMPANY] intranet  Access to [SOFTWARE] ([SERVER])  Requestor:  [NAME] ([COMPANY]. [LOCATION])     Desired date:  Jan 31 2019 12:00AM     Additional information:   Startdatum: 01.02.2019,Support general,Medium
10866,The following system must be set to End Of Life in Nexthink and checked for[LOCATION]reservations:  [SERVER]  -Automated ticket creation-Please remove the system from Nexthink according to the[LOCATION]process and please verify if any[LOCATION]reservations exist. If yes. please remove reservations and note down the corresponding IP(s) and inform [COMPANY] network team to remove firewall rules if there are any.,EOL,High
1304,[TICKET ID] - New Support Ticket received  - Building 6 Fishbowl Printer,Computer-Services,Medium
615,[TICKET ID] - New Support Ticket received  - File Share Access - [TICKET ID] - [NAME] ([COMPANY]. [LOCATION]),Fileservice,Medium
1429,SR290626 Leaving employee: The user [NAME] ([COMPANY]; [LOCATION]) is going to leave [COMPANY] on 02;01;2018,Active Directory,Medium
1228,[TICKET ID] - New Support Ticket received  - equipo no inicia,Support general,Medium
1095,[TICKET ID] - New Support Ticket received  - Erro de Impressão,Computer-Services,Medium
8380,Basis User - [TICKET ID] - [NAME]. ([COMPANY]. [LOCATION])Service Request: Basis User     Create Windows account for internal user  [NAME]. ([COMPANY]. [LOCATION])     Firstname:  [NAME]  Lastname:  [NAME]  Cost Center:  174454  Company:  [COMPANY] Berlin GmbH  Department:  GTC-PP1  [ADDRESS]  ZIP:  [ADDRESS]  City:  [ADDRESS]  Country:  Germany  Office:       Important: Please set the EA10 to the following value: 13588 (leave blank. when empty)  Please create Exchange and Skype account.  The user needs at least the following access permissions:  (RW) H:/%username%  (RO) J:/Auftrag  (RW) J:/Info  (RW) J:/Transfer  (RO) J:/Vorlagen  Access to [COMPANY] intranet  Access to [SOFTWARE] ([SERVER])  Requestor:  [NAME] ([COMPANY]. [LOCATION])     Desired date:  Jan  1 2019 12:00AM     Additional information:   Liebes [COMPANY]-Team.   Laptop. Bildschirm. Tastatur. Telefon. Headset bitte aus Gerätepool Berlin. falls vorhanden  Tastatur und Laptop bitte englische,Support general,Medium
5291,The following system must be set to End Of Life in Nexthink and checked for[LOCATION]reservations:  [SERVER]  -Automated ticket creation-Please remove the system from Nexthink according to the[LOCATION]process and please verify if any[LOCATION]reservations exist. If yes. please remove reservations and note down the corresponding IP(s) and inform [COMPANY] network team to remove firewall rules if there are any.,EOL,High
1238,[TICKET ID] - A Support Ticket was forwarded to you  - File Share Access - [TICKET ID] - [NAME] ([COMPANY]. [LOCATION]),Fileservice,Medium
776,[TICKET ID] - New information received on closed ticket  - Initiated by [COMPANY][LOCATION]- Vulnerable Office on [SERVER],Support general,Medium
1106,[TICKET ID] - A Support Ticket was forwarded to you  - Abrir mi correo [COMPANY] en PC de otro usuario,O365,Medium
151,[TICKET ID] - New Support Ticket received  - Basis User - [USERNAME] - [NAME] ([COMPANY]. [LOCATION]),Support general,Medium
7828,File Share Access - [TICKET ID] - [NAME]. [NAME] ([COMPANY]. [LOCATION])Service Request: File Share Access     Grant access to file share for the following user:  [NAME] ([COMPANY]. [LOCATION]) (Username: [USERNAME])  Access Type: (RW) Read / Write  File Share:    J:/CLC-Server   J:/CS-MED   J:/Geldokumentation   J:/MOL_Service   J:/Mol_Tech           Requestor: [NAME] ([COMPANY]. [LOCATION])  Comment:,Fileservice,Medium
8817,Basis User - [TICKET ID] - [NAME] [NAME] ([COMPANY]. [LOCATION])Service Request: Basis User     Create Windows account for internal user  [NAME] [NAME] ([COMPANY]. [LOCATION])     Firstname:  [NAME]  Lastname:  [NAME]  Cost Center:  44288  Company:  Riber - [COMPANY] S.A.  Department:  [COMPANY]_MA-[ADDRESS] – KM 428 a direita + 2 KM – Zona Rural.  ZIP: [LOCATION][ADDRESS]  City:  [ADDRESS]  Country:  [ADDRESS]  Office:       Important: Please set the EA10 to the following value: 10166 (leave blank. when empty)  Please create Exchange and Skype account.  The user needs at least the following access permissions:  Access to [SOFTWARE] ([SERVER])  Requestor:  [NAME] ([COMPANY]. [LOCATION])     Desired date:  Jan 23 2019  3:00AM     Additional information:,Support general,Medium
825,[TICKET ID] - New Support Ticket received  - cuenta bloqueada,Active Directory,Medium
1082,[TICKET ID] - New Support Ticket received  - Bloqueio e cancelamento de usuário - [NAME] [NAME],Active Directory,Medium
1326,[TICKET ID] - A Support Ticket was forwarded to your role  - Skype not working in Several computers,O365,Medium
786,[TICKET ID] - A Support Ticket was forwarded to your role  - alterar nome de sala de reunião exchange,O365,Medium
1046,[TICKET ID] - A Support Ticket was forwarded to your role  - VM for Bank program,Support general,Medium
10355,Light User for external - [TICKET ID] - [NAME]Service Request: Light User for external  Create Light user for [USERNAME]. [NAME]     Firstname: [NAME]  Lastname: [NAME]ailaddress: [EMAIL]  Phone: [PHONE]  Cost Center: 44258  Function: Exeternal sales agent  Company: [COMPANY] Italia S.p.A.  Department: [SERVER]-[ADDRESS]  ZIP: [ADDRESS]  City: [ADDRESS]  Country: [ADDRESS]  Location:[LOCATION] Office:   Expiration date: Not defined     Important: Please indicate in EA14 that it is an external user.     Requestor: [NAME] ([COMPANY]. [LOCATION])     Desired date: Dec 18 2018 12:00AM     Additional information:,Support general,Medium
2436,File Share Access - [TICKET ID] - [USERNAME]. [NAME] ([COMPANY]. [LOCATION])Service Request: File Share Access     Grant access to file share for the following user:  [USERNAME]. [NAME] ([COMPANY]. [LOCATION]) (Username: [USERNAME])  Access Type: (RW) Read / Write  File Share:  J:/Topf- und Substratbestellungen     Requestor: [NAME] ([COMPANY]. [LOCATION])  Comment:  J:/Topf- und Substratbestellungen,Fileservice,Medium
938,[TICKET ID] - New Support Ticket received  - IPad Pro,Support general,Medium
1123,[TICKET ID] - New Support Ticket received  - Duplicação de tela,Support general,Medium
7104,File Share Access - [TICKET ID] - [USERNAME]. ([COMPANY]. [LOCATION])Service Request: File Share Access     Grant access to file share for the following user:  [USERNAME]. Renee ([COMPANY]. [LOCATION]) (Username: [USERNAME])  Access Type: (RW) Read / Write  File Share:  I need access to J:/CONSTRUCTION     Requestor: [NAME] ([COMPANY]. [LOCATION])  Comment:  I need access to J:/CONSTRUCTION,Fileservice,Medium
10572,Basis User - [TICKET ID] - [NAME] ([COMPANY]. [LOCATION])Service Request: Basis User     Create Windows account for internal user  [NAME] ([COMPANY]. [LOCATION])     Firstname:  [NAME]  Lastname: [NAME]  Cost Center:  44265  Company:  [COMPANY] Seme YU D.O.O.  Department:  [COMPANY]_MA-[ADDRESS]  ZIP:  [ADDRESS]  City:  [ADDRESS]  Country:  [ADDRESS]  Office:       Important: Please set the EA10 to the following value: 13745 (leave blank. when empty)  Please create Exchange and Skype account.  The user needs at least the following access permissions:  Access to [SOFTWARE] ([SERVER])  Requestor:  [NAME] (EXTERNAL. [LOCATION])     Desired date:  Jan 23 2019 12:00AM     Additional information:,Support general,Medium
873,[TICKET ID] - New Support Ticket received  - User Ricard needs credentials in order to log into [NAME].,Software,Medium
432,The following system must be set to End Of Life in Nexthink and checked for[LOCATION]reservations:  [SERVER]  -Automated ticket creation-Please remove the system from Nexthink according to the[LOCATION]process and please verify if any[LOCATION]reservations exist. If yes. please remove reservations and note down the corresponding IP(s) and inform [COMPANY] network team to remove firewall rules if there are any.,EOL,High
1285,[TICKET ID] - New Support Ticket received  - no internet,Support general,Medium
686,[TICKET ID] - New Support Ticket received  - Light User for external - [USERNAME] - [NAME],Support general,Medium
5710,OneDrive nao configuraOi. meu onedrive nao configura (mas email e skype ta ok). Podem ajudar por favor?        [Image],O365,Medium
8961,Check DNS/DHCP entries for network 10.10.89.0 - server networkCheck DNS/DHCP entries for network 10.10.89.0 - server network,Support general,Medium
1290,[TICKET ID] - New Support Ticket received  - Can not connect to [URL],Support general,Medium
13953,The following system must be set to End Of Life in Nexthink and checked for[LOCATION]reservations:  [SERVER]  -Automated ticket creation-Please remove the system from Nexthink according to the[LOCATION]process and please verify if any[LOCATION]reservations exist. If yes. please remove reservations and note down the corresponding IP(s) and inform [COMPANY] network team to remove firewall rules if there are any.,EOL,High
683,[TICKET ID] - New Support Ticket received  - Basis User - [USERNAME] -,Support general,Medium
10848,File Share Access - [TICKET ID] - [USERNAME].[NAME]([COMPANY]. [LOCATION])Service Request: File Share Access     Grant access to file share for the following user:  [USERNAME].[NAME]([COMPANY]. [LOCATION]) (Username: [USERNAME])  Access Type: (RW) Read / Write  File Share:  J:/LSB Deutschland     Requestor: [USERNAME].[NAME]([COMPANY]. [LOCATION])  Comment:,Fileservice,Medium
847,[TICKET ID] - New Support Ticket received  - Shakopee Employees Distribution List,O365,Medium
1071,[TICKET ID] - New Support Ticket received  - Access to R drive for team member,Fileservice,Medium
969,[TICKET ID] - New Support Ticket received  - Proxy Error,Support general,Medium
882,[TICKET ID] - New Support Ticket received  - Malfunction [SERVER],Computer-Services,Medium
725,[TICKET ID] - New Support Ticket received  - File Share Access - [TICKET ID] - [NAME] ([COMPANY]. [LOCATION]),Fileservice,Medium
6694,Acesso a pasta do servidor de PatosCaros.        Estou novamente com o problema de acesso às pastas do drive J:. Por favor. seguir com os acessos idênticos ao do usuário da [NAME]  [NAME] ([EMAIL])        Desde já agradeço        [Image],Fileservice,Medium
1002,[TICKET ID] - New Support Ticket received  - Skype uninstall and reinstall,O365,Medium
731,[TICKET ID] - New Support Ticket received  - File Share Access - [TICKET ID] - [NAME] [NAME] ([COMPANY]. [LOCATION]),Fileservice,Medium
632,[TICKET ID] - A Support Ticket was forwarded to your role  - Shared email address request,O365,Medium
5445,Remove File Share Access - [TICKET ID] - [NAME] ([COMPANY]. [LOCATION])Service Request: Remove File Share Access     Remove file share access for the following user:  [NAME] ([COMPANY]. [LOCATION]) (Username: [USERNAME])  File Share:  - GROUPS (J:) ZR-SP - GROUPS (J:) ZR-SV - GROUPS(J:) ZRMUSTER     Requestor: [NAME] ([COMPANY]. [LOCATION])  Comment:,Fileservice,Medium
7362,Basis User - [TICKET ID] -Service Request: Basis User     Create Windows account for internal user       Firstname:  [NAME]  Lastname:  [NAME]  Cost Center:  44254  Company:    Department:  [ADDRESS]:    ZIP:    City:    Country:    Office:       Important: Please set the EA10 to the following value: 13663 (leave blank. when empty)  Please create Exchange and Skype account.  The user needs at least the following access permissions:  Access to [SOFTWARE] ([SERVER])  Requestor:  [NAME] ([COMPANY]. [LOCATION])     Desired date:  Jan  6 2019 12:00AM     Additional information:,Support general,Medium
7832,The following system must be set to End Of Life in Nexthink and checked for[LOCATION]reservations:  [SERVER]  -Automated ticket creation-Please remove the system from Nexthink according to the[LOCATION]process and please verify if any[LOCATION]reservations exist. If yes. please remove reservations and note down the corresponding IP(s) and inform [COMPANY] network team to remove firewall rules if there are any.,EOL,High
1306,[TICKET ID] - A Support Ticket was forwarded to your role  - Activación Skype en perfil [NAME],O365,Medium
6698,Light User - [USERNAME] -Service Request: Light User  Create Light user for      Firstname: [NAME]  Lastname: [NAME]  Cost Center: 47046  Company: [COMPANY] Consulting   Department: GIT-EST  [ADDRESS]  ZIP: [ADDRESS]  City: [ADDRESS]  Country: Germany  Office:      Important: Please set the EA10 to the following value: [EMAIL]  (leave blank. when empty)     Desired date: Sep  4 2018 12:00AM     Requestor: [NAME] ([COMPANY]. [LOCATION])     Additional information:  Bitte auf die Kostenstelle 44220 buchen.,Active Directory,Medium
10379,File Share Access - [TICKET ID] - [USERNAME]. Wiebke ([COMPANY]. [LOCATION])Service Request: File Share Access     Grant access to file share for the following user:  [USERNAME]. Wiebke ([COMPANY]. [LOCATION]) (Username: [USERNAME])  Access Type: (RW) Read / Write  File Share:  J:/Topf- und Substratbestellungen     Requestor: [NAME] ([COMPANY]. [LOCATION])  Comment:  J:/Topf- und Substratbestellungen,Fileservice,Medium
767,[TICKET ID] - New Support Ticket received  - Basis User - [USERNAME] -,Support general,Medium
1203,[TICKET ID] - New information received on closed ticket  - LH - [SERVER] OS Updates,Support general,Medium
1419,Neuer Nutzer f�r Email User Gruppe,O365,Medium
1376,[TICKET ID] - New Support Ticket received  - activacion blackberry work,Support general,Medium
6004,The following system must be set to End Of Life in Nexthink and checked for[LOCATION]reservations:  [SERVER]  -Automated ticket creation-Please remove the system from Nexthink according to the[LOCATION]process and please verify if any[LOCATION]reservations exist. If yes. please remove reservations and note down the corresponding IP(s) and inform [COMPANY] network team to remove firewall rules if there are any.,EOL,High
2842,Basis User - [TICKET ID] -Service Request: Basis User     Create Windows account for internal user       Firstname:  [NAME]  Lastname:  [NAME] Center:  44295  Company:    Department:  MOM_ADM-[ADDRESS]:    ZIP:    City:    Country:    Office:       Important: Please set the EA10 to the following value: 13713 (leave blank. when empty)  Please create Exchange and Skype account.  The user needs at least the following access permissions:  Access to [SOFTWARE] ([SERVER])  Requestor:  [NAME] ([COMPANY]. ESBA)     Desired date:  Jan  9 2019 12:00AM     Additional information:,Support general,Medium
5331,Light User for external - [TICKET ID] - [NAME]Service Request: Light User for external  Create Light user for [NAME]. [USERNAME]      Firstname: [NAME]   Lastname: [NAME]ailaddress: [EMAIL]  Phone: 0  Cost Center: 47050  Function:[LOCATION]Consultant  Company: [COMPANY]  Department: GIT-[ADDRESS]  ZIP: [ADDRESS]  City: [ADDRESS]  Country: [ADDRESS]  Location:[LOCATION] Office:   Expiration date: Not defined     Important: Please indicate in EA14 that it is an external user.     Requestor: [NAME] ([COMPANY]. [LOCATION])     Desired date: Dec 18 2018 12:00AM     Additional information:  [EMAIL],Support general,Medium
1418,Missing group in AD,Active Directory,Medium
816,[TICKET ID] - New information received on closed ticket  - desconexion del VPN,Support general,Medium
741,[TICKET ID] - New Support Ticket received  - File Share Access - [TICKET ID] - [NAME] ([COMPANY]. [LOCATION]),Fileservice,Medium
813,[TICKET ID] - New Support Ticket received  - Erro no site da RFB,Support general,Medium
3779,Basis User - [USERNAME] -Service Request: Basis User     Create Windows account for internal user       Firstname:  [NAME]  Lastname:  [NAME]  Cost Center:  44286  Company:    Department:  [LOCATION]  Street:  [ADDRESS] grande – Piura - Piura  ZIP:  [ADDRESS]  City:  [ADDRESS]  Country:  Peru  Office:       Important: Please set the EA10 to the following value: [USERNAME] (leave blank. when empty)  Please create Exchange and Skype account.  The user needs at least the following access permissions:  Access to [SOFTWARE] ([SERVER])  Requestor: [NAME] ([COMPANY]. [LOCATION])     Desired date:  Jan 16 2019  4:00AM     Additional information:   dear all.  please. create the AD as [USERNAME] and mail account as [EMAIL]  thank you very much,Support general,Medium
2824,Light User for external - [TICKET ID] - [USERNAME]. [NAME]Service Request: Light User for external  Create Light user for [USERNAME]. [NAME]     Firstname: [NAME]  Lastname: [NAME]ailaddress: [EMAIL]  Phone: [PHONE]                            Cost Center: 47050  Function: Externer Berater  Company: [COMPANY] GmbH  Department: GIT-[ADDRESS]  ZIP: [ADDRESS]  City: [ADDRESS]  Country: [ADDRESS]  Location:[LOCATION] Office:   Expiration date: Jun 30 2019 11:00PM     Important: Please indicate in EA14 that it is an external user.     Requestor: [NAME] ([COMPANY]. [LOCATION])     Desired date: Jan 22 2019 12:00AM     Additional information:  [NAME] arbeitet an der WM Lösung für Serbien und muss dafür auf die SCP.  VG [NAME],Support general,Medium
782,[TICKET ID] - New Support Ticket received  - espelhamento de usuario,Active Directory,Medium
6681,Basis User for external - [TICKET ID] - [NAME]. OlgaService Request: Basis User for external     Create Windows account for external user  [NAME]     Firstname: [NAME]  Lastname: [NAME]ailaddress: [EMAIL]  Phone: [PHONE]  Cost Center: 44263  Function: Payroll outsource specialist  Company: [COMPANY]  Department: [COMPANY]_ADM-[ADDRESS]  City: [ADDRESS]  Country: [ADDRESS]  Location:[LOCATION] Office:   Expiration date: Not defined     Important: Please indicate in EA14 that it is an external user.     Requestor: [NAME] ([COMPANY]. [LOCATION])     Desired date: Dec 29 2018 10:00PM     Additional information:,Support general,Medium
457,[TICKET ID] - A Support Ticket was forwarded to your role  - Leaving Employee - [TICKET ID] - [NAME] ([COMPANY]. [LOCATION]),Support general,Medium
353,[TICKET ID] - A Support Ticket was forwarded to your role  - Leaving Employee - [TICKET ID] - [NAME] (External. [LOCATION]),Support general,Medium
7428,File Share Access - [TICKET ID] - [NAME]. [NAME] ([COMPANY]. [LOCATION])Service Request: File Share Access     Grant access to file share for the following user:  [USERNAME]. [NAME] ([COMPANY]. [LOCATION]) (Username: [USERNAME])  Access Type: (RW) Read / Write  File Share:      J:/CE-STA/      please create the folder if it does not yet exist and give R/W access for this and all subfolders.        Requestor: [NAME] ([COMPANY]. [LOCATION])  Comment:,Fileservice,Medium
1243,[TICKET ID] - New Support Ticket received  - Contacts are gone on iPhone 5,Support general,Medium
982,[TICKET ID] - New Support Ticket received  - Instalaçao d e programa,Software,Medium
1336,[TICKET ID] - New Support Ticket received  - unable to log into skype,O365,Medium
13999,File Share Access - [TICKET ID] - [NAME] ([COMPANY]. [LOCATION])Service Request: File Share Access     Grant access to file share for the following user:  [USERNAME]. [NAME] ([COMPANY]. [LOCATION]) (Username: [USERNAME])  Access Type: (RW) Read / Write  File Share:  J:/ÖFZFOX/MOM-OSR     Requestor: [NAME] ([COMPANY]. [LOCATION])  Comment:,Fileservice,Medium
975,[TICKET ID] - New Support Ticket received  - Printing error,Computer-Services,Medium
712,[TICKET ID] - New Support Ticket received  - Basis User - [USERNAME] -,Support general,Medium
754,[TICKET ID] - New Support Ticket received  - Light User for external - [USERNAME] - [NAME],Support general,Medium
647,[TICKET ID] - A Support Ticket was forwarded to your role  - Access to Team Email in Outlook,O365,Medium
765,[TICKET ID] - New Support Ticket received  - Basis User - [USERNAME] - [NAME] ([COMPANY]. [LOCATION]),Support general,Medium
348,conta de serviço o365Olá.  Gostaria de solicitar a criação de uma conta de serviço no O365 para que usassemos nas impressoras. para que elas façam o scan to email.  Aproveitando. pode acrescentar nesse ticket se precisa ser feito alguma alteração na impressora em si.  Como: servidro SMTP. servidor DNS. SSL. email usado. etc.,O365,Medium
710,[TICKET ID] - A Support Ticket was forwarded to your role  -[LOCATION]account locked,Software,Medium
802,[TICKET ID] - New information received on closed ticket  - Initiated by [COMPANY][LOCATION]- Vulnerable[LOCATION]on [LOCATION]-[ADDRESS],Support general,Medium
1412,Delete the system,Active Directory,Medium
8599,The following system must be set to End Of Life in Nexthink and checked for[LOCATION]reservations:  [SERVER]  -Automated ticket creation-Please remove the system from Nexthink according to the[LOCATION]process and please verify if any[LOCATION]reservations exist. If yes. please remove reservations and note down the corresponding IP(s) and inform [COMPANY] network team to remove firewall rules if there are any.,EOL,High
1073,[TICKET ID] - New Support Ticket received  - Atualização SICALC,Software,Medium
790,[TICKET ID] - New information received on closed ticket  - [NAME] iPhone BlackBerry app launches. then quits immediately,Support general,High
1124,[TICKET ID] - A Support Ticket was forwarded to you  - File Share Access - [TICKET ID] - [NAME] ([COMPANY]. [LOCATION]),Fileservice,Medium
1291,[TICKET ID] - New Support Ticket received  - Mobile Device - [TICKET ID] - [NAME] ([COMPANY]. [LOCATION]),Support general,Medium
5079,Basis User - [TICKET ID] - [NAME] ([COMPANY]. [LOCATION])Service Request: Basis User     Create Windows account for internal user  [NAME] ([COMPANY]. [LOCATION])     Firstname:  [NAME]  Lastname:  [NAME]  Cost Center:  79099  Company:  [COMPANY] Seed Co.[LOCATION] Department:  [LOCATION]  Street:    ZIP:    City:    Country:    Office: [LOCATION]    Important: Please set the EA10 to the following value: [EMAIL] (leave blank. when empty)  Please create Exchange and Skype account.  The user needs at least the following access permissions:  Access to [SOFTWARE] ([SERVER])  Requestor:  [NAME] ([COMPANY]. [LOCATION])     Desired date:  Dec 12 2018  5:00PM     Additional information:   Dear colleagues:  Please help me create account for new JV internal employee.  She is belong to[LOCATION]Group. Her mailbox include @[EMAIL] and @[EMAIL] Thank you  First Name: [NAME]  Last Name: [NAME]  Gender: Female  Telephone:[PHONE]  Place: [ADDRESS]  ZIP: [ADDRESS]  Country: China  Company: [COMPANY][LOCATION]CO.. LTD.  Department : Financial  Function:[LOCATION]Accountant,Support general,Medium
1432,Union Equipos al Dominio,Active Directory,Medium
10282,The following system must be set to End Of Life in Nexthink and checked for[LOCATION]reservations:  [SERVER]  -Automated ticket creation-Please remove the system from Nexthink according to the[LOCATION]process and please verify if any[LOCATION]reservations exist. If yes. please remove reservations and note down the corresponding IP(s) and inform [COMPANY] network team to remove firewall rules if there are any.,EOL,High
1356,[TICKET ID] - New Support Ticket received  - Skype sem acesso,O365,Medium
3769,Light User for external - [TICKET ID] - [NAME] Service Request: Light User for external  Create Light user for [USERNAME]                           Firstname: [NAME]                        Lastname: [NAME]                                  Mailaddress: [EMAIL]                                      Phone: [PHONE]                                              Cost Center: 32151  Function: Support  Company: [COMPANY] Einsteinstr. 8. [ADDRESS]  Department: [ADDRESS]-[ADDRESS]  ZIP: [ADDRESS]  City: [ADDRESS]  Country: [ADDRESS]  Location:[LOCATION] Office:   Expiration date: Not defined     Important: Please indicate in EA14 that it is an external user.     Requestor: [NAME] ([COMPANY]. [LOCATION])     Desired date: Jan  8 2019 12:00AM     Additional information:,Support general,Medium
6486,File Share Access - [TICKET ID] - [NAME].[NAME]([COMPANY]. [LOCATION])Service Request: File Share Access     Grant access to file share for the following user:  [NAME].[NAME]([COMPANY]. [LOCATION]) (Username: [USERNAME])  Access Type: (RW) Read / Write  File Share:  J:/GMO-DECLARATIONS_MA     Requestor: [NAME] ([COMPANY]. [LOCATION])  Comment:,Fileservice,Medium
1025,[TICKET ID] - New Support Ticket received  - Deactivate email address: [EMAIL],Active Directory,Medium
11453,File Share Access - [TICKET ID] - [USERNAME]. [NAME] ([COMPANY]. [LOCATION])Service Request: File Share Access     Grant access to file share for the following user:  [USERNAME]. [NAME] ([COMPANY]. [LOCATION]) (Username: [USERNAME])  Access Type: (RO) Read only  File Share:  J:/ZR_MAS     Requestor: [NAME] ([COMPANY]. [LOCATION])  Comment:,Fileservice,Medium
2618,Basis User - [TICKET ID] - [NAME] ([COMPANY]. [LOCATION])Service Request: Basis User     Create Windows account for internal user  [NAME] ([COMPANY]. [LOCATION])     Firstname:  [NAME]  Lastname:  Nadj  Cost Center:  44265  Company:  [COMPANY] Seme YU D.O.O.  Department:  [COMPANY]_MA-[ADDRESS]  ZIP:  [ADDRESS]  City:  [ADDRESS]  Country:  [ADDRESS]  Office:       Important: Please set the EA10 to the following value: 13315 (leave blank. when empty)  Please create Exchange and Skype account.  The user needs at least the following access permissions:  Access to [SOFTWARE] ([SERVER])  Requestor:  [NAME] (EXTERNAL. [LOCATION])     Desired date:  Sep  3 2018 12:00AM     Additional information:  [LOCATION]Emloyee!  !!!! She also need mobile device accounts only - for A6 and iPad with [COMPANY] CRM. but this options are not existing in the Matrix shop!!!!,Active Directory,Medium
1442,new computer,Active Directory,Medium
697,[TICKET ID] - A Support Ticket was forwarded to your role  - Additional Application[LOCATION]Service - [TICKET ID] - [NAME] ([COMPANY]. [LOCATION]),Support general,Medium
9767,Cancelamento Usuário e Acessos Glauco Santos BahiaPor gentileza efetuar o cancelamento do usuário do Glauco Santos Bahia e criar aliás para e-mail do [NAME]. conforme termo em anexo.  Obrigada!,Active Directory,Medium
4029,Basis User for external - [USERNAME] - [NAME]. [NAME]Service Request: Basis User for external     Create Windows account for external user  [NAME]     Firstname: [NAME]  Lastname: [NAME]ailaddress: [EMAIL]  Phone: [PHONE]  Cost Center: 44293  Function: Controlling Temp  Company: [COMPANY]  Department: [COMPANY]_CT  Street: [ADDRESS]  ZIP: [ADDRESS]  City: [ADDRESS]  Country: [ADDRESS]  Location:[LOCATION] Office:   Expiration date: Not defined     Important: Please indicate in EA14 that it is an external user.     Requestor: [NAME] ([COMPANY]. [LOCATION])     Desired date: Jan  9 2019  7:00AM     Additional information:,Support general,Medium
839,[TICKET ID] - New information received on closed ticket  - Atualizar o programa Receira BX,Software,Medium
8474,Zugriff auf[LOCATION]Server von einem anderen[LOCATION]ServerHallo Zusammen.      vom [IP] gibt es keinen keinen Zugriff auf den Port 443 (https) des [IP]. Die andere Richtung funktioniert. Für das Geoprocessing (eine Webapplikation) brauchen wir aber eine beidseitige Kommunikation auf die https-Ports des Applikationservers und des Geoprocessing-Servers.      Können Sie bitte den Zugriff vom IP] auf den Port 443 (https) des [IP]  freischalten?                Danek udn Viele Grüße  [NAME],Support general,Medium
3500,File Share Access - [TICKET ID] - [NAME] ([COMPANY]. [LOCATION])Service Request: File Share Access     Grant access to file share for the following user:  [NAME] ([COMPANY]. [LOCATION]) (Username: )  Access Type: (RW) Read / Write  File Share:    J:/Stundenbuecher  J:/WST-ALLG       Requestor: [NAME] ([COMPANY]. [LOCATION])  Comment:,Fileservice,Medium
745,[TICKET ID] - New Support Ticket received  - Basis User - [USERNAME]. [NAME] ([COMPANY]. [LOCATION]),Support general,Medium
3688,The following system must be set to End Of Life in Nexthink and checked for[LOCATION]reservations:  [SERVER]  -Automated ticket creation-Please remove the system from Nexthink according to the[LOCATION]process and please verify if any[LOCATION]reservations exist. If yes. please remove reservations and note down the corresponding IP(s) and inform [COMPANY] network team to remove firewall rules if there are any.,EOL,High
805,[TICKET ID] - New Support Ticket received  - Impressora com atolamento de papel,Computer-Services,Medium
4124,The following system must be set to End Of Life in Nexthink and checked for[LOCATION]reservations:  [SERVER]  -Automated ticket creation-Please remove the system from Nexthink according to the[LOCATION]process and please verify if any[LOCATION]reservations exist. If yes. please remove reservations and note down the corresponding IP(s) and inform [COMPANY] network team to remove firewall rules if there are any.,EOL,High
1138,[TICKET ID] - New Support Ticket received  - Light House - Missing Updates,Support general,Medium
2868,File Share Access - [TICKET ID] - [NAME] ([COMPANY]. [LOCATION])Service Request: File Share Access     Grant access to file share for the following user:  [NAME] ([COMPANY]. [LOCATION]) (Username: [USERNAME])  Access Type: (RW) Read / Write  File Share:  J:/ÖFZFOX/MOM-OSR     Requestor: [NAME] ([COMPANY]. [LOCATION])  Comment:,Fileservice,Medium
1020,[TICKET ID] - New Support Ticket received  - check_mk SD Hostalarm: ([SERVER]) [COMPANY] LS Site2Site[LOCATION]- UP -> DOWN,Support general,High
573,The following system must be set to End Of Life in Nexthink and checked for[LOCATION]reservations:  [SERVER]  -Automated ticket creation-Please remove the system from Nexthink according to the[LOCATION]process and please verify if any[LOCATION]reservations exist. If yes. please remove reservations and note down the corresponding IP(s) and inform [COMPANY] network team to remove firewall rules if there are any.,EOL,High
630,[TICKET ID] - A Support Ticket was forwarded to your role  - Create[LOCATION]entry [SERVER]m.[COMPANY]up.ads.dir,Support general,Medium
929,[TICKET ID] - A Support Ticket was forwarded to your role  - Instalación de software,Software,Medium
628,[TICKET ID] - A Support Ticket was forwarded to your role  - Displaynamen für generische Email-Adressen anpassen,O365,Medium
980,[TICKET ID] - New Support Ticket received  - BarTender app,Software,Medium
722,[TICKET ID] - New Support Ticket received  - emails sent from GTC-TR mailbox appear in personal sent items instead GTC-TR sent items,O365,Medium
859,[TICKET ID] - New Support Ticket received  - My computer is not connecting to the network when it is out of the docking station.,Computer-Services,Medium
1309,[TICKET ID] - New Support Ticket received  - BD[LOCATION]Computer,Fileservice,Medium
8456,Basis User - [TICKET ID] - [NAME] ([COMPANY]. [LOCATION])Service Request: Basis User     Create Windows account for internal user  [NAME] ([COMPANY]. [LOCATION])     Firstname:  [NAME]  Lastname:  [NAME] Center:  44278  Company:  [COMPANY]  Department:  [ADDRESS]-MOM_BR-[ADDRESS]:  [ADDRESS]  ZIP:  [ADDRESS]  City:  [ADDRESS]  Country:    Office:       Important: Please set the EA10 to the following value: 12661 (leave blank. when empty)  Please create Exchange and Skype account.  The user needs at least the following access permissions:  Access to [SOFTWARE] ([SERVER])  Requestor: [NAME] ([COMPANY]. [LOCATION])     Desired date:  Jan 10 2019 12:00AM     Additional information:,Support general,Medium
652,[TICKET ID] - A Support Ticket was forwarded to your role  - Nutzer zu bestehenden Shared Mailboxen hinzufügen,O365,Medium
4448,Basis User for external - [TICKET ID] - [NAME]Service Request: Basis User for external     Create Windows account for external user  [NAME]     Firstname: [NAME]  Lastname: [NAME]ailaddress: [EMAIL]   Phone: [PHONE]  Cost Center: 44281  Function: IT provider  Company:[LOCATION] Department: [ADDRESS]/ [ADDRESS]  ZIP: [ADDRESS]  City: [ADDRESS]  Country:   Location:[LOCATION] Office:   Expiration date: Not defined     Important: Please indicate in EA14 that it is an external user.     Requestor: [NAME] ([COMPANY]. [LOCATION])     Desired date: Jan  4 2019 12:00AM     Additional information:  Please. could you create the adm user [USERNAME] in[LOCATION]OU with the same rights as admpearce.,Support general,Medium
674,[TICKET ID] - New Support Ticket received  - File Share Access - [TICKET ID] - [NAME]. ([COMPANY]. [LOCATION]),Fileservice,Medium
4253,File Share Access - [TICKET ID] - [USERNAME]. ([COMPANY]. [LOCATION])Service Request: File Share Access     Grant access to file share for the following user:  [USERNAME] ([COMPANY]. [LOCATION]) (Username: [USERNAME])  Access Type: (RW) Read / Write  File Share:        J:[COMPANY]_[COMPANY]    J:IT-ILV    Zugriff app22 share            Requestor: [NAME] ([COMPANY]. [LOCATION])  Comment:,Fileservice,Medium
11343,Basis User - [TICKET ID] - [USERNAME]. ([COMPANY]. [LOCATION])Service Request: Basis User     Create Windows account for internal user  [USERNAME] ([COMPANY]. [LOCATION])     Firstname:  [NAME]  Lastname:  [USERNAME]  Cost Center:  174454  Company:  [COMPANY] [ADDRESS] GmbH  Department:  GTC-[ADDRESS]  ZIP:  [ADDRESS]  City:  [ADDRESS]  Country:  Germany  Office:       Important: Please set the EA10 to the following value: 13616 (leave blank. when empty)  Please create Exchange and Skype account.  The user needs at least the following access permissions:  (RW) H:/%username%  (RO) J:/Auftrag  (RW) J:/Info  (RW) J:/Transfer  (RO) J:/Vorlagen  Access to [COMPANY] intranet  Access to [SOFTWARE] ([SERVER])  Requestor:  [NAME] ([COMPANY]. [LOCATION])     Desired date:  Dec 30 2018 12:00AM     Additional information:,Support general,Medium
1434,User locked out,Active Directory,Medium
1006,[TICKET ID] - New Support Ticket received  - Email cell phone problems,Support general,Medium
1317,[TICKET ID] - A Support Ticket was forwarded to your role  - Acesso a pasta Z (Obers),Fileservice,Medium
742,[TICKET ID] - A Support Ticket was forwarded to your role  - Basis User - [USERNAME] -,Support general,Medium
4468,Unable to obtain[LOCATION]QR code[NAME] is not able to get a QR code to set up the[LOCATION]Verify App on his phone. When he goes to his settings on the [COMPANY] Okta page. the Extra Verification simply says[LOCATION]Enabled but his mobile device need the QR code to activate. Please provide assistance.,Software,Medium
6164,File Share Access - [TICKET ID] - [USERNAME]. [NAME] ([COMPANY]. [LOCATION])Service Request: File Share Access     Grant access to file share for the following user:  [USERNAME]. [NAME] ([COMPANY]. [LOCATION]) (Username: [USERNAME])  Access Type: (RW) Read / Write  File Share:    Bitte richten Sie einen neuen Ordner auf Laufwerk J ein:   [SERVER]   Zugriff (Read and Write) für [NAME] und [NAME].       Requestor: [NAME] ([COMPANY]. [LOCATION])  Comment:,Fileservice,Medium
4376,Basis User - [TICKET ID] - [NAME] ([COMPANY]. [LOCATION])Service Request: Basis User     Create Windows account for internal user  [NAME] ([COMPANY]. [LOCATION])     Firstname:  [NAME]  Lastname:  [NAME]  Cost Center:  44288  Company:  [COMPANY] S.A.  Department:  [ADDRESS]. 20°andar  ZIP: [LOCATION][ADDRESS]  City:  [ADDRESS]  Country:  [ADDRESS]  Office:  [LOCATION].     Important: Please set the EA10 to the following value: 9102 (leave blank. when empty)  Please create Exchange and Skype account.  The user needs at least the following access permissions:  Access to [SOFTWARE] ([SERVER])  Requestor:  [NAME] ([COMPANY]. [LOCATION])     Desired date:  Jan 28 2019 12:00AM     Additional information:    Da der Mitarbeiter in[LOCATION]noch nicht von Braslien nach Deutschland umgehängt werden kann (erst mit seinem Arbeitsgebinn am 01.02.2019). bitte die Bestellungen auf die[LOCATION]47009 / Group Strategy/ [COMPANY] buchen.  Bitte die Bestellungen zur Freigabe an den neuen Vorgesetzen [NAME] van der Hoeven umlenken!  Lieferung aller Bestellungen bitte bis 28.01.2019,Support general,Medium
7332,Light User for external - [TICKET ID] - [NAME]Service Request: Light User for external  Create Light user for [NAME]     Firstname: [NAME]  Lastname: [NAME]ailaddress: [EMAIL]  Phone: [ADDRESS]  Function:[LOCATION]consultant Serbia  Company: [COMPANY]  Department: GIT-[ADDRESS]  ZIP: [ADDRESS]  City: [ADDRESS]  Country: [ADDRESS]  Location:[LOCATION] Office:   Expiration date: Mar 31 2019 12:00AM     Important: Please indicate in EA14 that it is an external user.     Requestor: [NAME] ([COMPANY]. [LOCATION])     Desired date: Dec 19 2018 12:00AM     Additional information:,Support general,Medium
2968,OneDrive loginHello!  It is often the case (not every time. but very often) that when I open a file from OneDrive that I have to login when I want to save my changes.  I was under the impression that when Im using my work computer within the network I would not have to login every time.  Thanks in advance for your help!,O365,Medium
10169,Basis User - [TICKET ID] - [NAME] ([COMPANY]. [LOCATION])Service Request: Basis User     Create Windows account for internal user  [NAME] ([COMPANY]. [LOCATION])     Firstname:  [NAME]  Lastname:  Germerott  Cost Center:  47028  Company:  [COMPANY] SE  Department:  GCT-ESP  [ADDRESS]  ZIP:  [ADDRESS]  City:  [ADDRESS]  Country:  [ADDRESS]  Office:       Important: Please set the EA10 to the following value: 13496 (leave blank. when empty)  Please create Exchange and Skype account.  The user needs at least the following access permissions:  (RW) H:/%username%  (RO) J:/Auftrag  (RW) J:/Info  (RW) J:/Transfer  (RO) J:/Vorlagen  Access to [COMPANY] intranet  Access to [SOFTWARE] ([SERVER])  Requestor:  [NAME] ([COMPANY]. [LOCATION])     Desired date:  Dec 18 2018 12:00AM     Additional information:   This order includes Software & Hardware for [NAME]  Hello.   Please create a new[LOCATION]User for mrs. [NAME] with following roles:  P01:  .DE:CO:GR05:OM_CONTROL_SPART  .DE:CO:GR05:PA_CONTROL_SPART  .DE:CO:GR05:PC_HQ_MATBEW  .DE:MM:0001:AUSWERTER_ZR  .DE:MM:0001:INVENTURABWICKL_ZR  .DE:MM:GEIN:LOGISTIK_CONTRL_ZR  .DE:MM:GR05:CONTRL_LOGISTIK_ZR  .DE:SD:0001:ABSATZPLANER_ZR  .NL:MM:0065:BESTANDSPLANER_KA  .US:MM:5850:LOGI_CO  .US:SD:5850:SDP_[SERVER]     BIP:  .BW:CO:CCT:REP  .BW:EC:CORPCT:REP  .BW:ICP:CM:CCT:REP  .BW:ICP:FC:CCT:REP  .BW:ICP:IM:CCT:REP  .BW:ICP:PP:CCT:REP  .DE:BC:ALLE:BASIS_FUNCTIONS  .PC:CF:INPL:CCT,Support general,Medium
1169,[TICKET ID] - A Support Ticket was forwarded to your role  - Initiated by [COMPANY][LOCATION]- Vulnerable Teamviewer on [SERVER],Support general,Medium
10247,File Share Access - [TICKET ID] - [USERNAME] ([COMPANY]. [LOCATION])Service Request: File Share Access     Grant access to file share for the following user:  [USERNAME]([COMPANY]. [LOCATION]) (Username: [USERNAME])  Access Type: (RW) Read / Write  File Share:  J:/LTR     Requestor: [USERNAME] ([COMPANY]. [LOCATION])  Comment:  Zugriff auf Laufwerk J:/LTR,Fileservice,Medium
743,[TICKET ID] - New Support Ticket received  - Basis User - [USERNAME] -,Support general,Medium
1199,[TICKET ID] - New Support Ticket received  - Liberar acesso,Active Directory,Medium
1122,[TICKET ID] - [SERVER][LOCATION]- Planned Maintenance - 2018-10-04. 10:00[LOCATION]| cpe0009469 ([COMPANY]) | cpe0013003 ([LOCATION]_Kimberly) [COMPANY] SE. Rückmeldungen erforderlich.,Support general,Medium
1269,[TICKET ID] - A Support Ticket was forwarded to you  - problem with[LOCATION]on new device [SERVER],Support general,Medium
927,[TICKET ID] - New Support Ticket received  - Fuser error on [SERVER],Computer-Services,Medium
1318,[TICKET ID] - New Support Ticket received  - When connect through VPN. cannot access R: drive normally. only through IP,Fileservice,Medium
1211,[TICKET ID] - New Support Ticket received  - new phone set up,Support general,Medium
1247,[TICKET ID] - New Support Ticket received  - Emails missing in outlook,O365,Medium
1092,[TICKET ID] - A Support Ticket was forwarded to you  - Fones de Ouvido,Support general,Medium
7507,File Share Access - [TICKET ID] - [NAME] ([COMPANY]. [LOCATION])Service Request: File Share Access     Grant access to file share for the following user:  [NAME] ([COMPANY]. [LOCATION]) (Username: [USERNAME])  Access Type: (RW) Read / Write  File Share:  J:/scan/canon/ningel     Requestor: [NAME] ([COMPANY]. [LOCATION])  Comment:,Fileservice,Medium
806,[TICKET ID] - New Support Ticket received  - 3rd Party Consultant Access Denied,Active Directory,Medium
10119,Light User for external - [TICKET ID] - [NAME]Service Request: Light User for external  Create Light user for [USERNAME]. [NAME]     Firstname: [NAME]  Lastname: [NAME]ailaddress: [EMAIL]  Phone: [PHONE] Center: 47054  Function: External Staff  Company: [COMPANY] IT Services  Department: GIT-[ADDRESS]  ZIP: [ADDRESS]  City: [ADDRESS]  Country: [ADDRESS]  Location:[LOCATION] Office:   Expiration date: Not defined     Important: Please indicate in EA14 that it is an external user.     Requestor: [NAME] ([COMPANY]. [LOCATION])     Desired date: Jan  3 2019 12:00AM     Additional information:  Please creat an[LOCATION]Admin Account for external.,Support general,Medium
3868,File Share Access - [TICKET ID] - [NAME] ([COMPANY]. [LOCATION])Service Request: File Share Access     Grant access to file share for the following user:  [NAME] ([COMPANY]. [LOCATION]) (Username: [USERNAME])  Access Type: (RW) Read / Write  File Share:  [SERVER]-FINANCE-RW     Requestor: [NAME] ([COMPANY]. [LOCATION])  Comment:,Fileservice,Medium
35,The following system must be set to End Of Life in Nexthink and checked for[LOCATION]reservations:  [SERVER]  -Automated ticket creation-Please remove the system from Nexthink according to the[LOCATION]process and please verify if any[LOCATION]reservations exist. If yes. please remove reservations and note down the corresponding IP(s) and inform [COMPANY] network team to remove firewall rules if there are any.,EOL,High
5854,Abertura de PastaBom dia!      Por gentileza. criar uma pasta Relatório estoque dentro do Grupos J selecionar opção Laboratório e liberar o acesso para todos do ticket.,Fileservice,Medium
4725,The following system must be set to End Of Life in Nexthink and checked for[LOCATION]reservations:  [SERVER]  -Automated ticket creation-Please remove the system from Nexthink according to the[LOCATION]process and please verify if any[LOCATION]reservations exist. If yes. please remove reservations and note down the corresponding IP(s) and inform [COMPANY] network team to remove firewall rules if there are any.,EOL,High
3180,The following system must be set to End Of Life in Nexthink and checked for[LOCATION]reservations:  [SERVER]  -Automated ticket creation-Please remove the system from Nexthink according to the[LOCATION]process and please verify if any[LOCATION]reservations exist. If yes. please remove reservations and note down the corresponding IP(s) and inform [COMPANY] network team to remove firewall rules if there are any.,EOL,High
3038,Basis User - [USERNAME] -Service Request: Basis User     Create Windows account for internal user       Firstname:  [NAME]   Lastname:  [NAME]   Cost Center:  174407  Company:    Department:  [ADDRESS]:    ZIP:    City:    Country:  [ADDRESS]  Office:       Important: Please set the EA10 to the following value: 13681 (leave blank. when empty)  Please create Exchange and Skype account.  The user needs at least the following access permissions:  (RW) H:/%username%  (RO) J:/Auftrag  (RW) J:/Info  (RW) J:/Transfer  (RO) J:/Vorlagen  Access to [COMPANY] intranet  Access to [SOFTWARE] ([SERVER])  Requestor:  [NAME] ([COMPANY]. [LOCATION])     Desired date:  Jan 15 2019 12:00AM     Additional information:   english keyboard Bitte vom Berliner Bestand nehmen. wenn möglich. danke.,Support general,Medium
1116,[TICKET ID] - New Support Ticket received  - instalação de aplicativos no celular,Support general,Medium
14108,INSTALAR ATUALIZAÇÃO SICALCBom dia!         Por favor. poderia me ajudar?     Preciso que coloquem a senha. para que eu possa instalar a atualização do Sicalc.         Obrigada!        Att..     [NAME],Software,Medium
8170,Leaving Employee - [TICKET ID] - [NAME] ([COMPANY] [LOCATION])Service Request: Leaving Employee     The user [NAME] ([COMPANY] [LOCATION]) (Username: [USERNAME]) is going to leave [COMPANY] on Aug 15 2018  7:00AM.     The following IT services have to be canceled:  - Delete Windows account (Active Directory)  - Delete E-Mail account (Exchange)  - Return Hardware  - Return mobile device  - Delete[NAME]account  - Disable[LOCATION]access  - Disable Citrix access  - Disable file access  - Withdraw Adobe licenses     Requestor: [NAME] ([COMPANY]. [LOCATION])  Leaving date: Aug 15 2018  7:00AM  Comment:,Active Directory,Medium
898,[TICKET ID] - New Support Ticket received  - Instalação de impressora,Computer-Services,Medium
9275,The following system must be set to End Of Life in Nexthink and checked for[LOCATION]reservations:  [SERVER]  -Automated ticket creation-Please remove the system from Nexthink according to the[LOCATION]process and please verify if any[LOCATION]reservations exist. If yes. please remove reservations and note down the corresponding IP(s) and inform [COMPANY] network team to remove firewall rules if there are any.,EOL,High
9508,Problemas para abrir archivos adjuntos en correoNecesito solucionar este problema para el cual adjunto imagen:  Saludos [Image],O365,Medium
1053,[TICKET ID] - New Support Ticket received  - Add label printer,Computer-Services,Medium
10905,Instalação de SoftwarePreciso da instalação do software do receptor de Wi-fi.,Software,Medium
8676,The following system must be set to End Of Life in Nexthink and checked for[LOCATION]reservations:  [SERVER]  -Automated ticket creation-Please remove the system from Nexthink according to the[LOCATION]process and please verify if any[LOCATION]reservations exist. If yes. please remove reservations and note down the corresponding IP(s) and inform [COMPANY] network team to remove firewall rules if there are any.,EOL,High
4482,[NAME] and [NAME]Hello.  When [NAME] replies all to an email he receives a copy of the email he just sent.  I believe this is due to the way his email is setup. as a distribution list (figure 1).   I suspect this issue is affecting all the users that have [URL][USERNAME] as their primary email. these include the following.    [NAME]  [NAME]  [NAME]  [NAME]  [Image]  When expanding. it populates the users name (figure 2).  Please also note a critical of this is the user is sending as @[USERNAME] (figure 2).  User should be sending email as [EMAIL] mailto:[EMAIL]. [Image],O365,High
2817,ingreso skipe[Image],O365,Medium
7519,File Share Access - [TICKET ID] - [NAME] ([COMPANY]. [LOCATION])Service Request: File Share Access     Grant access to file share for the following user:  [NAME] ([COMPANY]. [LOCATION]) (Username: [USERNAME])  Access Type: (RW) Read / Write  File Share:  j:/ins-dv     Requestor: [NAME] ([COMPANY]. [LOCATION])  Comment:,Fileservice,Medium
735,[TICKET ID] - A Support Ticket was forwarded to your role  - Light User for external - [TICKET ID] - [NAME],Support general,Medium
1270,[TICKET ID] - New Support Ticket received  - problem with[LOCATION]on new device [SERVER],Support general,Medium
14140,Basis User - [TICKET ID] - [USERNAME]. [NAME] ([COMPANY]. [LOCATION])Service Request: Basis User     Create Windows account for internal user  [USERNAME]. [NAME] ([COMPANY]. [LOCATION])     Firstname:  [NAME]  Lastname:  [NAME]  Cost Center:  31204  Company:  [COMPANY] SE  Department:  SB-[ADDRESS]  ZIP:  [ADDRESS]  City:  [ADDRESS]  Country:  [ADDRESS]  Office:       Important: Please set the EA10 to the following value: 5601 (leave blank. when empty)  Please create Exchange and Skype account.  The user needs at least the following access permissions:  (RW) H:/%username%  (RO) J:/Auftrag  (RW) J:/Info  (RW) J:/Transfer  (RO) J:/Vorlagen  Access to [COMPANY] intranet  Access to [SOFTWARE] ([SERVER])  Requestor: [NAME] ([COMPANY]. [LOCATION])     Desired date:  Feb  1 2019 12:00AM     Additional information:,Support general,Medium
1251,[TICKET ID] - A Support Ticket was forwarded to your role  - check_mk SD Hostalarm: ([SERVER]) [COMPANY] LS Site2Site[LOCATION]- UP -> DOWN,Support general,High
9996,The following system must be set to End Of Life in Nexthink and checked for[LOCATION]reservations:  [SERVER]  -Automated ticket creation-Please remove the system from Nexthink according to the[LOCATION]process and please verify if any[LOCATION]reservations exist. If yes. please remove reservations and note down the corresponding IP(s) and inform [COMPANY] network team to remove firewall rules if there are any.,EOL,High
848,[TICKET ID] - A Support Ticket was forwarded to your role  - check_mk SD Hostalarm: (nsc-magalhaes) [COMPANY] LS Site2Site[LOCATION]- UP -> DOWN,Support general,High
917,[TICKET ID] - New Support Ticket received  - Instalación de impresora multifuncional Longavi,Computer-Services,Medium
985,[TICKET ID] - New Support Ticket received  - instalacion de google earth y basecamp,Software,Medium
9724,File Share Access - [TICKET ID] - [USERNAME]. Elvin ([COMPANY]. [LOCATION])Service Request: File Share Access     Grant access to file share for the following user:  [USERNAME]. Elvin ([COMPANY]. [LOCATION]) (Username: [USERNAME])  Access Type: (RW) Read / Write  File Share:    J:/MarkerDB       The user needs access to the Marker Database.   Thanks        Requestor: [NAME] ([COMPANY]. [LOCATION])  Comment:,Fileservice,Medium
6285,Teams & Skype integration questionCan someone look at integration problems between Teams and Skype?  Example:  I am online in Teams. but not in Skype now. When I try to contact someone (chat or call) that is Online in Skype but not in Teams. it doesnt work. Is this by design?  thanks    [NAME]BA. PMP. CISSP   [COMPANY] Services North America  Phone [PHONE]         Mobile [PHONE]  [EMAIL]<mailto:[EMAIL]>            [URL]>,O365,Low
835,[TICKET ID] - New Support Ticket received  - celphone application Access does not work,Support general,Medium
9020,The following system must be set to End Of Life in Nexthink and checked for[LOCATION]reservations:  [SERVER]  -Automated ticket creation-Please remove the system from Nexthink according to the[LOCATION]process and please verify if any[LOCATION]reservations exist. If yes. please remove reservations and note down the corresponding IP(s) and inform [COMPANY] network team to remove firewall rules if there are any.,EOL,High
1183,[TICKET ID] - New Support Ticket received  - setup PC,Support general,Medium
1113,[TICKET ID] - A Support Ticket was forwarded to you  - Initiated by [COMPANY][LOCATION]- Vulnerable Intel[LOCATION]on [SERVER],Support general,Medium
1217,[TICKET ID] - New Support Ticket received  - Add member to [COMPANY] Leadership Team email distribution list,O365,Medium
1144,[TICKET ID] - New Support Ticket received  - Computador - Conta a pagar,Support general,Medium
385,File Share Access - [TICKET ID] -Service Request: File Share Access     Grant access to file share for the following user:   (Username: )  Access Type: (RW) Read / Write  File Share:  J:/[COMPANY]/HR     Requestor: Messing [NAME] ([COMPANY]. [LOCATION])  Comment:,Fileservice,Medium
7620,File Share Access - [TICKET ID] - [USERNAME]. [NAME] ([COMPANY]. [LOCATION])Service Request: File Share Access     Grant access to file share for the following user:  [USERNAME]. [NAME] ([COMPANY]. [LOCATION]) (Username: [USERNAME])  Access Type: (RW) Read / Write  File Share:    Laufwerk J: ZET-PW           Requestor: [NAME] ([COMPANY]. [LOCATION])  Comment:,Fileservice,Medium
6016,Light User for external - [TICKET ID] - [NAME] Service Request: Light User for external  Create Light user for [NAME]     Firstname: [NAME]  Lastname: [NAME]ailaddress: [EMAIL]  Phone: [PHONE]  Cost Center: 47050  Function: External Consultant  Company: [COMPANY] Brasil  Department: GIT-[ADDRESS]  ZIP: [ADDRESS]  City: [ADDRESS]  Country: [ADDRESS]  Location:[LOCATION] Office:   Expiration date: May 31 2019 11:00PM     Important: Please indicate in EA14 that it is an external user.     Requestor: [NAME] ([COMPANY]. [LOCATION])     Desired date: Jan 18 2019 12:00AM     Additional information:,Support general,Medium
1059,[TICKET ID] - New Support Ticket received  - Instalar scanner,Computer-Services,Medium
872,[TICKET ID] - New Support Ticket received  - Skype meeting invitations,O365,Medium
1384,[TICKET ID] - New Support Ticket received  - SKYPE[LOCATION]BUSINESS,O365,Medium
4059,The following system must be set to End Of Life in Nexthink and checked for[LOCATION]reservations:  [SERVER]  -Automated ticket creation-Please remove the system from Nexthink according to the[LOCATION]process and please verify if any[LOCATION]reservations exist. If yes. please remove reservations and note down the corresponding IP(s) and inform [COMPANY] network team to remove firewall rules if there are any.,EOL,High
1166,[TICKET ID] - New Support Ticket received  - passcode for work cell phone,Support general,Medium
11547,File Share Access - [TICKET ID] - [NAME] ([COMPANY]. [LOCATION])Service Request: File Share Access     Grant access to file share for the following user:  [NAME] ([COMPANY]. [LOCATION]) (Username: [USERNAME])  Access Type: (RW) Read / Write  File Share:      J:/CE-STA/      please create the folder if it does not yet exist and give R/W access for this and all subfolders.        Requestor: [NAME] ([COMPANY]. [LOCATION])  Comment:,Fileservice,Medium
9800,The following system must be set to End Of Life in Nexthink and checked for[LOCATION]reservations:  [SERVER]  -Automated ticket creation-Please remove the system from Nexthink according to the[LOCATION]process and please verify if any[LOCATION]reservations exist. If yes. please remove reservations and note down the corresponding IP(s) and inform [COMPANY] network team to remove firewall rules if there are any.,EOL,High
977,[TICKET ID] - New Support Ticket received  - iPad perm Wi-Fi,Support general,Medium
679,[TICKET ID] - A Support Ticket was forwarded to your role  - Light User for external - [USERNAME] - [NAME],Support general,Medium
808,[TICKET ID] - New Support Ticket received  - Printer doesn`t work correctly,Computer-Services,Medium
8825,Einrichtung des [COMPANY] Kalenders auf einem privaten NotebookEinrichtung des [COMPANY] Kalenders auf einem privaten Notebook  Verantwortliche Person: [NAME],O365,Medium
1256,[TICKET ID] - A Support Ticket was forwarded to your role  -  Cambios de PC [NAME] y [NAME] oficina a Original,Support general,Medium
3243,File Share Access - [TICKET ID] - [NAME] ([COMPANY]. [LOCATION])Service Request: File Share Access     Grant access to file share for the following user:  [NAME] ([COMPANY]. [LOCATION]) (Username: [NAME])  Access Type: (RW) Read / Write  File Share:                                //[COMPANY]ads.dir/[COMPANY]ein01-ems01/[LOCATION])                           Requestor: [NAME] ([COMPANY]. [LOCATION])  Comment:,Fileservice,Medium
960,[TICKET ID] - New Support Ticket received  - instalacion de impresoras [SERVER] y 03,Computer-Services,Medium
1167,[TICKET ID] - New Support Ticket received  - switch phones,Support general,Medium
539,[TICKET ID] - A Support Ticket was forwarded to your role  - Email Benachrichtigung nach Kalenderbuchung,O365,Medium
1423,SR272002 Marriage and changed name requested for: [NAME] ([COMPANY]; [NAME]),Active Directory,Medium
5242,File Share Access - [TICKET ID] - [NAME] ([COMPANY]. [LOCATION])Service Request: File Share Access     Grant access to file share for the following user:  [NAME] ([COMPANY]. [LOCATION]) (Username: [USERNAME])  Access Type: (RW) Read / Write  File Share:  N:/share_/Döbbert     Requestor: [NAME] ([COMPANY]. [LOCATION])  Comment:,Fileservice,Medium
10439,Basis User for external - [TICKET ID] - [NAME]Service Request: Basis User for external     Create Windows account for external user  [NAME]     Firstname: [NAME]  Lastname: [NAME]ailaddress: [EMAIL]  Phone: [PHONE]  Cost Center: 44251  Function: Business Development Support  Company: [COMPANY]  Department: [COMPANY]SM  Street: [ADDRESS]  ZIP: [ADDRESS]  City: [ADDRESS]  Country: [ADDRESS]  Location:[LOCATION] Office:   Expiration date: Not defined     Important: Please indicate in EA14 that it is an external user.     Requestor: [NAME] ([COMPANY]. [LOCATION])     Desired date: Dec 19 2018  7:00AM     Additional information:  User is a part time employee.,Support general,Medium
4140,Cancelamento Usuário e Acessos [NAME]Por gentileza efetuar o cancelamento do usuário de [NAME].  Obrigada!,Active Directory,Medium
5603,File Share Access - [TICKET ID] - [NAME] ([COMPANY] Inc.. [LOCATION])Service Request: File Share Access     Grant access to file share for the following user:  [NAME] ([COMPANY] Inc.. [LOCATION]) (Username: [USERNAME])  Access Type: (RW) Read / Write  File Share:       J:/INS-ZR      J:/INS-ZRMO            J:/INS-ZRRP            J:/ZR_MAS             Requestor: [NAME] ([COMPANY]. [LOCATION])  Comment:,Fileservice,Medium
11019,Instalar impressoraBoa tarde.  Gostaria de instalar em meu computador uma impressora.  Impressora RENA. [COMPANY]elo Enveloper imager 2.5.  É uma impressora para imprimir em pacotinhos de sementes.      Obrigado!,Computer-Services,Medium
11224,Light User for external - [USERNAME] - [NAME] Service Request: Light User for external  Create Light user for [NAME]     Firstname: [NAME]  Lastname: [NAME]ailaddress: [EMAIL]  Phone: [PHONE]  Cost Center: 44288  Function: Vigilant  Company: [COMPANY]  Department: [ADDRESS] [ADDRESS] Rural.  ZIP: [ADDRESS]  City: [ADDRESS] - MG  Country: [ADDRESS]  Location:[LOCATION] Office:   Expiration date: Not defined     Important: Please indicate in EA14 that it is an external user.     Requestor: [NAME] ([COMPANY]. [LOCATION])     Desired date: Dec 22 2018  3:00AM     Additional information:,Support general,Medium
11527,Basis User - [TICKET ID] -Service Request: Basis User     Create Windows account for internal user       Firstname:  [NAME]  Lastname:  [NAME]  Cost Center:  150400  Company:    Department:  [COMPANY]_FT-[ADDRESS]:    ZIP:    City:    Country:  [ADDRESS]  Office:       Important: Please set the EA10 to the following value: [USERNAME]@Jessica (leave blank. when empty)  Please create Exchange and Skype account.  The user needs at least the following access permissions:  (RW) H:/%username%  (RO) J:/Auftrag  (RW) J:/Info  (RW) J:/Transfer  (RO) J:/Vorlagen  Access to [COMPANY] intranet  Access to [SOFTWARE] ([SERVER])  Requestor:  [NAME] ([COMPANY]. [LOCATION])     Desired date:  Jan 11 2019 12:00AM     Additional information:,Support general,Medium
672,[TICKET ID] - A Support Ticket was forwarded to your role  - Anpassung der shared Mailbox: [SERVER],O365,Medium
6336,Basis User - [TICKET ID] - [NAME] ([COMPANY] [LOCATION])Service Request: Basis User     Create Windows account for internal user  [NAME] ([COMPANY] [LOCATION])     Firstname:  [NAME]  Lastname:  [NAME]  Cost Center:  44251  Company:  [COMPANY] Inc.  Department:  [COMPANY]OP  Street:  [ADDRESS]  ZIP:  [ADDRESS]  City:  [ADDRESS]  Country:  [ADDRESS]  Office:       Important: Please set the EA10 to the following value: 13401 (leave blank. when empty)  Please create Exchange and Skype account.  The user needs at least the following access permissions:  Access to [SOFTWARE] ([SERVER])  Requestor:  [NAME] ([COMPANY]. [LOCATION])     Desired date:  Sep 25 2018  7:00AM     Additional information:   Please set primary email to be [EMAIL],Active Directory,Medium
6957,File Share Access - [TICKET ID] - [NAME] ([COMPANY]. [LOCATION])Service Request: File Share Access     Grant access to file share for the following user:  [NAME] ([COMPANY]. [LOCATION]) (Username: [USERNAME])  Access Type: (RW) Read / Write  File Share:  J:/FW-PA_FB     Requestor: [NAME] ([COMPANY]. [LOCATION])  Comment:,Fileservice,Medium
456,[TICKET ID] - A Support Ticket was forwarded to your role  - Erstellung von generischen Email-Adressen für[LOCATION]Procurement,O365,Medium
1212,[TICKET ID] - A Support Ticket was forwarded to you  - Zugriff eMail Postfach,O365,Medium
105,Basis User - [TICKET ID] - [USERNAME] [NAME] ([COMPANY]. [LOCATION])Service Request: Basis User     Create Windows account for internal user  [USERNAME] [NAME] ([COMPANY]. [LOCATION])     Firstname:  [NAME]  Lastname:  [NAME]  Cost Center:  47015  Company:  [COMPANY] SE  Department:  GGR-[ADDRESS]  ZIP:  [ADDRESS]  City:  [ADDRESS]  Country:  Germany  Office:  [LOCATION]. BOB. 2.25     Important: Please set the EA10 to the following value: 795 (leave blank. when empty)  Please create Exchange and Skype account.  The user needs at least the following access permissions:  (RW) H:/%username%  (RO) J:/Auftrag  (RW) J:/Info  (RW) J:/Transfer  (RO) J:/Vorlagen  Access to [COMPANY] intranet  Access to [SOFTWARE] ([SERVER])  Requestor:  [USERNAME] [NAME] ([COMPANY]. [LOCATION])     Desired date:  Jan 29 2019 12:00AM     Additional information:   Diese Bestellung ist für den neuen Mitarbeiter Herrn [NAME] mit Eintrittsdatum 01.02.2019. Bitte das Notebook Anfang KW 5 ausliefern bzw. mir die PC-Nr. mitteilen. so dass ich die notwendigen Zugriffsrechte für dieses Notebook bestellen kann.  Raumnummer steht Mitte dieser Woche fest  Handy ist ab 01.02. erforderlich. ggf. Leihgerät,Support general,Medium
2693,Light User for external - [TICKET ID] - [NAME]Service Request: Light User for external  Create Light user for [USERNAME]. [NAME]     Firstname: [NAME]  Lastname: [NAME]ailaddress: [EMAIL]  Phone: [PHONE]  Cost Center: 47054  Function: IT Support [SOFTWARE][LOCATION] Company: [COMPANY] IT Services GmbH  Department: [ADDRESS]  ZIP: [ADDRESS]  City: [ADDRESS]  Country: [ADDRESS]  Location:[LOCATION] Office:   Expiration date: Not defined     Important: Please indicate in EA14 that it is an external user.     Requestor: [NAME] ([COMPANY]. [LOCATION])     Desired date: Jan 11 2019 12:00AM     Additional information:,Support general,Medium
4239,Excel sheet remains open even after being closedProtoplast_Exp_Plan_2018 says that I ([NAME]) have it open when I do not and prevents other people from editing the document.   Please fix this. Thanks.,O365,Medium
950,[TICKET ID] - A Support Ticket was forwarded to you  - [NAME],Software,Medium
13923,The following system must be set to End Of Life in Nexthink and checked for[LOCATION]reservations:  [SERVER]  -Automated ticket creation-Please remove the system from Nexthink according to the[LOCATION]process and please verify if any[LOCATION]reservations exist. If yes. please remove reservations and note down the corresponding IP(s) and inform [COMPANY] network team to remove firewall rules if there are any.,EOL,High
1012,[TICKET ID] - New Support Ticket received  - [NAME] cell phone,Support general,Medium
1373,[TICKET ID] - A Support Ticket was forwarded to your role  - activacion Blackberry Work,Support general,Medium
9735,File Share Access - [TICKET ID] - [NAME]. [NAME] ([COMPANY]. BRCL)Service Request: File Share Access     Grant access to file share for the following user:  [NAME]. [NAME] ([COMPANY]. BRCL) (Username: [USERNAME])  Access Type: (RW) Read / Write  File Share:      N:/[SERVER]/STA-CAM        R/W including all subfolders.         Requestor: [NAME] ([COMPANY]. [LOCATION])  Comment:,Fileservice,Medium
748,[TICKET ID] - New Support Ticket received  - Basis User - [USERNAME] - [NAME] ([COMPANY]. [LOCATION]),Support general,Medium
10069,The following system must be set to End Of Life in Nexthink and checked for[LOCATION]reservations:  [SERVER]  -Automated ticket creation-Please remove the system from Nexthink according to the[LOCATION]process and please verify if any[LOCATION]reservations exist. If yes. please remove reservations and note down the corresponding IP(s) and inform [COMPANY] network team to remove firewall rules if there are any.,EOL,High
1192,[TICKET ID] - New Support Ticket received  - Instalação do contaction,Software,Medium
12286,The following system must be set to End Of Life in Nexthink and checked for[LOCATION]reservations:  [SERVER]  -Automated ticket creation-Please remove the system from Nexthink according to the[LOCATION]process and please verify if any[LOCATION]reservations exist. If yes. please remove reservations and note down the corresponding IP(s) and inform [COMPANY] network team to remove firewall rules if there are any.,EOL,High
622,[TICKET ID] - New Support Ticket received  - Basis User - [USERNAME] - [NAME] ([COMPANY]. [LOCATION]),Support general,Medium
1195,[TICKET ID] - New Support Ticket received  - Instalar o programa[LOCATION](Receita Federal),Software,Medium
11240,Basis User - [TICKET ID] -Service Request: Basis User     Create Windows account for internal user       Firstname:  [NAME]  Lastname:  [NAME]  Cost Center:  44256  Company:    Department:  [ADDRESS] s/n  ZIP:  [ADDRESS]  City:  [ADDRESS]  Country:  Chile  Office:       Important: Please set the EA10 to the following value: [USERNAME] (leave blank. when empty)  Please create Exchange and Skype account.  The user needs at least the following access permissions:  Access to [SOFTWARE] ([SERVER])  Requestor: [NAME] ([COMPANY]. [LOCATION])     Desired date:  Jan 16 2019  4:00AM     Additional information:,Support general,Medium
8348,File Share Access - [TICKET ID] - [NAME] ([COMPANY]. BRLM)Service Request: File Share Access     Grant access to file share for the following user:  [NAME] ([COMPANY]. BRLM) (Username: [USERNAME])  Access Type: (RW) Read / Write  File Share:      N:/[SERVER]/STA-LEM        R/W including all subfolders.         Requestor: [NAME] ([COMPANY]. [LOCATION])  Comment:,Fileservice,Medium
3683,File Share Access - [TICKET ID] - [NAME] ([COMPANY]. [LOCATION])Service Request: File Share Access     Grant access to file share for the following user:  [NAME] ([COMPANY]. [LOCATION]) (Username: [USERNAME])  Access Type: (RW) Read / Write  File Share:    [SERVER]-[SERVER]           Requestor: [NAME] ([COMPANY]. [LOCATION])  Comment:,Fileservice,Medium
1380,[TICKET ID] - New Support Ticket received  - Dificuldade acesso ao Skype,O365,Medium
9955,The following system must be set to End Of Life in Nexthink and checked for[LOCATION]reservations:  [SERVER]  -Automated ticket creation-Please remove the system from Nexthink according to the[LOCATION]process and please verify if any[LOCATION]reservations exist. If yes. please remove reservations and note down the corresponding IP(s) and inform [COMPANY] network team to remove firewall rules if there are any.,EOL,High
1101,[TICKET ID] - Instalar programa BarTender. Rückmeldungen erforderlich.,Software,Medium
1344,[TICKET ID] - New Support Ticket received  - Skype,O365,Medium
3772,[NAME] PC locked out[NAME] has been traveling for yield trial harvest.  He will be in [NAME] the 5th. 7 am local.        Please call him to reset his account?        [PHONE]    or [NAME] extension [PHONE],Software,Medium
764,[TICKET ID] - New Support Ticket received  - Remove File Share Access - [TICKET ID] - [NAME] ([COMPANY]. [LOCATION]),Fileservice,Medium
1385,[TICKET ID] - New Support Ticket received  - Opening Word (doc/docx) Resumes from[LOCATION]MS Word Issue,O365,Medium
8278,Adding a name to the Shakopee Employees Distribution List.Please add [NAME] to the Shakopee Employees Distribution List.,O365,Medium
11321,Light User for external - [TICKET ID] - [NAME]. CasperService Request: Light User for external  Create Light user for [USERNAME]     Firstname: [NAME]  Lastname: [NAME]ailaddress: [EMAIL]  Phone: [PHONE]  Cost Center: 44293  Function: DB Consultant  Company: [COMPANY]  Department: [COMPANY]_IT  Street: [ADDRESS]  ZIP: [ADDRESS]  City: [ADDRESS]  Country: [ADDRESS]  Location:[LOCATION] Office:   Expiration date: Not defined     Important: Please indicate in EA14 that it is an external user.     Requestor: [NAME] ([COMPANY]. [LOCATION])     Desired date: Jan 11 2019  7:00AM     Additional information:,Support general,Medium
769,[TICKET ID] - New Support Ticket received  - Light User - [USERNAME] - [NAME] ([COMPANY]. [LOCATION]),Support general,Medium
9400,File Share Access - [TICKET ID] - [NAME] ([COMPANY]. [LOCATION])Service Request: File Share Access     Grant access to file share for the following user:  [USERNAME]. [NAME] ([COMPANY]. [LOCATION]) (Username: [USERNAME])  Access Type: (RW) Read / Write  File Share:      N:/MA55/        please create the folder and give R/W access for this and all subfolders.          Requestor: [NAME] ([COMPANY]. [LOCATION])  Comment:,Fileservice,Medium
705,[TICKET ID] - New Support Ticket received  - Pushmail[LOCATION]Verify for authentification does not work -,Software,Medium
11518,ImpressoraBom dia.    Preciso da instalacao da impressora SHARP em meu laptop.    GRato.,Computer-Services,Medium
6128,File Share Access - [TICKET ID] - [NAME] ([COMPANY]. [LOCATION])Service Request: File Share Access     Grant access to file share for the following user:  [NAME] ([COMPANY]. [LOCATION]) (Username: [USERNAME])  Access Type: (RW) Read / Write  File Share:      J:/CE-STA/      please create the folder if it does not yet exist and give R/W access for this and all subfolders.        Requestor: [NAME] ([COMPANY]. [LOCATION])  Comment:,Fileservice,Medium
1147,[TICKET ID] - New Support Ticket received  - aplicacion hobo en equipo celular y funcionamiento,Support general,Medium
468,[TICKET ID] - A Support Ticket was forwarded to your role  - Change of User and E-mail Address,O365,Medium
673,[TICKET ID] - A Support Ticket was forwarded to your role  - File Share Access - [TICKET ID] - [NAME] ([COMPANY]. [LOCATION]),Fileservice,Medium
8722,File Share Access - [TICKET ID] - [NAME] ([COMPANY]. [LOCATION])Service Request: File Share Access     Grant access to file share for the following user:  [NAME] ([COMPANY]. [LOCATION]) (Username: [USERNAME])  Access Type: (RW) Read / Write  File Share:    J:/[COMPANY] SB International   J:/ALS coordination       Requestor: [NAME] ([COMPANY]. [LOCATION])  Comment:,Fileservice,Medium
6851,The following system must be set to End Of Life in Nexthink and checked for[LOCATION]reservations:  [SERVER]  -Automated ticket creation-Please remove the system from Nexthink according to the[LOCATION]process and please verify if any[LOCATION]reservations exist. If yes. please remove reservations and note down the corresponding IP(s) and inform [COMPANY] network team to remove firewall rules if there are any.,EOL,High
5828,Outlook error (just started today)This error just started today.  What changed?     The below error users receive either when selecting a Skype conversation history. or a missed Skype conversation.     This seems to be affecting multiple users across multiple sites ([LOCATION] and[LOCATION]confirmed).  [Image],O365,Medium
7032,File Share Access - [TICKET ID] - [NAME]Service Request: File Share Access    Grant access to file share for the following user:  [NAME]Oliver (Username: )    Access Type: (RW) Read / Write    File Share:   J:/[USERNAME]    Requestor: [NAME] ([COMPANY]. [LOCATION])    Comment:,Fileservice,Medium
906,[TICKET ID] - New Support Ticket received  - Configuração sistema,Software,Medium
1111,[TICKET ID] - Reminder of paused Support Ticket  - Initiated by [COMPANY][LOCATION]- Vulnerable[LOCATION]on [SERVER],Support general,Medium
851,[TICKET ID] - New Support Ticket received  - Mobile WiFi,Support general,Medium
1084,[TICKET ID] - New Support Ticket received  - Problema no Telefone,Support general,Medium
8978,shared folders access issue@BeaS. for Fernando. see email in the journal.  Thanks.  [NAME]  head of IT. SC-W,O365,Medium
922,[TICKET ID] - A Support Ticket was forwarded to your role  - Access to Bloomington Fileserver not possible from [LOCATION],Support general,Medium
995,[TICKET ID] - New Support Ticket received  - instalar impressora,Computer-Services,Medium
1354,[TICKET ID] - New Support Ticket received  - Analysis tool missing,O365,Medium
36,Skype does not log in on computerSkype does not log in on computer,O365,Medium
8045,The following system must be set to End Of Life in Nexthink and checked for[LOCATION]reservations:  [SERVER]  -Automated ticket creation-Please remove the system from Nexthink according to the[LOCATION]process and please verify if any[LOCATION]reservations exist. If yes. please remove reservations and note down the corresponding IP(s) and inform [COMPANY] network team to remove firewall rules if there are any.,EOL,High
289,[TICKET ID] - New Support Ticket received  - Basis User - [USERNAME] -,Support general,Medium
60,[TICKET ID] - New Support Ticket received  -  Zugriff au [URL] über VPN,Support general,Medium
758,[TICKET ID] - A Support Ticket was forwarded to your role  - Create[LOCATION]entry [COMPANY]up.ads.dir,Support general,Medium
1341,[TICKET ID] - New Support Ticket received  - Skype,O365,Medium
1280,[TICKET ID] - New Support Ticket received  - scanning problems,Computer-Services,Medium
6429,Basis User - [TICKET ID] - [NAME] ([COMPANY].  )Service Request: Basis User     Create Windows account for internal user  [NAME] ([COMPANY].  )     Firstname:  [NAME]  Lastname:  [NAME]  Cost Center:  44288  Company:  Riber - [COMPANY] S.A.  Department:  KW-[ADDRESS]-[ADDRESS]  ZIP: [LOCATION][ADDRESS]  City:  [ADDRESS]  Country:  [ADDRESS]  Office:       Important: Please set the EA10 to the following value: 13647 (leave blank. when empty)  Please create Exchange and Skype account.  The user needs at least the following access permissions:  Access to [SOFTWARE] ([SERVER])  Requestor:  [NAME] ([COMPANY]. [LOCATION])     Desired date:  Dec 13 2018  3:00AM     Additional information:,Support general,Medium
592,[TICKET ID] - A Support Ticket was forwarded to your role  - File Share Access - [TICKET ID] - [ADDRESS] ([COMPANY]. [LOCATION]),Fileservice,Medium
1023,[TICKET ID] - New Support Ticket received  - New Email Address,Active Directory,Medium
904,[TICKET ID] - New Support Ticket received  - missing folders on J drive,Fileservice,Medium
1259,[TICKET ID] - New Support Ticket received  - no aparecen contactos en blackberry work,Support general,Medium
5224,Criar pasta rede drive J:Solicitamos a gentileza de criar uma pasta no drive J de nome[LOCATION]- Rateios com os seguintes acessos e permissões:    Permissão de Editor:    [NAME] - [EMAIL]    [NAME] - [EMAIL]    [NAME] - [EMAIL]    [NAME] - [EMAIL]        Permissão de Visualização:    [NAME] - [EMAIL]    [NAME] - [EMAIL]    [NAME] - [EMAIL]        Solicitamos ainda a gentileza de verificar quem da listagem acima não possui acesso a pasta J e liberar tal acesso.    Aguardamos e desde já agradecemos.        [NAME],Fileservice,Medium
1245,[TICKET ID] - New Support Ticket received  - Recuperar crapetas y archivos de computador,Fileservice,Medium
1007,[TICKET ID] - New Support Ticket received  - archivos pdf pasan a wordpad y no se pueden leer,Software,Medium
1320,[TICKET ID] - A Support Ticket was forwarded to your role  - check_mk SD Hostalarm: ([SERVER]) [COMPANY] LS Systemmanagement - [SOFTWARE] Depot Server - UP -> DOWN,Support general,High
1275,[TICKET ID] - New Support Ticket received  - Install of scanner driver to potting room computer,Computer-Services,Medium
719,[TICKET ID] - New Support Ticket received  - File Share Access - [TICKET ID] - [NAME] ([COMPANY]. [LOCATION]),Fileservice,Medium
14221,Basis User for external - [TICKET ID] - [NAME]Service Request: Basis User for external     Create Windows account for external user  [NAME]     Firstname: [NAME]  Lastname: [NAME]ailaddress: [EMAIL]  Phone: [PHONE]  Cost Center: 44281  Function: IT provider  Company: Frog  Department: [COMPANY]_IT  Street: C/ Angli. 31  ZIP: [ADDRESS]  City: [ADDRESS]  Country:   Location:[LOCATION] Office:   Expiration date: Not defined     Important: Please indicate in EA14 that it is an external user.     Requestor: [NAME] ([COMPANY]. [LOCATION])     Desired date: Dec 14 2018 12:00AM     Additional information:  As local IT provider for [LOCATION]. [NAME] needs an admin account (admtowns) with the same rights as his colleagues admin account (admpearce). IT cost center has to be set to 999998. No charge must be associated to this account.,Support general,Medium
951,[TICKET ID] - New Support Ticket received  - external e-mails not being received,Software,Medium
6087,The following system must be set to End Of Life in Nexthink and checked for[LOCATION]reservations:  [SERVER]  -Automated ticket creation-Please remove the system from Nexthink according to the[LOCATION]process and please verify if any[LOCATION]reservations exist. If yes. please remove reservations and note down the corresponding IP(s) and inform [COMPANY] network team to remove firewall rules if there are any.,EOL,High
6196,reconfiguration of[LOCATION]serversHello Together.    some[LOCATION]server needs more working memory for properly running of applications.    Please upgrade the servers as follow:             [LOCATION]- APP05 -  32GB     [LOCATION]- APP03 -  16GB     [LOCATION]- APP04 -  16GB     [LOCATION]- APP01 -  16GB     [LOCATION]- APP02 -  16GB             The server APP01.02.03.04 needs access to shared folder  (there is already one shared folder on APP05. also to this folder).      We need local admin on APP01.02.03.05 (if the account doesn’t  already exist). too.  Thanks in Advance  [NAME],Support general,Medium
834,[TICKET ID] - New Support Ticket received  - [EMAIL] gets page error when trying to log on US Bank,Software,Medium
6861,Light User - [USERNAME] - [ADDRESS] ([COMPANY]. [LOCATION])Service Request: Light User  Create Light user for Bierstedt. Susanne ([COMPANY]. [LOCATION])     Firstname: [NAME]  Lastname: [NAME]ailaddress: [EMAIL]  Phone: [PHONE]  Cost Center: 47004  Company: [COMPANY] SE  Department: [ADDRESS]-[ADDRESS]  ZIP: [ADDRESS]  City: [ADDRESS]  Country: [ADDRESS]  Location:[LOCATION] Office: [LOCATION]. BOB. 2.111     Important: Please set the EA10 to the following value: 4399 (leave blank. when empty)     Desired date: Dec 13 2018 12:00AM     Requestor: [NAME] ([COMPANY]. [LOCATION])     Additional information:,Support general,Medium
1128,[TICKET ID] - New Support Ticket received  - Acesso na Pasta J:/REPOSITORIO e instalação do programa DANFEview,Fileservice,Medium
814,[TICKET ID] - New Support Ticket received  - desconexion del VPN,Support general,Medium
13784,The following system must be set to End Of Life in Nexthink and checked for[LOCATION]reservations:  [SERVER]  -Automated ticket creation-Please remove the system from Nexthink according to the[LOCATION]process and please verify if any[LOCATION]reservations exist. If yes. please remove reservations and note down the corresponding IP(s) and inform [COMPANY] network team to remove firewall rules if there are any.,EOL,High
1321,[TICKET ID] - A Support Ticket was forwarded to you  - Skype Anmeldung nicht möglich,O365,Medium
933,[TICKET ID] - New Support Ticket received  - Error message showing McAfee security is off of computer,Software,Medium
829,[PASSWORD] - New Support Ticket received  - password reset,Active Directory,Medium
614,[TICKET ID] - A Support Ticket was forwarded to your role  - link for activating SaveNet  MobilePass App,Support general,Medium
8933,File Share Access - [TICKET ID] - [NAME] ([COMPANY]. [LOCATION])Service Request: File Share Access     Grant access to file share for the following user:  [NAME] ([COMPANY]. [LOCATION]) (Username: [USERNAME])  Access Type: (RO) Read only  File Share:   J:/FAQ BTR_HR     Requestor: [NAME] ([COMPANY]. [LOCATION])  Comment:,Fileservice,Medium
190,[TICKET ID] - A Support Ticket was forwarded to your role  -[LOCATION]Entry for [SERVER],Support general,Medium
1232,[TICKET ID] - New Support Ticket received  - instalacion de impresora parral,Computer-Services,Medium
747,[TICKET ID] - New Support Ticket received  - Basis User - [USERNAME] - [NAME] ([COMPANY]. [LOCATION]),Support general,Medium
8990,File Share Access - [TICKET ID] - [NAME]ic ([COMPANY]. [LOCATION])Service Request: File Share Access     Grant access to file share for the following user:  [USERNAME]. Yannic ([COMPANY]. [LOCATION]) (Username: )  Access Type: (RW) Read / Write  File Share:  J:INS-VW     Requestor: [NAME] ([COMPANY]. [LOCATION])  Comment:  [NAME] [NAME] wird am 1.2. bei [COMPANY] ([NAME]) als Praktikant anfangen. Ich habe schon vor einiger Zeit auf den Namen [NAME] Wurm bereits einen Leihlaptop geordert. IG VI - 3. Etage!,Fileservice,Medium
4563,File Share Access - [TICKET ID] - [NAME]. [NAME] ([COMPANY]. [LOCATION])Service Request: File Share Access     Grant access to file share for the following user:  [NAME]. [NAME] ([COMPANY]. [LOCATION]) (Username: [USERNAME])  Access Type: (RW) Read / Write  File Share:  L:MF     Requestor: [NAME] ([COMPANY]. [LOCATION])  Comment:,Fileservice,Medium
2665,Criar pasta na redeBoa tarde.  Favor criar uma pasta na rede no qual todos possam ter acesso ao protocolo das notas fiscais enviadas a contabilidade para lançamento. Neste arquivo preciso que seja liberado para  manipulação de dados  os usuários [PHONE] [NAME] e [PHONE] [NAME]. para os demais usuários somente consulta. Já tenho o arquivo pronto. porém devido ao tamanho não consigo anexa-lo.   Fico no aguardo.  Att.   [NAME],Fileservice,Medium
912,File Share Access - [TICKET ID] - [NAME] ([COMPANY]. [LOCATION])Service Request: File Share Access     Grant access to file share for the following user:  [NAME] ([COMPANY]. [LOCATION]) (Username: )  Access Type: (RW) Read / Write  File Share:  j:/ins-dv     Requestor: [NAME] ([COMPANY]. [LOCATION])  Comment:,Fileservice,Medium
6528,File Share Access - [TICKET ID] - [NAME] ([COMPANY]. [LOCATION])Service Request: File Share Access     Grant access to file share for the following user:  [NAME] ([COMPANY]. [LOCATION]) (Username: [USERNAME])  Access Type: (RW) Read / Write  File Share:      J:/CE-STA/      please create the folder if it does not yet exist and give R/W access for this and all subfolders.        Requestor: [NAME] ([COMPANY]. [LOCATION])  Comment:,Fileservice,Medium
823,[TICKET ID] - New Support Ticket received  - no puede imprimir,Computer-Services,Medium
11262,Basis User - [TICKET ID] - [NAME] ([COMPANY]. [LOCATION])Service Request: Basis User     Create Windows account for internal user  [NAME] ([COMPANY]. [LOCATION])     Firstname:  [NAME]  Lastname:  [NAME]  Cost Center:  703291  Company:  [COMPANY] Ukraine t.o.v.  Department:  [COMPANY]_BR-BS  [ADDRESS].  ZIP:  [ADDRESS]  City:  [ADDRESS]  Country:  [ADDRESS]  Office:       Important: Please set the EA10 to the following value: 9778 (leave blank. when empty)  Please create Exchange and Skype account.  The user needs at least the following access permissions:  Access to [SOFTWARE] ([SERVER])  Requestor:  [NAME] ([COMPANY]. [LOCATION])     Desired date:  Jan  8 2019 11:00PM     Additional information:,Support general,Medium
9921,The following system must be set to End Of Life in Nexthink and checked for[LOCATION]reservations:  [SERVER]  -Automated ticket creation-Please remove the system from Nexthink according to the[LOCATION]process and please verify if any[LOCATION]reservations exist. If yes. please remove reservations and note down the corresponding IP(s) and inform [COMPANY] network team to remove firewall rules if there are any.,EOL,High
965,[TICKET ID] - New Support Ticket received  - instalacion de impresora [SERVER],Computer-Services,Medium
8960,The following system must be set to End Of Life in Nexthink and checked for[LOCATION]reservations:  [SERVER]  -Automated ticket creation-Please remove the system from Nexthink according to the[LOCATION]process and please verify if any[LOCATION]reservations exist. If yes. please remove reservations and note down the corresponding IP(s) and inform [COMPANY] network team to remove firewall rules if there are any.,EOL,High
9819,The following system must be set to End Of Life in Nexthink and checked for[LOCATION]reservations:  [SERVER]  -Automated ticket creation-Please remove the system from Nexthink according to the[LOCATION]process and please verify if any[LOCATION]reservations exist. If yes. please remove reservations and note down the corresponding IP(s) and inform [COMPANY] network team to remove firewall rules if there are any.,EOL,High
1331,[TICKET ID] - New Support Ticket received  - skype,O365,Medium
14092,File Share Access - [TICKET ID] - [NAME] ([COMPANY]. [LOCATION])Service Request: File Share Access     Grant access to file share for the following user:  [NAME] ([COMPANY]. [LOCATION]) (Username: [USERNAME])  Access Type: (RW) Read / Write  File Share:  j:/stundenbuecher     Requestor: [NAME] ([COMPANY]. [LOCATION])  Comment:,Fileservice,Medium
1386,[TICKET ID] - New Support Ticket received  - Conexion a Skype,O365,Medium
7551,The following system must be set to End Of Life in Nexthink and checked for[LOCATION]reservations:  [SERVER]  -Automated ticket creation-Please remove the system from Nexthink according to the[LOCATION]process and please verify if any[LOCATION]reservations exist. If yes. please remove reservations and note down the corresponding IP(s) and inform [COMPANY] network team to remove firewall rules if there are any.,EOL,High
1378,[TICKET ID] - New Support Ticket received  - Liberação de acesso,Fileservice,Medium
9066,Light User for external - [TICKET ID] - Balam. EdgardService Request: Light User for external  Create Light user for Balam. Edgard     Firstname: [NAME]  Lastname: [NAME]ailaddress: [EMAIL]  Phone: [PHONE]   Cost Center: 47050  Function: External Consultant  Company: Atos   Department: GIT-[ADDRESS]  ZIP: [ADDRESS]  City: [ADDRESS]  Country: [ADDRESS]  Location:[LOCATION] Office:   Expiration date: Jun 29 2019 11:00PM     Important: Please indicate in EA14 that it is an external user.     Requestor: [NAME] ([COMPANY]. [LOCATION])     Desired date: Jan 15 2019 12:00AM     Additional information:,Support general,Medium
3964,The following system must be set to End Of Life in Nexthink and checked for[LOCATION]reservations:  [SERVER]  -Automated ticket creation-Please remove the system from Nexthink according to the[LOCATION]process and please verify if any[LOCATION]reservations exist. If yes. please remove reservations and note down the corresponding IP(s) and inform [COMPANY] network team to remove firewall rules if there are any.,EOL,High
875,[TICKET ID] - A Support Ticket was forwarded to you  - email list sever,O365,Medium
700,[TICKET ID] - A Support Ticket was forwarded to your role  - Einstellungsänderung für eMail-Adresse [EMAIL],O365,Medium
1125,[TICKET ID] - New Support Ticket received  - okta mobile app,Software,Medium
1209,[TICKET ID] - New Support Ticket received  - instalar impressora e acesso ao discoverer,Computer-Services,Medium
10315,Preciso da instalação do Microsoft Teams em meu computador. Preciso da instalação do Microsoft Teams em meu computador.,Software,Medium
619,[TICKET ID] - New Support Ticket received  - Basis User - [USERNAME] - [NAME] ([COMPANY]. [LOCATION]),Support general,Medium
1105,[TICKET ID] - A Support Ticket was forwarded to you  - Initiated by [COMPANY][LOCATION]- Vulnerable[LOCATION]on [SERVER],Support general,Medium
5287,The following system must be set to End Of Life in Nexthink and checked for[LOCATION]reservations:  [SERVER]  -Automated ticket creation-Please remove the system from Nexthink according to the[LOCATION]process and please verify if any[LOCATION]reservations exist. If yes. please remove reservations and note down the corresponding IP(s) and inform [COMPANY] network team to remove firewall rules if there are any.,EOL,High
4561,The following system must be set to End Of Life in Nexthink and checked for[LOCATION]reservations:  [SERVER]  -Automated ticket creation-Please remove the system from Nexthink according to the[LOCATION]process and please verify if any[LOCATION]reservations exist. If yes. please remove reservations and note down the corresponding IP(s) and inform [COMPANY] network team to remove firewall rules if there are any.,EOL,High
1359,[TICKET ID] - New Support Ticket received  - Skype não conecta,O365,Medium
595,[TICKET ID] - A Support Ticket was forwarded to your role  - Ordner Zugriffsrechte beschränken[LOCATION]Server [SERVER],Support general,Medium
694,[TICKET ID] - New Support Ticket received  - Basis User - [USERNAME] -,Support general,Medium
3503,Genie Gun #2 - please list in Outlook under equipment folderThe[LOCATION]has a PDS1000 helium gun listed in the equipment subfolder in Outlook named Genie Gun and need a second PDS1000 listed in Outlook named Genie Gun #2. Thanks!,O365,Medium
9531,The following system must be set to End Of Life in Nexthink and checked for[LOCATION]reservations:  [SERVER]  -Automated ticket creation-Please remove the system from Nexthink according to the[LOCATION]process and please verify if any[LOCATION]reservations exist. If yes. please remove reservations and note down the corresponding IP(s) and inform [COMPANY] network team to remove firewall rules if there are any.,EOL,High
1121,[TICKET ID] - New Support Ticket received  - Alteração de Aprovação,Support general,Medium
993,[TICKET ID] - New Support Ticket received  - Install program and new printer drivers,Computer-Services,Medium
1115,[TICKET ID] - Reminder of paused Support Ticket  - Initiated by [COMPANY][LOCATION]- Vulnerable Intel[LOCATION]on [SERVER],Support general,Medium
8604,File Share Access - [TICKET ID] - [NAME] ([COMPANY]. [LOCATION])Service Request: File Share Access     Grant access to file share for the following user:  [NAME] ([COMPANY]. [LOCATION]) (Username: [USERNAME])  Access Type: (RW) Read / Write  File Share:      Please could you add [NAME] ([COMPANY]. [LOCATION]) ([EMAIL]) to the[LOCATION]admin group for J:/[SERVER].        group                   folders                   User                         GIS_admin                   Access to all folders     /Base_data     /Projects_mxds     /Imagery     /Exports                   [NAME]. [NAME]. [NAME] [NAME]. [NAME]. [NAME]                 Requestor: [NAME] ([COMPANY]. [LOCATION])  Comment:,Fileservice,Medium
10620,Basis User - [TICKET ID] -Service Request: Basis User     Create Windows account for internal user       Firstname:  [USERNAME]  Lastname:  [NAME]  Cost Center:  44265  Company:    Department:  [COMPANY]_MA  [ADDRESS]:    ZIP:    City:    Country:  [ADDRESS]  Office:       Important: Please set the EA10 to the following value: 13702 (leave blank. when empty)  Please create Exchange and Skype account.  The user needs at least the following access permissions:  Access to [SOFTWARE] ([SERVER])  Requestor:  [NAME] (EXTERNAL. [LOCATION])     Desired date:  Jan 12 2019 12:00AM     Additional information:,Support general,Medium
2480,Problemas con Outlook - [NAME][NAME].  Instalé el complemento en Español y ahora cada vez que abro el outlook se cierra. Permanence un par de segundos abierto y después se cierra.      Esto me aparece:  Información adicional del problema:      LCID:3082    skulcid:1033      Espero tus comentarios  Saludos  [NAME],O365,Medium
1443,new folder at [SERVER],Fileservice,Medium
954,[TICKET ID] - New Support Ticket received  - Please give me permission on the J drive INS-ZR to delete files so that I can append queries in Access,Fileservice,Medium
1083,[TICKET ID] - New Support Ticket received  - Need to reinstall snipping tool,Software,Medium
853,[TICKET ID] - New Support Ticket received  - wifi,Support general,Medium
626,[TICKET ID] - New Support Ticket received  - File Share Access - [TICKET ID] - [NAME] ([COMPANY]. [LOCATION]),Fileservice,Medium
4035,The following system must be set to End Of Life in Nexthink and checked for[LOCATION]reservations:  [SERVER]  -Automated ticket creation-Please remove the system from Nexthink according to the[LOCATION]process and please verify if any[LOCATION]reservations exist. If yes. please remove reservations and note down the corresponding IP(s) and inform [COMPANY] network team to remove firewall rules if there are any.,EOL,High
876,[TICKET ID] - New Support Ticket received  - Computer [NAME],Computer-Services,Medium
472,File Share Access - [TICKET ID] - [NAME] ([COMPANY]. [LOCATION])Service Request: File Share Access     Grant access to file share for the following user:  [NAME] ([COMPANY]. [LOCATION]) (Username: [USERNAME])  Access Type: (RW) Read / Write  File Share:  J:/ÖFZFOX/MOM-OSR     Requestor: [NAME] ([COMPANY]. [LOCATION])  Comment:,Fileservice,Medium
10426,Basis User - [TICKET ID] - [USERNAME] [NAME] ([COMPANY]. [LOCATION])Service Request: Basis User     Create Windows account for internal user  [USERNAME] [NAME] ([COMPANY]. [LOCATION])     Firstname:  [NAME]  Lastname:  [NAME]  Cost Center:  44288  Company:  [COMPANY] S.A.  Department:  [COMPANY]_MA-[ADDRESS] – [ADDRESS] 428 a [ADDRESS] 2 KM – Zona Rural.  ZIP: [LOCATION][ADDRESS]  City:  [ADDRESS]  Country:  [ADDRESS]  Office:       Important: Please set the EA10 to the following value: 13658 (leave blank. when empty)  Please create Exchange and Skype account.  The user needs at least the following access permissions:  Access to [SOFTWARE] ([SERVER])  Requestor:  [NAME] ([COMPANY]. [LOCATION])     Desired date:  Dec 18 2018  3:00AM     Additional information:,Support general,Medium
8977,File Share Access - [TICKET ID] - [NAME] ([COMPANY]. [LOCATION])Service Request: File Share Access     Grant access to file share for the following user:  [NAME] ([COMPANY]. [LOCATION]) (Username: [USERNAME])  Access Type: (RW) Read / Write  File Share:    J:/RISK-MANAGEMENT (GGR-RIM)       Requestor: [NAME] ([COMPANY]. [LOCATION])  Comment:  Bitte schnellstmöglich ausführen.  Vielen Dank!,Fileservice,Medium
6901,File Share Access - [TICKET ID] - [NAME]. [NAME] ([COMPANY]. [LOCATION])Service Request: File Share Access     Grant access to file share for the following user:  [USERNAME]. [NAME] ([COMPANY]. [LOCATION]) (Username: [USERNAME])  Access Type: (RW) Read / Write  File Share:  J:/ÖFZFOX/MOM-OSR     Requestor: [NAME] ([COMPANY]. [LOCATION])  Comment:,Fileservice,Medium
10678,The following system must be set to End Of Life in Nexthink and checked for[LOCATION]reservations:  [SERVER]  -Automated ticket creation-Please remove the system from Nexthink according to the[LOCATION]process and please verify if any[LOCATION]reservations exist. If yes. please remove reservations and note down the corresponding IP(s) and inform [COMPANY] network team to remove firewall rules if there are any.,EOL,High
1193,[TICKET ID] - New Support Ticket received  - Mobile Device - [TICKET ID] - [NAME] [NAME] ([COMPANY]. [LOCATION]),Support general,Medium
5653,File Share Access - [TICKET ID] - [NAME] ([COMPANY]. [LOCATION])Service Request: File Share Access     Grant access to file share for the following user:  [NAME] ([COMPANY]. [LOCATION]) (Username: [USERNAME])  Access Type: (RO) Read only  File Share:  J:/ZR_MAS     Requestor: [NAME] ([COMPANY]. [LOCATION])  Comment:,Fileservice,Medium
807,[TICKET ID] - A Support Ticket was forwarded to you  - Security Tools Aktualisierung und Entfernung der Festplatten Verschlüsselung auf den Systemen [SERVER]. [SERVER] und [SERVER],Support general,Medium
600,[TICKET ID] - New Support Ticket received  - Basis User - [USERNAME] ([COMPANY]. [LOCATION]),Support general,Medium
11239,File Share Access - [TICKET ID] - [NAME] ([COMPANY]. [LOCATION])Service Request: File Share Access     Grant access to file share for the following user:  [NAME] ([COMPANY]. [LOCATION]) (Username: [USERNAME])  Access Type: (RW) Read / Write  File Share:  J/CT     Requestor: [NAME] ([COMPANY]. [LOCATION])  Comment:,Fileservice,Medium
1258,[TICKET ID] - New Support Ticket received  - Problemas para conectar a la red [COMPANY]ernal,Support general,Medium
10488,The following system must be set to End Of Life in Nexthink and checked for[LOCATION]reservations:  [SERVER]  -Automated ticket creation-Please remove the system from Nexthink according to the[LOCATION]process and please verify if any[LOCATION]reservations exist. If yes. please remove reservations and note down the corresponding IP(s) and inform [COMPANY] network team to remove firewall rules if there are any.,EOL,High
10194,R Drive cannot rename or delete folder and missing data when copyingWhen navigating to R:/Research/18 Data/18APH/2018APH reading files by date  Once of the tasks is to copy the previous folder. and rename it to the next date. However After [NAME] copies the folder and tried to rename it she receives the following error and cannot rename the folder. She then tries to delete the copied folder and received the second error below. Other users do not have this issue. just [NAME].           [Image]  [Image],Fileservice,Medium
1391,[TICKET ID] - New Support Ticket received  - Setup new cell phone for [NAME],Support general,Medium
7617,File Share Access - [TICKET ID] - [NAME] ([COMPANY]. [LOCATION])Service Request: File Share Access     Grant access to file share for the following user:  [NAME] ([COMPANY]. [LOCATION]) (Username: [USERNAME])  Access Type: (RW) Read / Write  File Share:    j:/azubi   j:/AZB Kaufleute       Requestor: [NAME] ([COMPANY]. [LOCATION])  Comment:,Fileservice,Medium
1433,User [EMAIL] locked out,Active Directory,Medium
1295,[TICKET ID] - New Support Ticket received  - actualizar controlador de impresora,Computer-Services,Medium
1307,[TICKET ID] - A Support Ticket was forwarded to you  - okta mobile,Software,Medium
746,[TICKET ID] - A Support Ticket was forwarded to your role  - Anmeldung via okta funktioniert nicht,Software,Medium
4885,Data recording software still still not workingI still need an admin to log in.,Software,Medium
6952,Remove File Share Access - [TICKET ID] - [NAME] ([COMPANY]. [LOCATION])Service Request: Remove File Share Access     Remove file share access for the following user:  [NAME] ([COMPANY]. [LOCATION]) (Username: [USERNAME])  File Share:  J:/[SERVER]     Requestor: [NAME] ([COMPANY]. [LOCATION])  Comment:  bitte den Vollzugriff entfernen.,Fileservice,Medium
2786,Liberação de acesso pasta J: Marketing.Bom dia! Preciso que me liberem o acesso a pasta J: Marketing.,Fileservice,Medium
10699,The following system must be set to End Of Life in Nexthink and checked for[LOCATION]reservations:  [SERVER]  -Automated ticket creation-Please remove the system from Nexthink according to the[LOCATION]process and please verify if any[LOCATION]reservations exist. If yes. please remove reservations and note down the corresponding IP(s) and inform [COMPANY] network team to remove firewall rules if there are any.,EOL,High
11177,Removal of[LOCATION]recordsHi.  Could you please remove the following[LOCATION]records and any subsequent records (e.g. PTR):  - [COMPANY]up.ads.dir  - [COMPANY]up.ads.dir  - [COMPANY]up.ads.dir  - [COMPANY]up.ads.dir  - [COMPANY]up.ads.dir  - [COMPANY]up.ads.dir  Please do not go through [COMPANY] when this is done. I can validate this myself.  Thank you in advance.  [NAME],Support general,Medium
751,[TICKET ID] - A Support Ticket was forwarded to your role  - Zugriff auf shared Mailbox bitte löschen,O365,Medium
867,[TICKET ID] - New Support Ticket received  - Ajuste de impressora,Computer-Services,Medium
1441,[COMPANY]ify[LOCATION][SERVER],Active Directory,Medium
1353,[TICKET ID] - New Support Ticket received  - iPad will not connect to [COMPANY]_Mobile anymore.,Support general,Medium
738,[TICKET ID] - New Support Ticket received  - Light User for external - [USERNAME] - [NAME],Support general,Medium
864,[TICKET ID] - A Support Ticket was forwarded to you  - Kann sich im [COMPANY] Intranet nicht anmelden,Support general,Medium
1118,[TICKET ID] - New Support Ticket received  - Verificação Telefone,Support general,Medium
690,[TICKET ID] - New Support Ticket received  - File Share Access - [TICKET ID] - [NAME] ([COMPANY]. [LOCATION]),Fileservice,Medium
850,[TICKET ID] - New Support Ticket received  - Software install,Software,Medium
14088,change email addressPlease change email address to [EMAIL] mailto:[EMAIL].,O365,Medium
1288,[TICKET ID] - New Support Ticket received  - problema com a impressora zebra na semente básica,Computer-Services,Medium
7847,Basis User - [TICKET ID] - [USERNAME] ([COMPANY]. [LOCATION])Service Request: Basis User     Create Windows account for internal user  [USERNAME] ([COMPANY]. [LOCATION])     Firstname:  [NAME]  Lastname:  [NAME]  Cost Center:  174454  Company:  [ADDRESS] GmbH  Department:  [ADDRESS]  ZIP:  [ADDRESS]  City:  [ADDRESS]  Country:  Germany  Office:       Important: Please set the EA10 to the following value: 13616 (leave blank. when empty)  Please create Exchange and Skype account.  The user needs at least the following access permissions:  (RW) H:/%username%  (RO) J:/Auftrag  (RW) J:/Info  (RW) J:/Transfer  (RO) J:/Vorlagen  Access to [COMPANY] intranet  Access to [SOFTWARE] ([SERVER])  Requestor:  [NAME] ([COMPANY]. [LOCATION])     Desired date:  Jan  1 2019 12:00AM     Additional information:   Liebes [COMPANY]-Team.   Laptop [NAME] Telefon. Headset bitte aus Gerätepool Berlin. falls vorhanden  Tastatur und Laptop bitte englische  Vielen Dank,Support general,Medium
637,[TICKET ID] - A Support Ticket was forwarded to your role  - Shared drive wurde auf dem Falschen Laufwerk erstellt,O365,Medium
811,[TICKET ID] - New Support Ticket received  - T18  update,Software,Medium
13804,Light User for external - [TICKET ID] - [NAME]Service Request: Light User for external  Create Light user for [NAME]     Firstname: [NAME]  Lastname: [NAME]ailaddress: [EMAIL]  Phone: [PHONE]  Cost Center: 44288  Function: Vigilant  Company: [COMPANY]  Department: [ADDRESS] [ADDRESS] KM – [ADDRESS].  ZIP:[LOCATION][ADDRESS]  City: [ADDRESS]  Country: [ADDRESS]  Location:[LOCATION] Office:   Expiration date: Not defined     Important: Please indicate in EA14 that it is an external user.     Requestor: [NAME] ([COMPANY]. [LOCATION])     Desired date: Dec 22 2018  3:00AM     Additional information:,Support general,Medium
774,[TICKET ID] - Reminder of paused Support Ticket  - Initiated by [COMPANY][LOCATION]- Vulnerable Office on [ADDRESS]-[ADDRESS],Support general,Medium
1028,[TICKET ID] - A Support Ticket was forwarded to your role  - Initiated by [COMPANY][LOCATION]- Vulnerable Google Chrome on [SERVER],Support general,Medium
633,[TICKET ID] - A Support Ticket was forwarded to your role  - New Okta Registration,Software,Medium
7531,The following system must be set to End Of Life in Nexthink and checked for[LOCATION]reservations:  [SERVER]  -Automated ticket creation-Please remove the system from Nexthink according to the[LOCATION]process and please verify if any[LOCATION]reservations exist. If yes. please remove reservations and note down the corresponding IP(s) and inform [COMPANY] network team to remove firewall rules if there are any.,EOL,High
603,[TICKET ID] - A Support Ticket was forwarded to your role  - Ordner Zugriffsrechte beschränken[LOCATION]Server [SERVER],Support general,Medium
877,[TICKET ID] - New Support Ticket received  - Access to MS Teams,O365,Medium
793,[TICKET ID] - A Support Ticket was forwarded to you  - Basis User - [USERNAME] - [NAME] ([COMPANY]. [LOCATION]),Active Directory,Medium
653,[TICKET ID] - A Support Ticket was forwarded to your role  - Zugriff auf Shared Mailbox,O365,Medium
1173,[TICKET ID] - A Support Ticket was forwarded to your role  - new phone,Support general,Medium
4280,The following system must be set to End Of Life in Nexthink:  [SERVER]  -Automated ticket creation-The following system must be set to End Of Life in Nexthink:  [SERVER],EOL,Medium
3893,File Share Access - [TICKET ID] - Vogt. Peter ([COMPANY]. [LOCATION])Service Request: File Share Access     Grant access to file share for the following user:  Vogt. Peter ([COMPANY]. [LOCATION]) (Username: [USERNAME])  Access Type: (RO) Read only  File Share:  J:/FW-B       Requestor: [NAME] ([COMPANY]. [LOCATION])  Comment:,Fileservice,Medium
1013,[TICKET ID] - New Support Ticket received  - XFlow not displaying invoices  that I am trying to code,Software,Medium
662,[TICKET ID] - A Support Ticket was forwarded to your role  - File Share Access - [TICKET ID] - [ADDRESS]. Elvin ([COMPANY]. [LOCATION]),Fileservice,Medium
1242,[TICKET ID] - A Support Ticket was forwarded to your role  -  Instalação de programa,Software,Medium
1080,[TICKET ID] - New Support Ticket received  - Problems with Outlook,O365,Medium
1425,[TICKET ID] Leaving employee: The user [NAME] ([COMPANY]; [LOCATION]) is going to leave [COMPANY] on 28;12;2017,Active Directory,Medium
187,The following system must be set to End Of Life in Nexthink and checked for[LOCATION]reservations:  [SERVER]  -Automated ticket creation-Please remove the system from Nexthink according to the[LOCATION]process and please verify if any[LOCATION]reservations exist. If yes. please remove reservations and note down the corresponding IP(s) and inform [COMPANY] network team to remove firewall rules if there are any.,EOL,High
947,[TICKET ID] - A Support Ticket was forwarded to your role  - Citrix - [TICKET ID] - [NAME] ([COMPANY] Inc.. [LOCATION]),Software,Medium
868,[TICKET ID] - New Support Ticket received  - Sem icone do Service Portal,Support general,Medium
883,[TICKET ID] - New Support Ticket received  - Inconsistent Performance on Skype,O365,Medium
237,File Share Access - [TICKET ID] - [USERNAME]. [NAME] ([COMPANY]. [LOCATION])Service Request: File Share Access     Grant access to file share for the following user:  [USERNAME]. [NAME] ([COMPANY]. [LOCATION]) (Username: [USERNAME])  Access Type: (RW) Read / Write  File Share:      [SERVER]-RW    [SERVER]-RW       Requestor: [USERNAME] ([COMPANY]. [LOCATION])  Comment:,Fileservice,Medium
1145,[TICKET ID] - A Support Ticket was forwarded to your role  - Unable to send email to [URL],O365,Medium
1300,[TICKET ID] - New Support Ticket received  - Cant get into blackberry to view mail,Support general,Medium
974,[TICKET ID] - New Support Ticket received  - configuacion nuevo telefono,Support general,Medium
5039,File Share Access - [TICKET ID] - [NAME] ([COMPANY]. [LOCATION])Service Request: File Share Access     Grant access to file share for the following user:  [NAME] ([COMPANY]. [LOCATION]) (Username: [USERNAME])  Access Type: (RW) Read / Write  File Share:    J:/SB-´BD_beet_contract_analysis   Voller Zugriff für   [NAME]   [NAME]   [NAME]       Requestor: [NAME]e ([COMPANY]. [LOCATION])  Comment:,Fileservice,Medium
665,[TICKET ID] - A Support Ticket was forwarded to your role  - New Email List,O365,Medium
2096,Basis User - [TICKET ID] - [USERNAME]. [NAME] ([COMPANY]. [LOCATION])Service Request: Basis User     Create Windows account for internal user  [USERNAME] ([COMPANY]. [LOCATION])     Firstname:  [NAME]  Lastname:  [NAME]  Cost Center:  44257  Company:  [COMPANY]  Department:  [COMPANY]  Street:  Le Tram  ZIP:  [ADDRESS]  City:  [ADDRESS]  Country:    Office:       Important: Please set the EA10 to the following value: 11011 (leave blank. when empty)  Please create Exchange and Skype account.  The user needs at least the following access permissions:  Access to [SOFTWARE] ([SERVER])  Requestor:  [NAME] ([COMPANY]. ESBA)     Desired date:  Jan  1 2019 12:00AM     Additional information:,Support general,Medium
892,[TICKET ID] - New Support Ticket received  - Acesso,Active Directory,Medium
1417,Missing[LOCATION]GPO for [LOCATION]/[ADDRESS],Active Directory,Medium
1888,File Share Access - [TICKET ID] - [NAME] ([COMPANY]. [LOCATION])Service Request: File Share Access     Grant access to file share for the following user:  [NAME] ([COMPANY]. [LOCATION]) (Username: [USERNAME])  Access Type: (RW) Read / Write  File Share:  [SERVER]-FINANCE-RW     Requestor: [NAME] ([COMPANY]. [LOCATION])  Comment:,Fileservice,Medium
