ticket_id,created_at,ticket_text,category,priority
TKT-00001,2025-01-11,I need to update account ownership and billing contact. Requesting timely support to avoid escalation. for our finance team,Account,Medium
TKT-00002,2025-02-28,"My discount code was not applied to the latest invoice. Low urgency, just looking for guidance. for our support desk",Billing,Low
TKT-00003,2025-05-15,Can you explain this unexpected charge on my account? Please review within the next business day. for our enterprise workspace,Billing,Medium
TKT-00004,2024-05-02,User permissions are wrong for our team workspace. Can be handled when the team has capacity. for our startup operations,Account,Low
TKT-00005,2024-12-07,Notifications are not being delivered to our users. Need immediate action before end of business today. for our enterprise workspace,Technical Issue,High
TKT-00006,2025-04-27,I am locked out after enabling two factor authentication. Requesting timely support to avoid escalation. for our startup operations,Account,Medium
TKT-00007,2024-01-24,I need to update account ownership and billing contact. Please prioritize immediately because operations are down. for our startup operations,Account,High
TKT-00008,2025-06-06,Billing portal shows overdue even though I paid yesterday. We can continue working but this should be fixed quickly. for our startup operations,Billing,Medium
TKT-00009,2024-04-12,The app crashes whenever I upload a file larger than 10MB. Please prioritize immediately because operations are down. for our support desk,Technical Issue,High
TKT-00010,2024-12-27,Invoice amount is incorrect for my last subscription renewal. This is impacting workflow and needs attention soon. for our customer success unit,Billing,Medium
TKT-00011,2024-06-17,I cannot connect to the service from our office network. We can continue working but this should be fixed quickly. for our finance team,Technical Issue,Medium
TKT-00012,2024-06-04,I cannot verify my email so onboarding is blocked. Can be handled when the team has capacity. for our IT service team,Account,Low
TKT-00013,2024-01-04,My account was suspended and I need reactivation support. This is urgent and blocking production. for our support desk,Account,High
TKT-00014,2025-02-25,I need to update account ownership and billing contact. We can continue working but this should be fixed quickly. for our enterprise workspace,Account,Medium
TKT-00015,2024-03-02,The app crashes whenever I upload a file larger than 10MB. This is impacting workflow and needs attention soon. for our enterprise workspace,Technical Issue,Medium
TKT-00016,2025-02-17,I cannot verify my email so onboarding is blocked. We can continue working but this should be fixed quickly. for our finance team,Account,Medium
TKT-00017,2024-06-13,I am locked out after enabling two factor authentication. We can continue working but this should be fixed quickly. for our support desk,Account,Medium
TKT-00018,2024-08-08,Billing portal shows overdue even though I paid yesterday. This is impacting workflow and needs attention soon. for our enterprise workspace,Billing,Medium
TKT-00019,2024-05-31,Can someone share best practices for onboarding new users? This is impacting workflow and needs attention soon. for our IT service team,General Query,Medium
TKT-00020,2025-02-27,The app crashes whenever I upload a file larger than 10MB. We can continue working but this should be fixed quickly. for our customer success unit,Technical Issue,Medium
TKT-00021,2024-03-31,I need to update account ownership and billing contact. Requesting timely support to avoid escalation. for our enterprise workspace,Account,Medium
TKT-00022,2024-09-06,My discount code was not applied to the latest invoice. Critical issue affecting multiple paying customers. for our support desk,Billing,High
TKT-00023,2025-01-11,Billing portal shows overdue even though I paid yesterday. This is impacting workflow and needs attention soon. for our startup operations,Billing,Medium
TKT-00024,2024-12-06,API endpoint returns a 500 error for valid requests. Please prioritize immediately because operations are down. for our support desk,Technical Issue,High
TKT-00025,2025-06-03,Dashboard is extremely slow and times out on login. This is urgent and blocking production. for our startup operations,Technical Issue,High
TKT-00026,2025-06-07,Do you support integration with third-party CRM tools? Can be handled when the team has capacity. for our support desk,General Query,Low
TKT-00027,2024-05-27,My account was suspended and I need reactivation support. Can be handled when the team has capacity. for our support desk,Account,Low
TKT-00028,2024-04-19,I was charged twice for my monthly plan and need a refund. Can be handled when the team has capacity. for our support desk,Billing,Low
TKT-00029,2025-04-07,I cannot connect to the service from our office network. This is impacting workflow and needs attention soon. for our startup operations,Technical Issue,Medium
TKT-00030,2024-12-04,User permissions are wrong for our team workspace. Can be handled when the team has capacity. for our enterprise workspace,Account,Low
TKT-00031,2024-08-12,I cannot connect to the service from our office network. This is impacting workflow and needs attention soon. for our support desk,Technical Issue,Medium
TKT-00032,2024-03-19,Invoice amount is incorrect for my last subscription renewal. Please review within the next business day. for our customer success unit,Billing,Medium
TKT-00033,2025-05-14,My discount code was not applied to the latest invoice. This is impacting workflow and needs attention soon. for our enterprise workspace,Billing,Medium
TKT-00034,2024-01-13,I cannot connect to the service from our office network. Critical issue affecting multiple paying customers. for our enterprise workspace,Technical Issue,High
TKT-00035,2024-02-14,"Do you support integration with third-party CRM tools? Low urgency, just looking for guidance. for our finance team",General Query,Low
TKT-00036,2024-11-04,Dashboard is extremely slow and times out on login. Need immediate action before end of business today. for our finance team,Technical Issue,High
TKT-00037,2024-10-08,Notifications are not being delivered to our users. Please prioritize immediately because operations are down. for our customer success unit,Technical Issue,High
TKT-00038,2025-04-28,Dashboard is extremely slow and times out on login. Need immediate action before end of business today. for our finance team,Technical Issue,High
TKT-00039,2024-12-29,Invoice amount is incorrect for my last subscription renewal. This is impacting workflow and needs attention soon. for our customer success unit,Billing,Medium
TKT-00040,2025-02-19,System reports an error when we try to export reports. We can continue working but this should be fixed quickly. for our IT service team,Technical Issue,Medium
TKT-00041,2024-01-21,"Billing portal shows overdue even though I paid yesterday. No rush, this is a general improvement request. for our enterprise workspace",Billing,Low
TKT-00042,2025-03-12,API endpoint returns a 500 error for valid requests. Need immediate action before end of business today. for our startup operations,Technical Issue,High
TKT-00043,2024-10-05,I cannot connect to the service from our office network. Can be handled when the team has capacity. for our customer success unit,Technical Issue,Low
TKT-00044,2024-01-25,"Invoice amount is incorrect for my last subscription renewal. No rush, this is a general improvement request. for our customer success unit",Billing,Low
TKT-00045,2025-02-08,"The app crashes whenever I upload a file larger than 10MB. Low urgency, just looking for guidance. for our finance team",Technical Issue,Low
TKT-00046,2024-06-19,How do I set up a recurring report for my team? This is informational and not blocking current work. for our startup operations,General Query,Low
TKT-00047,2024-02-21,I need to update account ownership and billing contact. Please review within the next business day. for our IT service team,Account,Medium
TKT-00048,2024-05-10,I am locked out after enabling two factor authentication. Requesting timely support to avoid escalation. for our IT service team,Account,Medium
TKT-00049,2024-04-06,"Billing portal shows overdue even though I paid yesterday. No rush, this is a general improvement request. for our support desk",Billing,Low
TKT-00050,2024-06-16,The app crashes whenever I upload a file larger than 10MB. This is impacting workflow and needs attention soon. for our enterprise workspace,Technical Issue,Medium
TKT-00051,2024-03-18,I need to update account ownership and billing contact. This is informational and not blocking current work. for our startup operations,Account,Low
TKT-00052,2024-12-31,Invoice amount is incorrect for my last subscription renewal. This is urgent and blocking production. for our finance team,Billing,High
TKT-00053,2024-11-09,Billing portal shows overdue even though I paid yesterday. We can continue working but this should be fixed quickly. for our support desk,Billing,Medium
TKT-00054,2025-02-03,I was charged twice for my monthly plan and need a refund. This is informational and not blocking current work. for our finance team,Billing,Low
TKT-00055,2024-08-02,Can you explain this unexpected charge on my account? Need immediate action before end of business today. for our finance team,Billing,High
TKT-00056,2025-05-31,I cannot connect to the service from our office network. Critical issue affecting multiple paying customers. for our enterprise workspace,Technical Issue,High
TKT-00057,2024-10-26,"Dashboard is extremely slow and times out on login. No rush, this is a general improvement request. for our customer success unit",Technical Issue,Low
TKT-00058,2024-08-14,My account was suspended and I need reactivation support. This is urgent and blocking production. for our support desk,Account,High
TKT-00059,2025-03-10,"Where can I find documentation for the analytics module? Low urgency, just looking for guidance. for our support desk",General Query,Low
TKT-00060,2024-02-28,Notifications are not being delivered to our users. This is impacting workflow and needs attention soon. for our customer success unit,Technical Issue,Medium
TKT-00061,2024-10-13,"I need to update account ownership and billing contact. No rush, this is a general improvement request. for our startup operations",Account,Low
TKT-00062,2024-08-10,System reports an error when we try to export reports. We can continue working but this should be fixed quickly. for our enterprise workspace,Technical Issue,Medium
TKT-00063,2025-04-13,The app crashes whenever I upload a file larger than 10MB. Critical issue affecting multiple paying customers. for our IT service team,Technical Issue,High
TKT-00064,2025-02-06,API endpoint returns a 500 error for valid requests. This is urgent and blocking production. for our IT service team,Technical Issue,High
TKT-00065,2024-11-16,I cannot verify my email so onboarding is blocked. This is urgent and blocking production. for our startup operations,Account,High
TKT-00066,2024-03-18,Invoice amount is incorrect for my last subscription renewal. Can be handled when the team has capacity. for our IT service team,Billing,Low
TKT-00067,2024-03-23,How do I set up a recurring report for my team? Please review within the next business day. for our customer success unit,General Query,Medium
TKT-00068,2024-04-04,My discount code was not applied to the latest invoice. This is urgent and blocking production. for our enterprise workspace,Billing,High
TKT-00069,2024-07-31,Can you explain this unexpected charge on my account? We can continue working but this should be fixed quickly. for our support desk,Billing,Medium
TKT-00070,2025-04-04,System reports an error when we try to export reports. Requesting timely support to avoid escalation. for our support desk,Technical Issue,Medium
TKT-00071,2024-05-14,Billing portal shows overdue even though I paid yesterday. This is urgent and blocking production. for our enterprise workspace,Billing,High
TKT-00072,2024-07-20,API endpoint returns a 500 error for valid requests. This is urgent and blocking production. for our finance team,Technical Issue,High
TKT-00073,2024-01-29,The app crashes whenever I upload a file larger than 10MB. Need immediate action before end of business today. for our finance team,Technical Issue,High
TKT-00074,2025-05-02,Is there a tutorial for using custom dashboards? Need immediate action before end of business today. for our support desk,General Query,High
TKT-00075,2024-12-12,"What is included in the business plan compared to basic? Low urgency, just looking for guidance. for our customer success unit",General Query,Low
TKT-00076,2024-10-04,My account was suspended and I need reactivation support. Critical issue affecting multiple paying customers. for our enterprise workspace,Account,High
TKT-00077,2024-12-11,Can someone share best practices for onboarding new users? Can be handled when the team has capacity. for our support desk,General Query,Low
TKT-00078,2024-08-13,Payment failed but my bank statement shows the amount deducted. Please prioritize immediately because operations are down. for our finance team,Billing,High
TKT-00079,2024-06-25,Can you explain this unexpected charge on my account? Please review within the next business day. for our support desk,Billing,Medium
TKT-00080,2025-05-27,API endpoint returns a 500 error for valid requests. Please review within the next business day. for our support desk,Technical Issue,Medium
TKT-00081,2024-10-16,Can someone share best practices for onboarding new users? Can be handled when the team has capacity. for our startup operations,General Query,Low
TKT-00082,2024-10-14,"Where can I find documentation for the analytics module? Low urgency, just looking for guidance. for our customer success unit",General Query,Low
TKT-00083,2024-04-19,Please help me reset my password for the admin account. We can continue working but this should be fixed quickly. for our finance team,Account,Medium
TKT-00084,2024-11-27,"I cannot verify my email so onboarding is blocked. No rush, this is a general improvement request. for our IT service team",Account,Low
TKT-00085,2025-05-20,Can you explain this unexpected charge on my account? This is impacting workflow and needs attention soon. for our customer success unit,Billing,Medium
TKT-00086,2024-11-16,"Invoice amount is incorrect for my last subscription renewal. Low urgency, just looking for guidance. for our startup operations",Billing,Low
TKT-00087,2024-05-16,"I cannot verify my email so onboarding is blocked. Low urgency, just looking for guidance. for our finance team",Account,Low
TKT-00088,2024-04-02,I cannot connect to the service from our office network. Critical issue affecting multiple paying customers. for our enterprise workspace,Technical Issue,High
TKT-00089,2024-10-09,Dashboard is extremely slow and times out on login. Please review within the next business day. for our support desk,Technical Issue,Medium
TKT-00090,2024-11-19,User permissions are wrong for our team workspace. Can be handled when the team has capacity. for our enterprise workspace,Account,Low
TKT-00091,2024-02-17,Can someone share best practices for onboarding new users? This is impacting workflow and needs attention soon. for our support desk,General Query,Medium
TKT-00092,2024-12-28,I cannot verify my email so onboarding is blocked. Requesting timely support to avoid escalation. for our enterprise workspace,Account,Medium
TKT-00093,2024-05-26,System reports an error when we try to export reports. Requesting timely support to avoid escalation. for our customer success unit,Technical Issue,Medium
TKT-00094,2024-03-20,API endpoint returns a 500 error for valid requests. This is urgent and blocking production. for our IT service team,Technical Issue,High
TKT-00095,2025-01-29,Can someone share best practices for onboarding new users? Can be handled when the team has capacity. for our finance team,General Query,Low
TKT-00096,2024-09-15,"Dashboard is extremely slow and times out on login. Low urgency, just looking for guidance. for our customer success unit",Technical Issue,Low
TKT-00097,2025-05-28,The app crashes whenever I upload a file larger than 10MB. This is informational and not blocking current work. for our IT service team,Technical Issue,Low
TKT-00098,2024-03-06,Billing portal shows overdue even though I paid yesterday. This is informational and not blocking current work. for our finance team,Billing,Low
TKT-00099,2024-09-02,I cannot connect to the service from our office network. This is impacting workflow and needs attention soon. for our finance team,Technical Issue,Medium
TKT-00100,2024-08-26,I cannot verify my email so onboarding is blocked. Please review within the next business day. for our enterprise workspace,Account,Medium
TKT-00101,2024-02-29,"System reports an error when we try to export reports. Low urgency, just looking for guidance. for our customer success unit",Technical Issue,Low
TKT-00102,2025-03-27,Can someone share best practices for onboarding new users? Can be handled when the team has capacity. for our support desk,General Query,Low
TKT-00103,2024-12-17,I was charged twice for my monthly plan and need a refund. This is informational and not blocking current work. for our finance team,Billing,Low
TKT-00104,2024-05-10,"Billing portal shows overdue even though I paid yesterday. No rush, this is a general improvement request. for our enterprise workspace",Billing,Low
TKT-00105,2025-05-06,"My discount code was not applied to the latest invoice. No rush, this is a general improvement request. for our finance team",Billing,Low
TKT-00106,2024-01-28,I am locked out after enabling two factor authentication. This is urgent and blocking production. for our finance team,Account,High
TKT-00107,2025-04-03,Notifications are not being delivered to our users. This is impacting workflow and needs attention soon. for our enterprise workspace,Technical Issue,Medium
TKT-00108,2025-02-20,"Billing portal shows overdue even though I paid yesterday. Low urgency, just looking for guidance. for our finance team",Billing,Low
TKT-00109,2024-04-18,"I need to update account ownership and billing contact. No rush, this is a general improvement request. for our startup operations",Account,Low
TKT-00110,2024-12-06,Can you explain this unexpected charge on my account? We can continue working but this should be fixed quickly. for our customer success unit,Billing,Medium
TKT-00111,2024-04-14,Can someone share best practices for onboarding new users? We can continue working but this should be fixed quickly. for our finance team,General Query,Medium
TKT-00112,2024-11-26,Can you explain this unexpected charge on my account? Requesting timely support to avoid escalation. for our support desk,Billing,Medium
TKT-00113,2025-04-22,I was charged twice for my monthly plan and need a refund. This is impacting workflow and needs attention soon. for our enterprise workspace,Billing,Medium
TKT-00114,2024-04-09,I need to update account ownership and billing contact. This is urgent and blocking production. for our support desk,Account,High
TKT-00115,2024-12-09,"What is included in the business plan compared to basic? Low urgency, just looking for guidance. for our enterprise workspace",General Query,Low
TKT-00116,2024-06-11,API endpoint returns a 500 error for valid requests. Need immediate action before end of business today. for our customer success unit,Technical Issue,High
TKT-00117,2025-05-22,API endpoint returns a 500 error for valid requests. We can continue working but this should be fixed quickly. for our startup operations,Technical Issue,Medium
TKT-00118,2024-09-13,My discount code was not applied to the latest invoice. Please review within the next business day. for our IT service team,Billing,Medium
TKT-00119,2024-06-13,Billing portal shows overdue even though I paid yesterday. Please prioritize immediately because operations are down. for our finance team,Billing,High
TKT-00120,2024-08-10,Dashboard is extremely slow and times out on login. We can continue working but this should be fixed quickly. for our IT service team,Technical Issue,Medium
TKT-00121,2024-06-20,Notifications are not being delivered to our users. Critical issue affecting multiple paying customers. for our customer success unit,Technical Issue,High
TKT-00122,2024-05-01,Payment failed but my bank statement shows the amount deducted. Please review within the next business day. for our finance team,Billing,Medium
TKT-00123,2024-12-15,I cannot connect to the service from our office network. We can continue working but this should be fixed quickly. for our customer success unit,Technical Issue,Medium
TKT-00124,2024-10-23,Please help me reset my password for the admin account. Requesting timely support to avoid escalation. for our startup operations,Account,Medium
TKT-00125,2024-10-03,I cannot connect to the service from our office network. Please review within the next business day. for our IT service team,Technical Issue,Medium
TKT-00126,2024-09-28,"I am locked out after enabling two factor authentication. Low urgency, just looking for guidance. for our IT service team",Account,Low
TKT-00127,2025-03-28,API endpoint returns a 500 error for valid requests. Please review within the next business day. for our customer success unit,Technical Issue,Medium
TKT-00128,2025-03-30,The app crashes whenever I upload a file larger than 10MB. This is urgent and blocking production. for our IT service team,Technical Issue,High
TKT-00129,2024-04-03,Can you explain this unexpected charge on my account? Please review within the next business day. for our startup operations,Billing,Medium
TKT-00130,2025-03-22,Notifications are not being delivered to our users. This is impacting workflow and needs attention soon. for our startup operations,Technical Issue,Medium
TKT-00131,2024-11-20,Can someone share best practices for onboarding new users? This is impacting workflow and needs attention soon. for our enterprise workspace,General Query,Medium
TKT-00132,2025-06-21,Can you explain this unexpected charge on my account? Requesting timely support to avoid escalation. for our finance team,Billing,Medium
TKT-00133,2025-01-15,My account was suspended and I need reactivation support. We can continue working but this should be fixed quickly. for our finance team,Account,Medium
TKT-00134,2024-04-22,Dashboard is extremely slow and times out on login. This is impacting workflow and needs attention soon. for our support desk,Technical Issue,Medium
TKT-00135,2025-03-27,System reports an error when we try to export reports. This is urgent and blocking production. for our startup operations,Technical Issue,High
TKT-00136,2025-06-18,"Where can I find documentation for the analytics module? Low urgency, just looking for guidance. for our support desk",General Query,Low
TKT-00137,2024-02-13,Billing portal shows overdue even though I paid yesterday. Please review within the next business day. for our enterprise workspace,Billing,Medium
TKT-00138,2024-03-22,I need to update account ownership and billing contact. Please review within the next business day. for our IT service team,Account,Medium
TKT-00139,2024-05-05,"Billing portal shows overdue even though I paid yesterday. No rush, this is a general improvement request. for our customer success unit",Billing,Low
TKT-00140,2024-09-23,Notifications are not being delivered to our users. Critical issue affecting multiple paying customers. for our support desk,Technical Issue,High
TKT-00141,2024-12-10,Billing portal shows overdue even though I paid yesterday. Need immediate action before end of business today. for our IT service team,Billing,High
TKT-00142,2024-02-01,My account was suspended and I need reactivation support. Requesting timely support to avoid escalation. for our customer success unit,Account,Medium
TKT-00143,2025-04-01,Notifications are not being delivered to our users. Please review within the next business day. for our IT service team,Technical Issue,Medium
TKT-00144,2024-09-29,System reports an error when we try to export reports. Requesting timely support to avoid escalation. for our startup operations,Technical Issue,Medium
TKT-00145,2024-07-02,"How do I set up a recurring report for my team? Low urgency, just looking for guidance. for our startup operations",General Query,Low
TKT-00146,2024-08-03,I cannot connect to the service from our office network. This is impacting workflow and needs attention soon. for our finance team,Technical Issue,Medium
TKT-00147,2024-07-01,"Do you support integration with third-party CRM tools? No rush, this is a general improvement request. for our finance team",General Query,Low
TKT-00148,2024-08-30,Can you explain this unexpected charge on my account? Need immediate action before end of business today. for our support desk,Billing,High
TKT-00149,2024-05-30,I cannot connect to the service from our office network. This is impacting workflow and needs attention soon. for our startup operations,Technical Issue,Medium
TKT-00150,2024-11-30,My account was suspended and I need reactivation support. Requesting timely support to avoid escalation. for our support desk,Account,Medium
TKT-00151,2025-01-24,I cannot connect to the service from our office network. Requesting timely support to avoid escalation. for our customer success unit,Technical Issue,Medium
TKT-00152,2024-03-02,"Do you support integration with third-party CRM tools? Low urgency, just looking for guidance. for our finance team",General Query,Low
TKT-00153,2024-12-19,User permissions are wrong for our team workspace. We can continue working but this should be fixed quickly. for our IT service team,Account,Medium
TKT-00154,2025-01-31,How do I set up a recurring report for my team? Can be handled when the team has capacity. for our support desk,General Query,Low
TKT-00155,2024-01-23,I am locked out after enabling two factor authentication. This is impacting workflow and needs attention soon. for our enterprise workspace,Account,Medium
TKT-00156,2024-09-08,I cannot verify my email so onboarding is blocked. Requesting timely support to avoid escalation. for our IT service team,Account,Medium
TKT-00157,2024-02-15,"How do I set up a recurring report for my team? Low urgency, just looking for guidance. for our customer success unit",General Query,Low
TKT-00158,2025-03-20,API endpoint returns a 500 error for valid requests. Requesting timely support to avoid escalation. for our startup operations,Technical Issue,Medium
TKT-00159,2024-02-29,Billing portal shows overdue even though I paid yesterday. This is impacting workflow and needs attention soon. for our startup operations,Billing,Medium
TKT-00160,2025-04-12,"User permissions are wrong for our team workspace. Low urgency, just looking for guidance. for our finance team",Account,Low
TKT-00161,2024-05-06,"I need to update account ownership and billing contact. No rush, this is a general improvement request. for our IT service team",Account,Low
TKT-00162,2024-10-04,"I need to update account ownership and billing contact. No rush, this is a general improvement request. for our IT service team",Account,Low
TKT-00163,2025-04-28,My account was suspended and I need reactivation support. Please prioritize immediately because operations are down. for our support desk,Account,High
TKT-00164,2024-07-06,I need to update account ownership and billing contact. Need immediate action before end of business today. for our customer success unit,Account,High
TKT-00165,2024-08-02,Can someone share best practices for onboarding new users? We can continue working but this should be fixed quickly. for our startup operations,General Query,Medium
TKT-00166,2024-02-15,"Billing portal shows overdue even though I paid yesterday. No rush, this is a general improvement request. for our support desk",Billing,Low
TKT-00167,2025-06-23,Dashboard is extremely slow and times out on login. Requesting timely support to avoid escalation. for our customer success unit,Technical Issue,Medium
TKT-00168,2024-11-06,I cannot connect to the service from our office network. This is urgent and blocking production. for our finance team,Technical Issue,High
TKT-00169,2024-07-30,Can someone share best practices for onboarding new users? This is informational and not blocking current work. for our finance team,General Query,Low
TKT-00170,2024-07-16,"Do you support integration with third-party CRM tools? No rush, this is a general improvement request. for our finance team",General Query,Low
TKT-00171,2024-09-01,Can you explain this unexpected charge on my account? This is urgent and blocking production. for our enterprise workspace,Billing,High
TKT-00172,2025-06-01,I need to update account ownership and billing contact. Please review within the next business day. for our IT service team,Account,Medium
TKT-00173,2025-04-29,I cannot verify my email so onboarding is blocked. Please review within the next business day. for our startup operations,Account,Medium
TKT-00174,2024-10-12,Billing portal shows overdue even though I paid yesterday. Requesting timely support to avoid escalation. for our enterprise workspace,Billing,Medium
TKT-00175,2024-06-10,User permissions are wrong for our team workspace. We can continue working but this should be fixed quickly. for our finance team,Account,Medium
TKT-00176,2025-04-17,Invoice amount is incorrect for my last subscription renewal. This is impacting workflow and needs attention soon. for our startup operations,Billing,Medium
TKT-00177,2025-02-27,API endpoint returns a 500 error for valid requests. Requesting timely support to avoid escalation. for our customer success unit,Technical Issue,Medium
TKT-00178,2024-12-30,Notifications are not being delivered to our users. Need immediate action before end of business today. for our customer success unit,Technical Issue,High
TKT-00179,2024-04-09,"Please help me reset my password for the admin account. Low urgency, just looking for guidance. for our startup operations",Account,Low
TKT-00180,2025-05-30,Dashboard is extremely slow and times out on login. Critical issue affecting multiple paying customers. for our enterprise workspace,Technical Issue,High
TKT-00181,2025-06-02,The app crashes whenever I upload a file larger than 10MB. This is urgent and blocking production. for our IT service team,Technical Issue,High
TKT-00182,2024-02-05,I was charged twice for my monthly plan and need a refund. This is urgent and blocking production. for our customer success unit,Billing,High
TKT-00183,2024-01-28,System reports an error when we try to export reports. Please review within the next business day. for our finance team,Technical Issue,Medium
TKT-00184,2025-01-12,My discount code was not applied to the latest invoice. This is impacting workflow and needs attention soon. for our IT service team,Billing,Medium
TKT-00185,2024-08-12,Payment failed but my bank statement shows the amount deducted. Please review within the next business day. for our enterprise workspace,Billing,Medium
TKT-00186,2024-01-01,Payment failed but my bank statement shows the amount deducted. Need immediate action before end of business today. for our finance team,Billing,High
TKT-00187,2024-08-20,The app crashes whenever I upload a file larger than 10MB. Please prioritize immediately because operations are down. for our startup operations,Technical Issue,High
TKT-00188,2024-06-23,User permissions are wrong for our team workspace. Can be handled when the team has capacity. for our enterprise workspace,Account,Low
TKT-00189,2024-05-03,Billing portal shows overdue even though I paid yesterday. We can continue working but this should be fixed quickly. for our startup operations,Billing,Medium
TKT-00190,2024-09-05,"Dashboard is extremely slow and times out on login. No rush, this is a general improvement request. for our startup operations",Technical Issue,Low
TKT-00191,2024-03-15,User permissions are wrong for our team workspace. This is urgent and blocking production. for our enterprise workspace,Account,High
TKT-00192,2024-01-17,Is there a tutorial for using custom dashboards? This is urgent and blocking production. for our support desk,General Query,High
TKT-00193,2024-11-03,Payment failed but my bank statement shows the amount deducted. This is impacting workflow and needs attention soon. for our finance team,Billing,Medium
TKT-00194,2025-04-05,Dashboard is extremely slow and times out on login. This is impacting workflow and needs attention soon. for our enterprise workspace,Technical Issue,Medium
TKT-00195,2025-04-06,Notifications are not being delivered to our users. Need immediate action before end of business today. for our IT service team,Technical Issue,High
TKT-00196,2024-11-21,Can you explain this unexpected charge on my account? Can be handled when the team has capacity. for our IT service team,Billing,Low
TKT-00197,2024-06-20,Can someone share best practices for onboarding new users? Requesting timely support to avoid escalation. for our finance team,General Query,Medium
TKT-00198,2024-08-11,Please help me reset my password for the admin account. This is impacting workflow and needs attention soon. for our customer success unit,Account,Medium
TKT-00199,2024-07-06,Notifications are not being delivered to our users. This is urgent and blocking production. for our support desk,Technical Issue,High
TKT-00200,2025-01-17,Can you explain this unexpected charge on my account? Critical issue affecting multiple paying customers. for our IT service team,Billing,High
TKT-00201,2024-11-16,I am locked out after enabling two factor authentication. Requesting timely support to avoid escalation. for our finance team,Account,Medium
TKT-00202,2024-04-03,My discount code was not applied to the latest invoice. Critical issue affecting multiple paying customers. for our finance team,Billing,High
TKT-00203,2024-01-09,"API endpoint returns a 500 error for valid requests. No rush, this is a general improvement request. for our IT service team",Technical Issue,Low
TKT-00204,2025-04-29,"Do you support integration with third-party CRM tools? No rush, this is a general improvement request. for our customer success unit",General Query,Low
TKT-00205,2024-05-27,How do I set up a recurring report for my team? This is informational and not blocking current work. for our enterprise workspace,General Query,Low
TKT-00206,2024-12-24,I was charged twice for my monthly plan and need a refund. Please review within the next business day. for our startup operations,Billing,Medium
TKT-00207,2024-05-04,I am locked out after enabling two factor authentication. Critical issue affecting multiple paying customers. for our finance team,Account,High
TKT-00208,2024-10-25,What is included in the business plan compared to basic? We can continue working but this should be fixed quickly. for our enterprise workspace,General Query,Medium
TKT-00209,2024-11-02,I cannot connect to the service from our office network. We can continue working but this should be fixed quickly. for our support desk,Technical Issue,Medium
TKT-00210,2024-10-04,I am locked out after enabling two factor authentication. Can be handled when the team has capacity. for our IT service team,Account,Low
TKT-00211,2024-08-08,Payment failed but my bank statement shows the amount deducted. This is informational and not blocking current work. for our startup operations,Billing,Low
TKT-00212,2025-01-03,Can you explain this unexpected charge on my account? Can be handled when the team has capacity. for our finance team,Billing,Low
TKT-00213,2024-04-17,"Invoice amount is incorrect for my last subscription renewal. No rush, this is a general improvement request. for our support desk",Billing,Low
TKT-00214,2024-09-10,"Where can I find documentation for the analytics module? No rush, this is a general improvement request. for our startup operations",General Query,Low
TKT-00215,2024-10-06,User permissions are wrong for our team workspace. Can be handled when the team has capacity. for our startup operations,Account,Low
TKT-00216,2024-11-03,"User permissions are wrong for our team workspace. Low urgency, just looking for guidance. for our IT service team",Account,Low
TKT-00217,2025-03-06,"My discount code was not applied to the latest invoice. Low urgency, just looking for guidance. for our IT service team",Billing,Low
TKT-00218,2024-01-13,Payment failed but my bank statement shows the amount deducted. Critical issue affecting multiple paying customers. for our startup operations,Billing,High
TKT-00219,2025-04-24,Can someone share best practices for onboarding new users? We can continue working but this should be fixed quickly. for our IT service team,General Query,Medium
TKT-00220,2024-11-09,Dashboard is extremely slow and times out on login. Critical issue affecting multiple paying customers. for our customer success unit,Technical Issue,High
TKT-00221,2024-09-09,I cannot connect to the service from our office network. Requesting timely support to avoid escalation. for our customer success unit,Technical Issue,Medium
TKT-00222,2024-03-11,Payment failed but my bank statement shows the amount deducted. Please review within the next business day. for our support desk,Billing,Medium
TKT-00223,2025-05-30,I was charged twice for my monthly plan and need a refund. Please review within the next business day. for our finance team,Billing,Medium
TKT-00224,2025-04-20,Payment failed but my bank statement shows the amount deducted. Need immediate action before end of business today. for our customer success unit,Billing,High
TKT-00225,2024-10-08,Billing portal shows overdue even though I paid yesterday. This is urgent and blocking production. for our startup operations,Billing,High
TKT-00226,2024-09-17,The app crashes whenever I upload a file larger than 10MB. This is urgent and blocking production. for our finance team,Technical Issue,High
TKT-00227,2024-02-29,Can someone share best practices for onboarding new users? Can be handled when the team has capacity. for our IT service team,General Query,Low
TKT-00228,2025-04-18,Invoice amount is incorrect for my last subscription renewal. Requesting timely support to avoid escalation. for our enterprise workspace,Billing,Medium
TKT-00229,2025-05-29,"What is included in the business plan compared to basic? Low urgency, just looking for guidance. for our startup operations",General Query,Low
TKT-00230,2024-10-25,Billing portal shows overdue even though I paid yesterday. Please prioritize immediately because operations are down. for our enterprise workspace,Billing,High
TKT-00231,2024-10-19,My discount code was not applied to the latest invoice. This is informational and not blocking current work. for our startup operations,Billing,Low
TKT-00232,2025-04-05,Payment failed but my bank statement shows the amount deducted. This is impacting workflow and needs attention soon. for our finance team,Billing,Medium
TKT-00233,2024-07-19,System reports an error when we try to export reports. Please review within the next business day. for our IT service team,Technical Issue,Medium
TKT-00234,2024-04-21,The app crashes whenever I upload a file larger than 10MB. Requesting timely support to avoid escalation. for our finance team,Technical Issue,Medium
TKT-00235,2024-02-24,Where can I find documentation for the analytics module? Requesting timely support to avoid escalation. for our support desk,General Query,Medium
TKT-00236,2024-08-11,"Can you explain this unexpected charge on my account? No rush, this is a general improvement request. for our customer success unit",Billing,Low
TKT-00237,2025-04-04,Notifications are not being delivered to our users. Critical issue affecting multiple paying customers. for our finance team,Technical Issue,High
TKT-00238,2024-05-14,What is included in the business plan compared to basic? We can continue working but this should be fixed quickly. for our support desk,General Query,Medium
TKT-00239,2025-04-24,I was charged twice for my monthly plan and need a refund. Need immediate action before end of business today. for our finance team,Billing,High
TKT-00240,2024-10-13,Please help me reset my password for the admin account. Please review within the next business day. for our startup operations,Account,Medium
TKT-00241,2024-03-08,Dashboard is extremely slow and times out on login. This is urgent and blocking production. for our startup operations,Technical Issue,High
TKT-00242,2024-03-29,"Is there a tutorial for using custom dashboards? Low urgency, just looking for guidance. for our finance team",General Query,Low
TKT-00243,2024-01-17,The app crashes whenever I upload a file larger than 10MB. Please prioritize immediately because operations are down. for our IT service team,Technical Issue,High
TKT-00244,2024-11-24,I was charged twice for my monthly plan and need a refund. Can be handled when the team has capacity. for our IT service team,Billing,Low
TKT-00245,2024-04-11,I cannot connect to the service from our office network. Critical issue affecting multiple paying customers. for our customer success unit,Technical Issue,High
TKT-00246,2024-09-10,Can someone share best practices for onboarding new users? This is informational and not blocking current work. for our startup operations,General Query,Low
TKT-00247,2024-01-28,My discount code was not applied to the latest invoice. Can be handled when the team has capacity. for our customer success unit,Billing,Low
TKT-00248,2025-02-09,I cannot connect to the service from our office network. We can continue working but this should be fixed quickly. for our finance team,Technical Issue,Medium
TKT-00249,2024-08-24,Please help me reset my password for the admin account. Need immediate action before end of business today. for our customer success unit,Account,High
TKT-00250,2024-05-31,User permissions are wrong for our team workspace. Need immediate action before end of business today. for our enterprise workspace,Account,High
TKT-00251,2024-03-23,My discount code was not applied to the latest invoice. This is impacting workflow and needs attention soon. for our startup operations,Billing,Medium
TKT-00252,2024-06-21,I am locked out after enabling two factor authentication. Requesting timely support to avoid escalation. for our customer success unit,Account,Medium
TKT-00253,2024-11-19,Please help me reset my password for the admin account. We can continue working but this should be fixed quickly. for our customer success unit,Account,Medium
TKT-00254,2024-04-05,I cannot connect to the service from our office network. Can be handled when the team has capacity. for our customer success unit,Technical Issue,Low
TKT-00255,2024-08-30,"User permissions are wrong for our team workspace. No rush, this is a general improvement request. for our IT service team",Account,Low
TKT-00256,2024-10-13,"Where can I find documentation for the analytics module? Low urgency, just looking for guidance. for our startup operations",General Query,Low
TKT-00257,2024-07-16,I need to update account ownership and billing contact. Requesting timely support to avoid escalation. for our support desk,Account,Medium
TKT-00258,2025-01-23,I cannot verify my email so onboarding is blocked. We can continue working but this should be fixed quickly. for our finance team,Account,Medium
TKT-00259,2024-12-15,API endpoint returns a 500 error for valid requests. Can be handled when the team has capacity. for our enterprise workspace,Technical Issue,Low
TKT-00260,2024-03-08,Dashboard is extremely slow and times out on login. Please prioritize immediately because operations are down. for our enterprise workspace,Technical Issue,High
TKT-00261,2024-12-23,I was charged twice for my monthly plan and need a refund. We can continue working but this should be fixed quickly. for our support desk,Billing,Medium
TKT-00262,2025-02-24,My discount code was not applied to the latest invoice. This is impacting workflow and needs attention soon. for our finance team,Billing,Medium
TKT-00263,2024-03-10,Is there a tutorial for using custom dashboards? We can continue working but this should be fixed quickly. for our enterprise workspace,General Query,Medium
TKT-00264,2024-12-30,Invoice amount is incorrect for my last subscription renewal. Please prioritize immediately because operations are down. for our enterprise workspace,Billing,High
TKT-00265,2025-01-13,Is there a tutorial for using custom dashboards? We can continue working but this should be fixed quickly. for our customer success unit,General Query,Medium
TKT-00266,2024-12-03,Can someone share best practices for onboarding new users? Can be handled when the team has capacity. for our enterprise workspace,General Query,Low
TKT-00267,2025-01-05,I cannot connect to the service from our office network. Can be handled when the team has capacity. for our startup operations,Technical Issue,Low
TKT-00268,2024-11-25,My discount code was not applied to the latest invoice. Requesting timely support to avoid escalation. for our IT service team,Billing,Medium
TKT-00269,2024-06-22,"Notifications are not being delivered to our users. Low urgency, just looking for guidance. for our enterprise workspace",Technical Issue,Low
TKT-00270,2024-06-29,Dashboard is extremely slow and times out on login. Critical issue affecting multiple paying customers. for our support desk,Technical Issue,High
TKT-00271,2025-03-31,"Billing portal shows overdue even though I paid yesterday. Low urgency, just looking for guidance. for our enterprise workspace",Billing,Low
TKT-00272,2025-02-15,"Is there a tutorial for using custom dashboards? Low urgency, just looking for guidance. for our enterprise workspace",General Query,Low
TKT-00273,2024-12-14,System reports an error when we try to export reports. This is urgent and blocking production. for our customer success unit,Technical Issue,High
TKT-00274,2024-08-09,Dashboard is extremely slow and times out on login. Critical issue affecting multiple paying customers. for our startup operations,Technical Issue,High
TKT-00275,2024-03-31,"Invoice amount is incorrect for my last subscription renewal. Low urgency, just looking for guidance. for our customer success unit",Billing,Low
TKT-00276,2025-03-29,Payment failed but my bank statement shows the amount deducted. Requesting timely support to avoid escalation. for our finance team,Billing,Medium
TKT-00277,2024-07-29,"Can you explain this unexpected charge on my account? No rush, this is a general improvement request. for our finance team",Billing,Low
TKT-00278,2024-08-16,Is there a tutorial for using custom dashboards? This is impacting workflow and needs attention soon. for our finance team,General Query,Medium
TKT-00279,2024-02-07,"API endpoint returns a 500 error for valid requests. Low urgency, just looking for guidance. for our customer success unit",Technical Issue,Low
TKT-00280,2025-04-22,Invoice amount is incorrect for my last subscription renewal. Can be handled when the team has capacity. for our startup operations,Billing,Low
TKT-00281,2024-04-05,My account was suspended and I need reactivation support. Need immediate action before end of business today. for our customer success unit,Account,High
TKT-00282,2025-01-05,API endpoint returns a 500 error for valid requests. We can continue working but this should be fixed quickly. for our enterprise workspace,Technical Issue,Medium
TKT-00283,2024-10-05,"I am locked out after enabling two factor authentication. Low urgency, just looking for guidance. for our finance team",Account,Low
TKT-00284,2024-06-20,I was charged twice for my monthly plan and need a refund. Requesting timely support to avoid escalation. for our enterprise workspace,Billing,Medium
TKT-00285,2024-12-29,API endpoint returns a 500 error for valid requests. This is urgent and blocking production. for our startup operations,Technical Issue,High
TKT-00286,2025-03-19,System reports an error when we try to export reports. Requesting timely support to avoid escalation. for our IT service team,Technical Issue,Medium
TKT-00287,2025-03-08,API endpoint returns a 500 error for valid requests. Critical issue affecting multiple paying customers. for our support desk,Technical Issue,High
TKT-00288,2025-04-19,API endpoint returns a 500 error for valid requests. This is impacting workflow and needs attention soon. for our customer success unit,Technical Issue,Medium
TKT-00289,2024-02-06,Invoice amount is incorrect for my last subscription renewal. Critical issue affecting multiple paying customers. for our enterprise workspace,Billing,High
TKT-00290,2025-02-22,I was charged twice for my monthly plan and need a refund. Please prioritize immediately because operations are down. for our IT service team,Billing,High
TKT-00291,2024-03-31,My discount code was not applied to the latest invoice. Requesting timely support to avoid escalation. for our startup operations,Billing,Medium
TKT-00292,2024-10-18,"Invoice amount is incorrect for my last subscription renewal. Low urgency, just looking for guidance. for our customer success unit",Billing,Low
TKT-00293,2025-02-02,I need to update account ownership and billing contact. Please prioritize immediately because operations are down. for our customer success unit,Account,High
TKT-00294,2025-02-09,Invoice amount is incorrect for my last subscription renewal. This is informational and not blocking current work. for our customer success unit,Billing,Low
TKT-00295,2024-04-22,Dashboard is extremely slow and times out on login. This is urgent and blocking production. for our customer success unit,Technical Issue,High
TKT-00296,2024-04-05,My account was suspended and I need reactivation support. This is urgent and blocking production. for our startup operations,Account,High
TKT-00297,2025-06-18,I was charged twice for my monthly plan and need a refund. Can be handled when the team has capacity. for our support desk,Billing,Low
TKT-00298,2024-07-31,Invoice amount is incorrect for my last subscription renewal. Please review within the next business day. for our IT service team,Billing,Medium
TKT-00299,2024-04-13,"Is there a tutorial for using custom dashboards? Low urgency, just looking for guidance. for our startup operations",General Query,Low
TKT-00300,2025-01-31,Billing portal shows overdue even though I paid yesterday. Please review within the next business day. for our enterprise workspace,Billing,Medium
TKT-00301,2025-01-18,Dashboard is extremely slow and times out on login. Requesting timely support to avoid escalation. for our startup operations,Technical Issue,Medium
TKT-00302,2024-09-19,Billing portal shows overdue even though I paid yesterday. Critical issue affecting multiple paying customers. for our startup operations,Billing,High
TKT-00303,2025-03-22,Invoice amount is incorrect for my last subscription renewal. Requesting timely support to avoid escalation. for our finance team,Billing,Medium
TKT-00304,2024-10-08,System reports an error when we try to export reports. Please prioritize immediately because operations are down. for our finance team,Technical Issue,High
TKT-00305,2024-02-05,I cannot connect to the service from our office network. We can continue working but this should be fixed quickly. for our IT service team,Technical Issue,Medium
TKT-00306,2024-12-14,Can you explain this unexpected charge on my account? Need immediate action before end of business today. for our support desk,Billing,High
TKT-00307,2024-09-14,I was charged twice for my monthly plan and need a refund. Can be handled when the team has capacity. for our support desk,Billing,Low
TKT-00308,2024-11-12,Do you support integration with third-party CRM tools? This is urgent and blocking production. for our startup operations,General Query,High
TKT-00309,2024-02-23,I was charged twice for my monthly plan and need a refund. This is impacting workflow and needs attention soon. for our IT service team,Billing,Medium
TKT-00310,2024-03-13,Can you explain this unexpected charge on my account? This is impacting workflow and needs attention soon. for our finance team,Billing,Medium
TKT-00311,2024-01-30,Do you support integration with third-party CRM tools? Please review within the next business day. for our enterprise workspace,General Query,Medium
TKT-00312,2024-04-20,Notifications are not being delivered to our users. Critical issue affecting multiple paying customers. for our startup operations,Technical Issue,High
TKT-00313,2024-02-27,"Can someone share best practices for onboarding new users? No rush, this is a general improvement request. for our support desk",General Query,Low
TKT-00314,2025-04-05,Payment failed but my bank statement shows the amount deducted. This is impacting workflow and needs attention soon. for our enterprise workspace,Billing,Medium
TKT-00315,2025-06-22,My account was suspended and I need reactivation support. This is informational and not blocking current work. for our finance team,Account,Low
TKT-00316,2025-05-27,I was charged twice for my monthly plan and need a refund. Please review within the next business day. for our startup operations,Billing,Medium
TKT-00317,2025-06-12,Notifications are not being delivered to our users. This is impacting workflow and needs attention soon. for our support desk,Technical Issue,Medium
TKT-00318,2024-07-24,API endpoint returns a 500 error for valid requests. Need immediate action before end of business today. for our IT service team,Technical Issue,High
TKT-00319,2024-06-22,Dashboard is extremely slow and times out on login. This is impacting workflow and needs attention soon. for our customer success unit,Technical Issue,Medium
TKT-00320,2024-11-14,My discount code was not applied to the latest invoice. Need immediate action before end of business today. for our finance team,Billing,High
TKT-00321,2024-12-07,Dashboard is extremely slow and times out on login. Please prioritize immediately because operations are down. for our support desk,Technical Issue,High
TKT-00322,2024-06-26,Can someone share best practices for onboarding new users? Can be handled when the team has capacity. for our support desk,General Query,Low
TKT-00323,2024-12-21,Dashboard is extremely slow and times out on login. Please review within the next business day. for our enterprise workspace,Technical Issue,Medium
TKT-00324,2024-07-23,Notifications are not being delivered to our users. Please prioritize immediately because operations are down. for our finance team,Technical Issue,High
TKT-00325,2024-07-29,Can you explain this unexpected charge on my account? Critical issue affecting multiple paying customers. for our IT service team,Billing,High
TKT-00326,2024-05-19,My discount code was not applied to the latest invoice. Requesting timely support to avoid escalation. for our customer success unit,Billing,Medium
TKT-00327,2024-12-27,Please help me reset my password for the admin account. This is informational and not blocking current work. for our finance team,Account,Low
TKT-00328,2025-05-13,Billing portal shows overdue even though I paid yesterday. Can be handled when the team has capacity. for our finance team,Billing,Low
TKT-00329,2025-01-02,I cannot connect to the service from our office network. This is urgent and blocking production. for our IT service team,Technical Issue,High
TKT-00330,2025-04-05,Dashboard is extremely slow and times out on login. Critical issue affecting multiple paying customers. for our finance team,Technical Issue,High
TKT-00331,2025-02-28,Dashboard is extremely slow and times out on login. This is urgent and blocking production. for our customer success unit,Technical Issue,High
TKT-00332,2024-11-01,Notifications are not being delivered to our users. Please review within the next business day. for our IT service team,Technical Issue,Medium
TKT-00333,2024-09-25,Payment failed but my bank statement shows the amount deducted. Need immediate action before end of business today. for our finance team,Billing,High
TKT-00334,2025-04-07,"The app crashes whenever I upload a file larger than 10MB. Low urgency, just looking for guidance. for our support desk",Technical Issue,Low
TKT-00335,2024-07-21,Billing portal shows overdue even though I paid yesterday. Requesting timely support to avoid escalation. for our customer success unit,Billing,Medium
TKT-00336,2024-10-31,Can you explain this unexpected charge on my account? Can be handled when the team has capacity. for our enterprise workspace,Billing,Low
TKT-00337,2024-07-18,Is there a tutorial for using custom dashboards? Can be handled when the team has capacity. for our IT service team,General Query,Low
TKT-00338,2025-03-28,Notifications are not being delivered to our users. Need immediate action before end of business today. for our enterprise workspace,Technical Issue,High
TKT-00339,2024-01-13,System reports an error when we try to export reports. Need immediate action before end of business today. for our finance team,Technical Issue,High
TKT-00340,2024-03-29,Dashboard is extremely slow and times out on login. Critical issue affecting multiple paying customers. for our customer success unit,Technical Issue,High
TKT-00341,2024-01-22,My account was suspended and I need reactivation support. We can continue working but this should be fixed quickly. for our finance team,Account,Medium
TKT-00342,2024-03-16,Notifications are not being delivered to our users. This is impacting workflow and needs attention soon. for our startup operations,Technical Issue,Medium
TKT-00343,2025-05-26,Invoice amount is incorrect for my last subscription renewal. This is impacting workflow and needs attention soon. for our customer success unit,Billing,Medium
TKT-00344,2024-02-13,Dashboard is extremely slow and times out on login. Requesting timely support to avoid escalation. for our enterprise workspace,Technical Issue,Medium
TKT-00345,2024-08-19,I cannot verify my email so onboarding is blocked. This is informational and not blocking current work. for our startup operations,Account,Low
TKT-00346,2025-06-20,API endpoint returns a 500 error for valid requests. Critical issue affecting multiple paying customers. for our startup operations,Technical Issue,High
TKT-00347,2024-06-11,Where can I find documentation for the analytics module? Critical issue affecting multiple paying customers. for our customer success unit,General Query,High
TKT-00348,2025-03-28,Where can I find documentation for the analytics module? Need immediate action before end of business today. for our support desk,General Query,High
TKT-00349,2024-03-25,I was charged twice for my monthly plan and need a refund. Need immediate action before end of business today. for our IT service team,Billing,High
TKT-00350,2024-08-02,Notifications are not being delivered to our users. This is informational and not blocking current work. for our support desk,Technical Issue,Low
TKT-00351,2024-06-16,API endpoint returns a 500 error for valid requests. Need immediate action before end of business today. for our enterprise workspace,Technical Issue,High
TKT-00352,2024-02-20,Invoice amount is incorrect for my last subscription renewal. Requesting timely support to avoid escalation. for our enterprise workspace,Billing,Medium
TKT-00353,2025-06-10,"What is included in the business plan compared to basic? Low urgency, just looking for guidance. for our finance team",General Query,Low
TKT-00354,2025-03-05,"What is included in the business plan compared to basic? No rush, this is a general improvement request. for our IT service team",General Query,Low
TKT-00355,2025-06-08,Notifications are not being delivered to our users. Requesting timely support to avoid escalation. for our enterprise workspace,Technical Issue,Medium
TKT-00356,2024-07-27,I need to update account ownership and billing contact. Please review within the next business day. for our IT service team,Account,Medium
TKT-00357,2024-02-11,The app crashes whenever I upload a file larger than 10MB. This is urgent and blocking production. for our support desk,Technical Issue,High
TKT-00358,2024-11-26,Please help me reset my password for the admin account. Requesting timely support to avoid escalation. for our IT service team,Account,Medium
TKT-00359,2025-06-10,Billing portal shows overdue even though I paid yesterday. This is urgent and blocking production. for our enterprise workspace,Billing,High
TKT-00360,2025-06-11,Can you explain this unexpected charge on my account? Requesting timely support to avoid escalation. for our IT service team,Billing,Medium
TKT-00361,2024-02-04,Payment failed but my bank statement shows the amount deducted. This is urgent and blocking production. for our IT service team,Billing,High
TKT-00362,2024-10-17,Payment failed but my bank statement shows the amount deducted. Requesting timely support to avoid escalation. for our enterprise workspace,Billing,Medium
TKT-00363,2024-11-29,User permissions are wrong for our team workspace. Need immediate action before end of business today. for our IT service team,Account,High
TKT-00364,2024-02-18,How do I set up a recurring report for my team? Can be handled when the team has capacity. for our finance team,General Query,Low
TKT-00365,2024-07-23,Can you explain this unexpected charge on my account? Requesting timely support to avoid escalation. for our IT service team,Billing,Medium
TKT-00366,2024-06-22,I need to update account ownership and billing contact. This is impacting workflow and needs attention soon. for our customer success unit,Account,Medium
TKT-00367,2024-05-03,I am locked out after enabling two factor authentication. Please review within the next business day. for our support desk,Account,Medium
TKT-00368,2024-04-11,My account was suspended and I need reactivation support. Need immediate action before end of business today. for our support desk,Account,High
TKT-00369,2024-10-01,Can you explain this unexpected charge on my account? We can continue working but this should be fixed quickly. for our finance team,Billing,Medium
TKT-00370,2024-09-15,The app crashes whenever I upload a file larger than 10MB. Can be handled when the team has capacity. for our customer success unit,Technical Issue,Low
TKT-00371,2024-05-03,System reports an error when we try to export reports. Critical issue affecting multiple paying customers. for our enterprise workspace,Technical Issue,High
TKT-00372,2024-09-10,User permissions are wrong for our team workspace. Need immediate action before end of business today. for our finance team,Account,High
TKT-00373,2025-03-19,"Can someone share best practices for onboarding new users? No rush, this is a general improvement request. for our support desk",General Query,Low
TKT-00374,2024-12-10,I cannot verify my email so onboarding is blocked. Can be handled when the team has capacity. for our startup operations,Account,Low
TKT-00375,2024-12-23,Where can I find documentation for the analytics module? Can be handled when the team has capacity. for our startup operations,General Query,Low
TKT-00376,2024-08-17,My account was suspended and I need reactivation support. Can be handled when the team has capacity. for our customer success unit,Account,Low
TKT-00377,2024-09-05,I am locked out after enabling two factor authentication. We can continue working but this should be fixed quickly. for our startup operations,Account,Medium
TKT-00378,2024-04-17,Payment failed but my bank statement shows the amount deducted. This is impacting workflow and needs attention soon. for our startup operations,Billing,Medium
TKT-00379,2024-05-27,"Please help me reset my password for the admin account. Low urgency, just looking for guidance. for our support desk",Account,Low
TKT-00380,2024-04-16,"My discount code was not applied to the latest invoice. No rush, this is a general improvement request. for our enterprise workspace",Billing,Low
TKT-00381,2025-02-14,API endpoint returns a 500 error for valid requests. Requesting timely support to avoid escalation. for our support desk,Technical Issue,Medium
TKT-00382,2024-09-15,My account was suspended and I need reactivation support. Please prioritize immediately because operations are down. for our support desk,Account,High
TKT-00383,2024-03-09,Invoice amount is incorrect for my last subscription renewal. Please review within the next business day. for our startup operations,Billing,Medium
TKT-00384,2024-09-16,The app crashes whenever I upload a file larger than 10MB. This is impacting workflow and needs attention soon. for our startup operations,Technical Issue,Medium
TKT-00385,2024-08-30,"I am locked out after enabling two factor authentication. Low urgency, just looking for guidance. for our enterprise workspace",Account,Low
TKT-00386,2024-04-05,I need to update account ownership and billing contact. Please prioritize immediately because operations are down. for our enterprise workspace,Account,High
TKT-00387,2025-02-09,System reports an error when we try to export reports. This is urgent and blocking production. for our IT service team,Technical Issue,High
TKT-00388,2024-08-24,Dashboard is extremely slow and times out on login. This is urgent and blocking production. for our finance team,Technical Issue,High
TKT-00389,2025-02-16,Notifications are not being delivered to our users. This is urgent and blocking production. for our customer success unit,Technical Issue,High
TKT-00390,2025-04-13,What is included in the business plan compared to basic? This is informational and not blocking current work. for our finance team,General Query,Low
TKT-00391,2025-05-05,"Do you support integration with third-party CRM tools? Low urgency, just looking for guidance. for our support desk",General Query,Low
TKT-00392,2024-01-09,My account was suspended and I need reactivation support. This is impacting workflow and needs attention soon. for our support desk,Account,Medium
TKT-00393,2024-11-02,Dashboard is extremely slow and times out on login. Please prioritize immediately because operations are down. for our startup operations,Technical Issue,High
TKT-00394,2024-05-01,Notifications are not being delivered to our users. This is impacting workflow and needs attention soon. for our support desk,Technical Issue,Medium
TKT-00395,2025-04-16,"My account was suspended and I need reactivation support. Low urgency, just looking for guidance. for our support desk",Account,Low
TKT-00396,2024-05-24,How do I set up a recurring report for my team? Please review within the next business day. for our support desk,General Query,Medium
TKT-00397,2024-10-27,Dashboard is extremely slow and times out on login. Can be handled when the team has capacity. for our IT service team,Technical Issue,Low
TKT-00398,2024-02-01,API endpoint returns a 500 error for valid requests. This is urgent and blocking production. for our support desk,Technical Issue,High
TKT-00399,2025-01-02,"How do I set up a recurring report for my team? Low urgency, just looking for guidance. for our finance team",General Query,Low
TKT-00400,2024-05-22,Invoice amount is incorrect for my last subscription renewal. Need immediate action before end of business today. for our IT service team,Billing,High
TKT-00401,2025-03-15,Where can I find documentation for the analytics module? We can continue working but this should be fixed quickly. for our IT service team,General Query,Medium
TKT-00402,2024-05-22,Payment failed but my bank statement shows the amount deducted. Requesting timely support to avoid escalation. for our customer success unit,Billing,Medium
TKT-00403,2025-02-22,System reports an error when we try to export reports. Please prioritize immediately because operations are down. for our support desk,Technical Issue,High
TKT-00404,2024-04-25,My account was suspended and I need reactivation support. Requesting timely support to avoid escalation. for our IT service team,Account,Medium
TKT-00405,2024-01-21,Payment failed but my bank statement shows the amount deducted. Requesting timely support to avoid escalation. for our IT service team,Billing,Medium
TKT-00406,2024-02-18,My discount code was not applied to the latest invoice. Requesting timely support to avoid escalation. for our support desk,Billing,Medium
TKT-00407,2024-04-11,The app crashes whenever I upload a file larger than 10MB. Please review within the next business day. for our enterprise workspace,Technical Issue,Medium
TKT-00408,2025-04-10,Payment failed but my bank statement shows the amount deducted. Please review within the next business day. for our support desk,Billing,Medium
TKT-00409,2024-08-10,I am locked out after enabling two factor authentication. Requesting timely support to avoid escalation. for our finance team,Account,Medium
TKT-00410,2025-01-29,"The app crashes whenever I upload a file larger than 10MB. No rush, this is a general improvement request. for our IT service team",Technical Issue,Low
TKT-00411,2024-04-18,I need to update account ownership and billing contact. Please prioritize immediately because operations are down. for our finance team,Account,High
TKT-00412,2025-03-05,Invoice amount is incorrect for my last subscription renewal. Please review within the next business day. for our enterprise workspace,Billing,Medium
TKT-00413,2024-05-28,What is included in the business plan compared to basic? Can be handled when the team has capacity. for our customer success unit,General Query,Low
TKT-00414,2024-08-05,I was charged twice for my monthly plan and need a refund. Need immediate action before end of business today. for our customer success unit,Billing,High
TKT-00415,2024-01-19,Can you explain this unexpected charge on my account? Can be handled when the team has capacity. for our enterprise workspace,Billing,Low
TKT-00416,2024-04-23,Payment failed but my bank statement shows the amount deducted. Requesting timely support to avoid escalation. for our finance team,Billing,Medium
TKT-00417,2024-05-02,"Where can I find documentation for the analytics module? Low urgency, just looking for guidance. for our finance team",General Query,Low
TKT-00418,2024-11-30,Can you explain this unexpected charge on my account? Can be handled when the team has capacity. for our finance team,Billing,Low
TKT-00419,2025-05-21,I am locked out after enabling two factor authentication. Need immediate action before end of business today. for our finance team,Account,High
TKT-00420,2024-10-11,I am locked out after enabling two factor authentication. Requesting timely support to avoid escalation. for our enterprise workspace,Account,Medium
TKT-00421,2024-06-04,I am locked out after enabling two factor authentication. This is informational and not blocking current work. for our customer success unit,Account,Low
TKT-00422,2024-09-29,Invoice amount is incorrect for my last subscription renewal. Critical issue affecting multiple paying customers. for our support desk,Billing,High
TKT-00423,2025-05-08,System reports an error when we try to export reports. Need immediate action before end of business today. for our IT service team,Technical Issue,High
TKT-00424,2024-10-09,Invoice amount is incorrect for my last subscription renewal. We can continue working but this should be fixed quickly. for our enterprise workspace,Billing,Medium
TKT-00425,2025-01-24,"Payment failed but my bank statement shows the amount deducted. Low urgency, just looking for guidance. for our finance team",Billing,Low
TKT-00426,2024-12-10,Do you support integration with third-party CRM tools? Can be handled when the team has capacity. for our startup operations,General Query,Low
TKT-00427,2024-08-10,"API endpoint returns a 500 error for valid requests. No rush, this is a general improvement request. for our customer success unit",Technical Issue,Low
TKT-00428,2024-07-25,What is included in the business plan compared to basic? Requesting timely support to avoid escalation. for our customer success unit,General Query,Medium
TKT-00429,2025-02-19,Can someone share best practices for onboarding new users? Can be handled when the team has capacity. for our enterprise workspace,General Query,Low
TKT-00430,2025-03-23,API endpoint returns a 500 error for valid requests. We can continue working but this should be fixed quickly. for our IT service team,Technical Issue,Medium
TKT-00431,2024-10-31,Billing portal shows overdue even though I paid yesterday. Critical issue affecting multiple paying customers. for our enterprise workspace,Billing,High
TKT-00432,2025-04-12,Dashboard is extremely slow and times out on login. Please prioritize immediately because operations are down. for our support desk,Technical Issue,High
TKT-00433,2024-01-28,Payment failed but my bank statement shows the amount deducted. Requesting timely support to avoid escalation. for our IT service team,Billing,Medium
TKT-00434,2025-02-06,User permissions are wrong for our team workspace. Requesting timely support to avoid escalation. for our enterprise workspace,Account,Medium
TKT-00435,2025-02-24,What is included in the business plan compared to basic? We can continue working but this should be fixed quickly. for our startup operations,General Query,Medium
TKT-00436,2025-06-01,Payment failed but my bank statement shows the amount deducted. This is urgent and blocking production. for our startup operations,Billing,High
TKT-00437,2024-10-14,I need to update account ownership and billing contact. We can continue working but this should be fixed quickly. for our IT service team,Account,Medium
TKT-00438,2024-04-18,The app crashes whenever I upload a file larger than 10MB. Critical issue affecting multiple paying customers. for our enterprise workspace,Technical Issue,High
TKT-00439,2024-11-08,How do I set up a recurring report for my team? Can be handled when the team has capacity. for our IT service team,General Query,Low
TKT-00440,2025-05-12,"Invoice amount is incorrect for my last subscription renewal. Low urgency, just looking for guidance. for our support desk",Billing,Low
TKT-00441,2024-02-18,API endpoint returns a 500 error for valid requests. This is urgent and blocking production. for our finance team,Technical Issue,High
TKT-00442,2024-02-09,I was charged twice for my monthly plan and need a refund. Need immediate action before end of business today. for our finance team,Billing,High
TKT-00443,2025-02-22,My discount code was not applied to the latest invoice. This is informational and not blocking current work. for our finance team,Billing,Low
TKT-00444,2024-10-08,Please help me reset my password for the admin account. This is informational and not blocking current work. for our startup operations,Account,Low
TKT-00445,2024-09-09,My account was suspended and I need reactivation support. Please review within the next business day. for our enterprise workspace,Account,Medium
TKT-00446,2024-03-23,My discount code was not applied to the latest invoice. Can be handled when the team has capacity. for our startup operations,Billing,Low
TKT-00447,2025-01-05,My discount code was not applied to the latest invoice. Can be handled when the team has capacity. for our IT service team,Billing,Low
TKT-00448,2024-06-15,Is there a tutorial for using custom dashboards? Need immediate action before end of business today. for our enterprise workspace,General Query,High
TKT-00449,2024-06-08,Can you explain this unexpected charge on my account? Requesting timely support to avoid escalation. for our finance team,Billing,Medium
TKT-00450,2024-12-01,Dashboard is extremely slow and times out on login. Critical issue affecting multiple paying customers. for our enterprise workspace,Technical Issue,High
TKT-00451,2025-01-09,Notifications are not being delivered to our users. This is impacting workflow and needs attention soon. for our enterprise workspace,Technical Issue,Medium
TKT-00452,2024-08-29,User permissions are wrong for our team workspace. This is impacting workflow and needs attention soon. for our support desk,Account,Medium
TKT-00453,2024-08-26,Notifications are not being delivered to our users. This is urgent and blocking production. for our enterprise workspace,Technical Issue,High
TKT-00454,2024-10-21,I cannot verify my email so onboarding is blocked. Need immediate action before end of business today. for our startup operations,Account,High
TKT-00455,2024-11-30,User permissions are wrong for our team workspace. Please review within the next business day. for our finance team,Account,Medium
TKT-00456,2024-11-21,Is there a tutorial for using custom dashboards? This is informational and not blocking current work. for our customer success unit,General Query,Low
TKT-00457,2024-09-17,I need to update account ownership and billing contact. Critical issue affecting multiple paying customers. for our support desk,Account,High
TKT-00458,2025-06-03,What is included in the business plan compared to basic? Can be handled when the team has capacity. for our IT service team,General Query,Low
TKT-00459,2024-02-21,Dashboard is extremely slow and times out on login. This is urgent and blocking production. for our finance team,Technical Issue,High
TKT-00460,2025-01-31,Payment failed but my bank statement shows the amount deducted. Requesting timely support to avoid escalation. for our customer success unit,Billing,Medium
TKT-00461,2025-05-23,Billing portal shows overdue even though I paid yesterday. This is impacting workflow and needs attention soon. for our finance team,Billing,Medium
TKT-00462,2024-12-12,Invoice amount is incorrect for my last subscription renewal. Please review within the next business day. for our startup operations,Billing,Medium
TKT-00463,2025-05-04,The app crashes whenever I upload a file larger than 10MB. This is impacting workflow and needs attention soon. for our enterprise workspace,Technical Issue,Medium
TKT-00464,2025-06-23,Dashboard is extremely slow and times out on login. Requesting timely support to avoid escalation. for our startup operations,Technical Issue,Medium
TKT-00465,2024-05-21,Payment failed but my bank statement shows the amount deducted. Please review within the next business day. for our support desk,Billing,Medium
TKT-00466,2024-10-11,"The app crashes whenever I upload a file larger than 10MB. Low urgency, just looking for guidance. for our finance team",Technical Issue,Low
TKT-00467,2024-04-20,"I need to update account ownership and billing contact. Low urgency, just looking for guidance. for our enterprise workspace",Account,Low
TKT-00468,2024-08-25,API endpoint returns a 500 error for valid requests. Please review within the next business day. for our IT service team,Technical Issue,Medium
TKT-00469,2025-03-07,"Is there a tutorial for using custom dashboards? Low urgency, just looking for guidance. for our customer success unit",General Query,Low
TKT-00470,2024-10-29,Can you explain this unexpected charge on my account? We can continue working but this should be fixed quickly. for our finance team,Billing,Medium
TKT-00471,2025-02-08,Dashboard is extremely slow and times out on login. Please review within the next business day. for our support desk,Technical Issue,Medium
TKT-00472,2024-04-11,I cannot connect to the service from our office network. This is urgent and blocking production. for our startup operations,Technical Issue,High
TKT-00473,2025-02-14,"How do I set up a recurring report for my team? No rush, this is a general improvement request. for our finance team",General Query,Low
TKT-00474,2024-04-05,Notifications are not being delivered to our users. Please prioritize immediately because operations are down. for our finance team,Technical Issue,High
TKT-00475,2024-01-30,My account was suspended and I need reactivation support. This is impacting workflow and needs attention soon. for our finance team,Account,Medium
TKT-00476,2024-03-24,The app crashes whenever I upload a file larger than 10MB. Need immediate action before end of business today. for our finance team,Technical Issue,High
TKT-00477,2024-02-08,System reports an error when we try to export reports. Please prioritize immediately because operations are down. for our startup operations,Technical Issue,High
TKT-00478,2024-04-06,"I am locked out after enabling two factor authentication. No rush, this is a general improvement request. for our customer success unit",Account,Low
TKT-00479,2024-04-19,"Can someone share best practices for onboarding new users? No rush, this is a general improvement request. for our IT service team",General Query,Low
TKT-00480,2025-05-29,Please help me reset my password for the admin account. This is informational and not blocking current work. for our IT service team,Account,Low
TKT-00481,2024-07-13,Notifications are not being delivered to our users. Please prioritize immediately because operations are down. for our support desk,Technical Issue,High
TKT-00482,2025-01-19,I was charged twice for my monthly plan and need a refund. Please prioritize immediately because operations are down. for our startup operations,Billing,High
TKT-00483,2024-11-25,Can you explain this unexpected charge on my account? We can continue working but this should be fixed quickly. for our enterprise workspace,Billing,Medium
TKT-00484,2024-02-25,Please help me reset my password for the admin account. This is informational and not blocking current work. for our finance team,Account,Low
TKT-00485,2024-01-23,System reports an error when we try to export reports. This is impacting workflow and needs attention soon. for our enterprise workspace,Technical Issue,Medium
TKT-00486,2024-04-05,I was charged twice for my monthly plan and need a refund. Please review within the next business day. for our finance team,Billing,Medium
TKT-00487,2025-05-16,"I need to update account ownership and billing contact. No rush, this is a general improvement request. for our customer success unit",Account,Low
TKT-00488,2024-01-07,"Can you explain this unexpected charge on my account? Low urgency, just looking for guidance. for our customer success unit",Billing,Low
TKT-00489,2025-06-08,"Please help me reset my password for the admin account. Low urgency, just looking for guidance. for our enterprise workspace",Account,Low
TKT-00490,2024-11-27,The app crashes whenever I upload a file larger than 10MB. Need immediate action before end of business today. for our finance team,Technical Issue,High
TKT-00491,2024-03-23,I cannot connect to the service from our office network. Critical issue affecting multiple paying customers. for our customer success unit,Technical Issue,High
TKT-00492,2025-04-03,My account was suspended and I need reactivation support. Critical issue affecting multiple paying customers. for our enterprise workspace,Account,High
TKT-00493,2025-06-07,I cannot connect to the service from our office network. Please review within the next business day. for our IT service team,Technical Issue,Medium
TKT-00494,2024-04-28,I cannot verify my email so onboarding is blocked. This is impacting workflow and needs attention soon. for our startup operations,Account,Medium
TKT-00495,2024-04-26,I cannot connect to the service from our office network. This is informational and not blocking current work. for our finance team,Technical Issue,Low
TKT-00496,2024-05-10,Where can I find documentation for the analytics module? Requesting timely support to avoid escalation. for our support desk,General Query,Medium
TKT-00497,2025-01-09,The app crashes whenever I upload a file larger than 10MB. Can be handled when the team has capacity. for our finance team,Technical Issue,Low
TKT-00498,2024-12-30,Do you support integration with third-party CRM tools? This is impacting workflow and needs attention soon. for our support desk,General Query,Medium
TKT-00499,2025-02-11,Dashboard is extremely slow and times out on login. Please prioritize immediately because operations are down. for our support desk,Technical Issue,High
TKT-00500,2024-10-07,The app crashes whenever I upload a file larger than 10MB. Need immediate action before end of business today. for our support desk,Technical Issue,High
TKT-00501,2024-12-17,"Can someone share best practices for onboarding new users? Low urgency, just looking for guidance. for our enterprise workspace",General Query,Low
TKT-00502,2024-03-17,My discount code was not applied to the latest invoice. Can be handled when the team has capacity. for our enterprise workspace,Billing,Low
TKT-00503,2024-06-03,I was charged twice for my monthly plan and need a refund. This is impacting workflow and needs attention soon. for our customer success unit,Billing,Medium
TKT-00504,2024-10-08,My discount code was not applied to the latest invoice. Please review within the next business day. for our customer success unit,Billing,Medium
TKT-00505,2024-07-20,My discount code was not applied to the latest invoice. Critical issue affecting multiple paying customers. for our enterprise workspace,Billing,High
TKT-00506,2024-05-14,I need to update account ownership and billing contact. This is urgent and blocking production. for our startup operations,Account,High
TKT-00507,2024-07-23,System reports an error when we try to export reports. Need immediate action before end of business today. for our finance team,Technical Issue,High
TKT-00508,2024-10-05,The app crashes whenever I upload a file larger than 10MB. This is impacting workflow and needs attention soon. for our customer success unit,Technical Issue,Medium
TKT-00509,2025-02-26,System reports an error when we try to export reports. This is urgent and blocking production. for our finance team,Technical Issue,High
TKT-00510,2025-02-16,Is there a tutorial for using custom dashboards? Critical issue affecting multiple paying customers. for our enterprise workspace,General Query,High
TKT-00511,2025-05-16,I cannot connect to the service from our office network. We can continue working but this should be fixed quickly. for our enterprise workspace,Technical Issue,Medium
TKT-00512,2024-10-22,Do you support integration with third-party CRM tools? Please prioritize immediately because operations are down. for our IT service team,General Query,High
TKT-00513,2024-01-09,I was charged twice for my monthly plan and need a refund. Requesting timely support to avoid escalation. for our enterprise workspace,Billing,Medium
TKT-00514,2024-09-16,I cannot connect to the service from our office network. Please review within the next business day. for our finance team,Technical Issue,Medium
TKT-00515,2024-01-28,"How do I set up a recurring report for my team? No rush, this is a general improvement request. for our enterprise workspace",General Query,Low
TKT-00516,2024-02-18,Can someone share best practices for onboarding new users? We can continue working but this should be fixed quickly. for our finance team,General Query,Medium
TKT-00517,2025-06-08,System reports an error when we try to export reports. This is informational and not blocking current work. for our IT service team,Technical Issue,Low
TKT-00518,2024-08-30,My discount code was not applied to the latest invoice. Requesting timely support to avoid escalation. for our finance team,Billing,Medium
TKT-00519,2024-10-13,Billing portal shows overdue even though I paid yesterday. Can be handled when the team has capacity. for our enterprise workspace,Billing,Low
TKT-00520,2024-01-17,Can someone share best practices for onboarding new users? Please review within the next business day. for our enterprise workspace,General Query,Medium
TKT-00521,2024-04-07,System reports an error when we try to export reports. Critical issue affecting multiple paying customers. for our startup operations,Technical Issue,High
TKT-00522,2024-07-07,User permissions are wrong for our team workspace. Please review within the next business day. for our startup operations,Account,Medium
TKT-00523,2025-04-05,User permissions are wrong for our team workspace. Please review within the next business day. for our finance team,Account,Medium
TKT-00524,2024-07-04,The app crashes whenever I upload a file larger than 10MB. Need immediate action before end of business today. for our startup operations,Technical Issue,High
TKT-00525,2024-05-08,Can you explain this unexpected charge on my account? This is impacting workflow and needs attention soon. for our IT service team,Billing,Medium
TKT-00526,2025-05-20,Please help me reset my password for the admin account. Need immediate action before end of business today. for our IT service team,Account,High
TKT-00527,2025-06-20,Dashboard is extremely slow and times out on login. We can continue working but this should be fixed quickly. for our support desk,Technical Issue,Medium
TKT-00528,2024-10-14,The app crashes whenever I upload a file larger than 10MB. Critical issue affecting multiple paying customers. for our support desk,Technical Issue,High
TKT-00529,2025-05-15,Payment failed but my bank statement shows the amount deducted. This is impacting workflow and needs attention soon. for our finance team,Billing,Medium
TKT-00530,2024-05-09,Billing portal shows overdue even though I paid yesterday. This is urgent and blocking production. for our support desk,Billing,High
TKT-00531,2024-04-14,Payment failed but my bank statement shows the amount deducted. Please prioritize immediately because operations are down. for our enterprise workspace,Billing,High
TKT-00532,2024-06-26,Notifications are not being delivered to our users. Please prioritize immediately because operations are down. for our startup operations,Technical Issue,High
TKT-00533,2025-02-12,Invoice amount is incorrect for my last subscription renewal. This is urgent and blocking production. for our enterprise workspace,Billing,High
TKT-00534,2024-10-14,How do I set up a recurring report for my team? This is informational and not blocking current work. for our support desk,General Query,Low
TKT-00535,2025-03-31,The app crashes whenever I upload a file larger than 10MB. Requesting timely support to avoid escalation. for our support desk,Technical Issue,Medium
TKT-00536,2025-03-11,"How do I set up a recurring report for my team? Low urgency, just looking for guidance. for our support desk",General Query,Low
TKT-00537,2025-06-20,"Dashboard is extremely slow and times out on login. No rush, this is a general improvement request. for our IT service team",Technical Issue,Low
TKT-00538,2024-01-19,Please help me reset my password for the admin account. Critical issue affecting multiple paying customers. for our finance team,Account,High
TKT-00539,2025-04-07,My account was suspended and I need reactivation support. This is informational and not blocking current work. for our customer success unit,Account,Low
TKT-00540,2024-01-23,Billing portal shows overdue even though I paid yesterday. Please review within the next business day. for our IT service team,Billing,Medium
TKT-00541,2024-08-17,Notifications are not being delivered to our users. Please prioritize immediately because operations are down. for our IT service team,Technical Issue,High
TKT-00542,2024-08-18,Is there a tutorial for using custom dashboards? Requesting timely support to avoid escalation. for our IT service team,General Query,Medium
TKT-00543,2024-05-18,The app crashes whenever I upload a file larger than 10MB. Please review within the next business day. for our startup operations,Technical Issue,Medium
TKT-00544,2024-11-01,System reports an error when we try to export reports. Please prioritize immediately because operations are down. for our customer success unit,Technical Issue,High
TKT-00545,2025-06-07,Notifications are not being delivered to our users. Please review within the next business day. for our support desk,Technical Issue,Medium
TKT-00546,2024-03-17,"User permissions are wrong for our team workspace. Low urgency, just looking for guidance. for our finance team",Account,Low
TKT-00547,2024-11-11,API endpoint returns a 500 error for valid requests. Need immediate action before end of business today. for our enterprise workspace,Technical Issue,High
TKT-00548,2024-10-31,"Billing portal shows overdue even though I paid yesterday. No rush, this is a general improvement request. for our startup operations",Billing,Low
TKT-00549,2025-03-16,I need to update account ownership and billing contact. Critical issue affecting multiple paying customers. for our enterprise workspace,Account,High
TKT-00550,2024-12-23,Invoice amount is incorrect for my last subscription renewal. Please review within the next business day. for our finance team,Billing,Medium
TKT-00551,2024-04-10,"Invoice amount is incorrect for my last subscription renewal. Low urgency, just looking for guidance. for our enterprise workspace",Billing,Low
TKT-00552,2024-08-27,Dashboard is extremely slow and times out on login. We can continue working but this should be fixed quickly. for our startup operations,Technical Issue,Medium
TKT-00553,2024-09-02,My discount code was not applied to the latest invoice. Need immediate action before end of business today. for our support desk,Billing,High
TKT-00554,2024-02-17,"Can someone share best practices for onboarding new users? Low urgency, just looking for guidance. for our IT service team",General Query,Low
TKT-00555,2024-06-18,"Can you explain this unexpected charge on my account? Low urgency, just looking for guidance. for our startup operations",Billing,Low
TKT-00556,2024-04-12,System reports an error when we try to export reports. Please prioritize immediately because operations are down. for our enterprise workspace,Technical Issue,High
TKT-00557,2024-02-06,Do you support integration with third-party CRM tools? We can continue working but this should be fixed quickly. for our customer success unit,General Query,Medium
TKT-00558,2024-12-19,I was charged twice for my monthly plan and need a refund. Please review within the next business day. for our customer success unit,Billing,Medium
TKT-00559,2025-04-18,Billing portal shows overdue even though I paid yesterday. This is informational and not blocking current work. for our startup operations,Billing,Low
TKT-00560,2024-10-17,Billing portal shows overdue even though I paid yesterday. Please review within the next business day. for our IT service team,Billing,Medium
TKT-00561,2024-05-17,Dashboard is extremely slow and times out on login. Please prioritize immediately because operations are down. for our customer success unit,Technical Issue,High
TKT-00562,2024-12-04,System reports an error when we try to export reports. Please prioritize immediately because operations are down. for our enterprise workspace,Technical Issue,High
TKT-00563,2025-02-20,System reports an error when we try to export reports. Critical issue affecting multiple paying customers. for our IT service team,Technical Issue,High
TKT-00564,2024-10-08,API endpoint returns a 500 error for valid requests. Requesting timely support to avoid escalation. for our enterprise workspace,Technical Issue,Medium
TKT-00565,2024-08-19,"Do you support integration with third-party CRM tools? No rush, this is a general improvement request. for our support desk",General Query,Low
TKT-00566,2024-02-20,My account was suspended and I need reactivation support. Can be handled when the team has capacity. for our finance team,Account,Low
TKT-00567,2024-10-01,System reports an error when we try to export reports. Need immediate action before end of business today. for our finance team,Technical Issue,High
TKT-00568,2024-11-26,User permissions are wrong for our team workspace. This is informational and not blocking current work. for our IT service team,Account,Low
TKT-00569,2024-01-20,"User permissions are wrong for our team workspace. Low urgency, just looking for guidance. for our finance team",Account,Low
TKT-00570,2024-12-16,The app crashes whenever I upload a file larger than 10MB. Need immediate action before end of business today. for our support desk,Technical Issue,High
TKT-00571,2025-01-15,Notifications are not being delivered to our users. Please prioritize immediately because operations are down. for our support desk,Technical Issue,High
TKT-00572,2025-02-16,Payment failed but my bank statement shows the amount deducted. Need immediate action before end of business today. for our support desk,Billing,High
TKT-00573,2025-01-17,Invoice amount is incorrect for my last subscription renewal. Requesting timely support to avoid escalation. for our finance team,Billing,Medium
TKT-00574,2024-01-22,I cannot connect to the service from our office network. Please prioritize immediately because operations are down. for our support desk,Technical Issue,High
TKT-00575,2025-01-28,I cannot verify my email so onboarding is blocked. This is urgent and blocking production. for our IT service team,Account,High
TKT-00576,2024-09-19,Where can I find documentation for the analytics module? Can be handled when the team has capacity. for our enterprise workspace,General Query,Low
TKT-00577,2024-08-20,System reports an error when we try to export reports. Critical issue affecting multiple paying customers. for our customer success unit,Technical Issue,High
TKT-00578,2024-02-12,I cannot connect to the service from our office network. Requesting timely support to avoid escalation. for our support desk,Technical Issue,Medium
TKT-00579,2024-06-04,System reports an error when we try to export reports. Please prioritize immediately because operations are down. for our finance team,Technical Issue,High
TKT-00580,2025-05-11,My discount code was not applied to the latest invoice. Can be handled when the team has capacity. for our customer success unit,Billing,Low
TKT-00581,2024-02-13,I was charged twice for my monthly plan and need a refund. Please prioritize immediately because operations are down. for our support desk,Billing,High
TKT-00582,2024-04-16,"Invoice amount is incorrect for my last subscription renewal. No rush, this is a general improvement request. for our finance team",Billing,Low
TKT-00583,2024-07-22,System reports an error when we try to export reports. Critical issue affecting multiple paying customers. for our finance team,Technical Issue,High
TKT-00584,2025-01-07,My account was suspended and I need reactivation support. Please prioritize immediately because operations are down. for our finance team,Account,High
TKT-00585,2024-02-07,What is included in the business plan compared to basic? We can continue working but this should be fixed quickly. for our customer success unit,General Query,Medium
TKT-00586,2024-06-04,Can you explain this unexpected charge on my account? Critical issue affecting multiple paying customers. for our IT service team,Billing,High
TKT-00587,2025-03-27,I cannot verify my email so onboarding is blocked. Need immediate action before end of business today. for our support desk,Account,High
TKT-00588,2025-04-05,Billing portal shows overdue even though I paid yesterday. This is urgent and blocking production. for our customer success unit,Billing,High
TKT-00589,2025-03-05,My discount code was not applied to the latest invoice. Please review within the next business day. for our enterprise workspace,Billing,Medium
TKT-00590,2024-03-22,Notifications are not being delivered to our users. Requesting timely support to avoid escalation. for our startup operations,Technical Issue,Medium
TKT-00591,2025-04-23,Please help me reset my password for the admin account. Please prioritize immediately because operations are down. for our finance team,Account,High
TKT-00592,2024-08-14,My account was suspended and I need reactivation support. Please review within the next business day. for our support desk,Account,Medium
TKT-00593,2024-06-25,API endpoint returns a 500 error for valid requests. Please review within the next business day. for our startup operations,Technical Issue,Medium
TKT-00594,2024-03-21,Notifications are not being delivered to our users. Please prioritize immediately because operations are down. for our finance team,Technical Issue,High
TKT-00595,2025-01-09,"What is included in the business plan compared to basic? No rush, this is a general improvement request. for our startup operations",General Query,Low
TKT-00596,2024-01-05,Do you support integration with third-party CRM tools? This is impacting workflow and needs attention soon. for our customer success unit,General Query,Medium
TKT-00597,2024-01-25,"Invoice amount is incorrect for my last subscription renewal. Low urgency, just looking for guidance. for our enterprise workspace",Billing,Low
TKT-00598,2025-02-12,I cannot verify my email so onboarding is blocked. Critical issue affecting multiple paying customers. for our startup operations,Account,High
TKT-00599,2025-06-19,API endpoint returns a 500 error for valid requests. Critical issue affecting multiple paying customers. for our enterprise workspace,Technical Issue,High
TKT-00600,2024-10-26,Can you explain this unexpected charge on my account? This is urgent and blocking production. for our startup operations,Billing,High
TKT-00601,2025-04-26,System reports an error when we try to export reports. Requesting timely support to avoid escalation. for our startup operations,Technical Issue,Medium
TKT-00602,2024-06-09,User permissions are wrong for our team workspace. Critical issue affecting multiple paying customers. for our support desk,Account,High
TKT-00603,2025-06-10,I cannot connect to the service from our office network. This is informational and not blocking current work. for our IT service team,Technical Issue,Low
TKT-00604,2024-02-27,Notifications are not being delivered to our users. Please review within the next business day. for our startup operations,Technical Issue,Medium
TKT-00605,2025-05-17,I was charged twice for my monthly plan and need a refund. This is impacting workflow and needs attention soon. for our IT service team,Billing,Medium
TKT-00606,2024-02-22,My discount code was not applied to the latest invoice. Need immediate action before end of business today. for our IT service team,Billing,High
TKT-00607,2025-01-08,"How do I set up a recurring report for my team? No rush, this is a general improvement request. for our finance team",General Query,Low
TKT-00608,2025-01-22,"I am locked out after enabling two factor authentication. Low urgency, just looking for guidance. for our IT service team",Account,Low
TKT-00609,2025-05-31,Notifications are not being delivered to our users. Critical issue affecting multiple paying customers. for our enterprise workspace,Technical Issue,High
TKT-00610,2025-02-12,Dashboard is extremely slow and times out on login. Please review within the next business day. for our support desk,Technical Issue,Medium
TKT-00611,2024-10-18,How do I set up a recurring report for my team? This is impacting workflow and needs attention soon. for our support desk,General Query,Medium
TKT-00612,2024-08-06,The app crashes whenever I upload a file larger than 10MB. This is impacting workflow and needs attention soon. for our startup operations,Technical Issue,Medium
TKT-00613,2025-01-23,Dashboard is extremely slow and times out on login. We can continue working but this should be fixed quickly. for our customer success unit,Technical Issue,Medium
TKT-00614,2024-10-17,My account was suspended and I need reactivation support. This is informational and not blocking current work. for our IT service team,Account,Low
TKT-00615,2024-10-11,The app crashes whenever I upload a file larger than 10MB. Please prioritize immediately because operations are down. for our IT service team,Technical Issue,High
TKT-00616,2024-11-15,"Where can I find documentation for the analytics module? No rush, this is a general improvement request. for our startup operations",General Query,Low
TKT-00617,2024-11-16,Billing portal shows overdue even though I paid yesterday. Requesting timely support to avoid escalation. for our startup operations,Billing,Medium
TKT-00618,2025-04-11,System reports an error when we try to export reports. Please prioritize immediately because operations are down. for our IT service team,Technical Issue,High
TKT-00619,2024-01-28,Please help me reset my password for the admin account. Please review within the next business day. for our enterprise workspace,Account,Medium
TKT-00620,2025-05-24,I was charged twice for my monthly plan and need a refund. Please prioritize immediately because operations are down. for our IT service team,Billing,High
TKT-00621,2024-07-01,Notifications are not being delivered to our users. This is urgent and blocking production. for our enterprise workspace,Technical Issue,High
TKT-00622,2025-03-09,I cannot verify my email so onboarding is blocked. Requesting timely support to avoid escalation. for our support desk,Account,Medium
TKT-00623,2024-08-05,Billing portal shows overdue even though I paid yesterday. Requesting timely support to avoid escalation. for our enterprise workspace,Billing,Medium
TKT-00624,2024-10-08,"Billing portal shows overdue even though I paid yesterday. Low urgency, just looking for guidance. for our customer success unit",Billing,Low
TKT-00625,2024-09-26,System reports an error when we try to export reports. Need immediate action before end of business today. for our support desk,Technical Issue,High
TKT-00626,2025-03-23,My discount code was not applied to the latest invoice. Requesting timely support to avoid escalation. for our startup operations,Billing,Medium
TKT-00627,2025-05-21,Can you explain this unexpected charge on my account? Need immediate action before end of business today. for our customer success unit,Billing,High
TKT-00628,2024-08-14,Notifications are not being delivered to our users. Please review within the next business day. for our support desk,Technical Issue,Medium
TKT-00629,2025-03-27,My discount code was not applied to the latest invoice. This is urgent and blocking production. for our enterprise workspace,Billing,High
TKT-00630,2024-04-26,Billing portal shows overdue even though I paid yesterday. Critical issue affecting multiple paying customers. for our IT service team,Billing,High
TKT-00631,2024-12-04,My discount code was not applied to the latest invoice. Please review within the next business day. for our support desk,Billing,Medium
TKT-00632,2025-05-02,Is there a tutorial for using custom dashboards? Requesting timely support to avoid escalation. for our finance team,General Query,Medium
TKT-00633,2024-12-11,User permissions are wrong for our team workspace. We can continue working but this should be fixed quickly. for our customer success unit,Account,Medium
TKT-00634,2024-11-12,I am locked out after enabling two factor authentication. Need immediate action before end of business today. for our IT service team,Account,High
TKT-00635,2024-10-02,Please help me reset my password for the admin account. This is impacting workflow and needs attention soon. for our support desk,Account,Medium
TKT-00636,2024-05-14,I cannot connect to the service from our office network. Please prioritize immediately because operations are down. for our support desk,Technical Issue,High
TKT-00637,2024-04-03,The app crashes whenever I upload a file larger than 10MB. Need immediate action before end of business today. for our startup operations,Technical Issue,High
TKT-00638,2024-09-26,I cannot connect to the service from our office network. Critical issue affecting multiple paying customers. for our enterprise workspace,Technical Issue,High
TKT-00639,2025-01-09,Please help me reset my password for the admin account. Can be handled when the team has capacity. for our customer success unit,Account,Low
TKT-00640,2024-01-17,Invoice amount is incorrect for my last subscription renewal. Please review within the next business day. for our IT service team,Billing,Medium
TKT-00641,2024-10-05,The app crashes whenever I upload a file larger than 10MB. We can continue working but this should be fixed quickly. for our enterprise workspace,Technical Issue,Medium
TKT-00642,2024-02-23,Dashboard is extremely slow and times out on login. This is urgent and blocking production. for our support desk,Technical Issue,High
TKT-00643,2024-10-28,"I need to update account ownership and billing contact. No rush, this is a general improvement request. for our customer success unit",Account,Low
TKT-00644,2024-11-30,I need to update account ownership and billing contact. This is informational and not blocking current work. for our finance team,Account,Low
TKT-00645,2025-05-15,"I cannot verify my email so onboarding is blocked. No rush, this is a general improvement request. for our finance team",Account,Low
TKT-00646,2024-04-15,"Payment failed but my bank statement shows the amount deducted. No rush, this is a general improvement request. for our support desk",Billing,Low
TKT-00647,2024-03-30,Billing portal shows overdue even though I paid yesterday. Please review within the next business day. for our enterprise workspace,Billing,Medium
TKT-00648,2025-04-27,Notifications are not being delivered to our users. Need immediate action before end of business today. for our customer success unit,Technical Issue,High
TKT-00649,2025-05-08,My account was suspended and I need reactivation support. Please prioritize immediately because operations are down. for our support desk,Account,High
TKT-00650,2025-05-28,Billing portal shows overdue even though I paid yesterday. Requesting timely support to avoid escalation. for our customer success unit,Billing,Medium
TKT-00651,2025-02-10,I cannot connect to the service from our office network. Please review within the next business day. for our support desk,Technical Issue,Medium
TKT-00652,2024-05-05,Payment failed but my bank statement shows the amount deducted. Critical issue affecting multiple paying customers. for our support desk,Billing,High
TKT-00653,2025-03-18,Please help me reset my password for the admin account. Requesting timely support to avoid escalation. for our IT service team,Account,Medium
TKT-00654,2024-09-23,The app crashes whenever I upload a file larger than 10MB. Please review within the next business day. for our finance team,Technical Issue,Medium
TKT-00655,2025-05-02,"Can you explain this unexpected charge on my account? Low urgency, just looking for guidance. for our IT service team",Billing,Low
TKT-00656,2025-05-18,"Do you support integration with third-party CRM tools? No rush, this is a general improvement request. for our customer success unit",General Query,Low
TKT-00657,2024-07-04,System reports an error when we try to export reports. Critical issue affecting multiple paying customers. for our startup operations,Technical Issue,High
TKT-00658,2024-09-25,Notifications are not being delivered to our users. This is urgent and blocking production. for our customer success unit,Technical Issue,High
TKT-00659,2024-08-19,Can someone share best practices for onboarding new users? This is informational and not blocking current work. for our enterprise workspace,General Query,Low
TKT-00660,2024-04-17,API endpoint returns a 500 error for valid requests. Need immediate action before end of business today. for our startup operations,Technical Issue,High
TKT-00661,2025-04-10,I cannot verify my email so onboarding is blocked. This is informational and not blocking current work. for our enterprise workspace,Account,Low
TKT-00662,2025-03-07,Dashboard is extremely slow and times out on login. We can continue working but this should be fixed quickly. for our IT service team,Technical Issue,Medium
TKT-00663,2024-08-14,"I am locked out after enabling two factor authentication. Low urgency, just looking for guidance. for our enterprise workspace",Account,Low
TKT-00664,2025-05-15,I am locked out after enabling two factor authentication. Can be handled when the team has capacity. for our IT service team,Account,Low
TKT-00665,2024-05-01,I cannot connect to the service from our office network. This is impacting workflow and needs attention soon. for our support desk,Technical Issue,Medium
TKT-00666,2024-05-12,Is there a tutorial for using custom dashboards? Please review within the next business day. for our customer success unit,General Query,Medium
TKT-00667,2024-02-07,Dashboard is extremely slow and times out on login. Requesting timely support to avoid escalation. for our customer success unit,Technical Issue,Medium
TKT-00668,2024-08-29,API endpoint returns a 500 error for valid requests. Critical issue affecting multiple paying customers. for our customer success unit,Technical Issue,High
TKT-00669,2024-09-27,API endpoint returns a 500 error for valid requests. Critical issue affecting multiple paying customers. for our enterprise workspace,Technical Issue,High
TKT-00670,2024-07-03,System reports an error when we try to export reports. We can continue working but this should be fixed quickly. for our finance team,Technical Issue,Medium
TKT-00671,2024-11-10,"Please help me reset my password for the admin account. No rush, this is a general improvement request. for our finance team",Account,Low
TKT-00672,2024-12-28,Dashboard is extremely slow and times out on login. This is impacting workflow and needs attention soon. for our support desk,Technical Issue,Medium
TKT-00673,2024-07-24,I was charged twice for my monthly plan and need a refund. Requesting timely support to avoid escalation. for our startup operations,Billing,Medium
TKT-00674,2024-03-30,"Do you support integration with third-party CRM tools? Low urgency, just looking for guidance. for our enterprise workspace",General Query,Low
TKT-00675,2025-04-15,I cannot verify my email so onboarding is blocked. Please prioritize immediately because operations are down. for our IT service team,Account,High
TKT-00676,2025-03-14,I am locked out after enabling two factor authentication. Please review within the next business day. for our support desk,Account,Medium
TKT-00677,2024-05-04,User permissions are wrong for our team workspace. Requesting timely support to avoid escalation. for our enterprise workspace,Account,Medium
TKT-00678,2024-05-13,My discount code was not applied to the latest invoice. Requesting timely support to avoid escalation. for our finance team,Billing,Medium
TKT-00679,2024-05-02,I was charged twice for my monthly plan and need a refund. Need immediate action before end of business today. for our IT service team,Billing,High
TKT-00680,2024-10-27,"Dashboard is extremely slow and times out on login. No rush, this is a general improvement request. for our startup operations",Technical Issue,Low
TKT-00681,2024-08-09,API endpoint returns a 500 error for valid requests. Please review within the next business day. for our support desk,Technical Issue,Medium
TKT-00682,2024-03-14,Billing portal shows overdue even though I paid yesterday. Requesting timely support to avoid escalation. for our enterprise workspace,Billing,Medium
TKT-00683,2024-06-10,Notifications are not being delivered to our users. This is impacting workflow and needs attention soon. for our support desk,Technical Issue,Medium
TKT-00684,2024-09-05,I cannot connect to the service from our office network. Please prioritize immediately because operations are down. for our customer success unit,Technical Issue,High
TKT-00685,2024-11-06,Invoice amount is incorrect for my last subscription renewal. We can continue working but this should be fixed quickly. for our finance team,Billing,Medium
TKT-00686,2025-02-16,"Can you explain this unexpected charge on my account? No rush, this is a general improvement request. for our enterprise workspace",Billing,Low
TKT-00687,2024-04-10,API endpoint returns a 500 error for valid requests. This is impacting workflow and needs attention soon. for our support desk,Technical Issue,Medium
TKT-00688,2025-01-25,Notifications are not being delivered to our users. This is urgent and blocking production. for our finance team,Technical Issue,High
TKT-00689,2025-03-06,User permissions are wrong for our team workspace. Need immediate action before end of business today. for our startup operations,Account,High
TKT-00690,2024-10-10,What is included in the business plan compared to basic? This is informational and not blocking current work. for our customer success unit,General Query,Low
TKT-00691,2024-06-19,"User permissions are wrong for our team workspace. No rush, this is a general improvement request. for our customer success unit",Account,Low
TKT-00692,2024-12-30,Can you explain this unexpected charge on my account? Can be handled when the team has capacity. for our finance team,Billing,Low
TKT-00693,2025-03-07,"Where can I find documentation for the analytics module? No rush, this is a general improvement request. for our enterprise workspace",General Query,Low
TKT-00694,2024-07-10,Where can I find documentation for the analytics module? Need immediate action before end of business today. for our customer success unit,General Query,High
TKT-00695,2024-03-14,I am locked out after enabling two factor authentication. Please review within the next business day. for our customer success unit,Account,Medium
TKT-00696,2024-07-08,I was charged twice for my monthly plan and need a refund. Critical issue affecting multiple paying customers. for our enterprise workspace,Billing,High
TKT-00697,2024-10-18,Invoice amount is incorrect for my last subscription renewal. We can continue working but this should be fixed quickly. for our support desk,Billing,Medium
TKT-00698,2024-02-10,What is included in the business plan compared to basic? Requesting timely support to avoid escalation. for our support desk,General Query,Medium
TKT-00699,2024-11-09,"My account was suspended and I need reactivation support. Low urgency, just looking for guidance. for our finance team",Account,Low
TKT-00700,2025-02-20,User permissions are wrong for our team workspace. We can continue working but this should be fixed quickly. for our support desk,Account,Medium
TKT-00701,2024-11-17,"What is included in the business plan compared to basic? No rush, this is a general improvement request. for our startup operations",General Query,Low
TKT-00702,2025-01-29,Can you explain this unexpected charge on my account? Please prioritize immediately because operations are down. for our customer success unit,Billing,High
TKT-00703,2025-04-16,I was charged twice for my monthly plan and need a refund. This is urgent and blocking production. for our enterprise workspace,Billing,High
TKT-00704,2024-10-28,I need to update account ownership and billing contact. This is urgent and blocking production. for our startup operations,Account,High
TKT-00705,2025-05-13,API endpoint returns a 500 error for valid requests. Please review within the next business day. for our finance team,Technical Issue,Medium
TKT-00706,2025-05-31,I cannot connect to the service from our office network. This is impacting workflow and needs attention soon. for our IT service team,Technical Issue,Medium
TKT-00707,2024-04-28,How do I set up a recurring report for my team? Can be handled when the team has capacity. for our enterprise workspace,General Query,Low
TKT-00708,2024-08-31,"I am locked out after enabling two factor authentication. No rush, this is a general improvement request. for our IT service team",Account,Low
TKT-00709,2024-12-13,System reports an error when we try to export reports. We can continue working but this should be fixed quickly. for our startup operations,Technical Issue,Medium
TKT-00710,2024-01-25,User permissions are wrong for our team workspace. Please review within the next business day. for our customer success unit,Account,Medium
TKT-00711,2024-05-12,User permissions are wrong for our team workspace. Please review within the next business day. for our support desk,Account,Medium
TKT-00712,2024-02-04,Billing portal shows overdue even though I paid yesterday. This is impacting workflow and needs attention soon. for our customer success unit,Billing,Medium
TKT-00713,2024-08-20,User permissions are wrong for our team workspace. Please review within the next business day. for our enterprise workspace,Account,Medium
TKT-00714,2025-05-22,User permissions are wrong for our team workspace. Requesting timely support to avoid escalation. for our enterprise workspace,Account,Medium
TKT-00715,2024-09-04,Please help me reset my password for the admin account. We can continue working but this should be fixed quickly. for our finance team,Account,Medium
TKT-00716,2024-02-26,API endpoint returns a 500 error for valid requests. Please review within the next business day. for our customer success unit,Technical Issue,Medium
TKT-00717,2024-10-27,Notifications are not being delivered to our users. Please prioritize immediately because operations are down. for our customer success unit,Technical Issue,High
TKT-00718,2024-09-04,Can someone share best practices for onboarding new users? Critical issue affecting multiple paying customers. for our IT service team,General Query,High
TKT-00719,2024-04-27,Billing portal shows overdue even though I paid yesterday. This is urgent and blocking production. for our IT service team,Billing,High
TKT-00720,2024-01-01,Invoice amount is incorrect for my last subscription renewal. We can continue working but this should be fixed quickly. for our customer success unit,Billing,Medium
TKT-00721,2024-06-26,Invoice amount is incorrect for my last subscription renewal. Critical issue affecting multiple paying customers. for our enterprise workspace,Billing,High
TKT-00722,2025-05-23,Dashboard is extremely slow and times out on login. This is urgent and blocking production. for our startup operations,Technical Issue,High
TKT-00723,2025-06-13,Invoice amount is incorrect for my last subscription renewal. This is urgent and blocking production. for our IT service team,Billing,High
TKT-00724,2024-02-17,I cannot connect to the service from our office network. Requesting timely support to avoid escalation. for our support desk,Technical Issue,Medium
TKT-00725,2024-08-14,Is there a tutorial for using custom dashboards? We can continue working but this should be fixed quickly. for our customer success unit,General Query,Medium
TKT-00726,2025-06-22,"API endpoint returns a 500 error for valid requests. No rush, this is a general improvement request. for our startup operations",Technical Issue,Low
TKT-00727,2024-02-01,API endpoint returns a 500 error for valid requests. Requesting timely support to avoid escalation. for our customer success unit,Technical Issue,Medium
TKT-00728,2024-03-21,What is included in the business plan compared to basic? This is informational and not blocking current work. for our IT service team,General Query,Low
TKT-00729,2024-03-24,The app crashes whenever I upload a file larger than 10MB. Please review within the next business day. for our enterprise workspace,Technical Issue,Medium
TKT-00730,2025-01-17,"Billing portal shows overdue even though I paid yesterday. No rush, this is a general improvement request. for our enterprise workspace",Billing,Low
TKT-00731,2024-12-30,Is there a tutorial for using custom dashboards? This is urgent and blocking production. for our finance team,General Query,High
TKT-00732,2024-11-13,Invoice amount is incorrect for my last subscription renewal. We can continue working but this should be fixed quickly. for our startup operations,Billing,Medium
TKT-00733,2024-04-22,I cannot connect to the service from our office network. We can continue working but this should be fixed quickly. for our customer success unit,Technical Issue,Medium
TKT-00734,2024-09-11,Notifications are not being delivered to our users. We can continue working but this should be fixed quickly. for our support desk,Technical Issue,Medium
TKT-00735,2024-01-07,Notifications are not being delivered to our users. This is urgent and blocking production. for our customer success unit,Technical Issue,High
TKT-00736,2024-04-01,How do I set up a recurring report for my team? Requesting timely support to avoid escalation. for our IT service team,General Query,Medium
TKT-00737,2025-03-07,The app crashes whenever I upload a file larger than 10MB. Please prioritize immediately because operations are down. for our customer success unit,Technical Issue,High
TKT-00738,2025-02-23,"Is there a tutorial for using custom dashboards? No rush, this is a general improvement request. for our finance team",General Query,Low
TKT-00739,2024-06-30,My discount code was not applied to the latest invoice. This is informational and not blocking current work. for our enterprise workspace,Billing,Low
TKT-00740,2025-05-08,Invoice amount is incorrect for my last subscription renewal. This is urgent and blocking production. for our support desk,Billing,High
TKT-00741,2024-11-15,"I cannot verify my email so onboarding is blocked. No rush, this is a general improvement request. for our support desk",Account,Low
TKT-00742,2024-06-02,Payment failed but my bank statement shows the amount deducted. Please review within the next business day. for our IT service team,Billing,Medium
TKT-00743,2024-12-17,API endpoint returns a 500 error for valid requests. Please prioritize immediately because operations are down. for our enterprise workspace,Technical Issue,High
TKT-00744,2025-03-18,Billing portal shows overdue even though I paid yesterday. This is informational and not blocking current work. for our startup operations,Billing,Low
TKT-00745,2025-04-17,Please help me reset my password for the admin account. This is informational and not blocking current work. for our customer success unit,Account,Low
TKT-00746,2024-11-23,System reports an error when we try to export reports. This is urgent and blocking production. for our support desk,Technical Issue,High
TKT-00747,2024-10-23,Payment failed but my bank statement shows the amount deducted. This is urgent and blocking production. for our IT service team,Billing,High
TKT-00748,2025-03-19,Can you explain this unexpected charge on my account? Requesting timely support to avoid escalation. for our IT service team,Billing,Medium
TKT-00749,2024-09-12,Notifications are not being delivered to our users. We can continue working but this should be fixed quickly. for our finance team,Technical Issue,Medium
TKT-00750,2024-02-22,I cannot verify my email so onboarding is blocked. Need immediate action before end of business today. for our support desk,Account,High
TKT-00751,2025-02-06,I need to update account ownership and billing contact. This is impacting workflow and needs attention soon. for our enterprise workspace,Account,Medium
TKT-00752,2024-02-29,Can you explain this unexpected charge on my account? This is informational and not blocking current work. for our customer success unit,Billing,Low
TKT-00753,2025-04-25,Invoice amount is incorrect for my last subscription renewal. Can be handled when the team has capacity. for our enterprise workspace,Billing,Low
TKT-00754,2025-01-17,User permissions are wrong for our team workspace. Please review within the next business day. for our IT service team,Account,Medium
TKT-00755,2024-05-06,What is included in the business plan compared to basic? Please prioritize immediately because operations are down. for our startup operations,General Query,High
TKT-00756,2024-11-04,I cannot connect to the service from our office network. Please review within the next business day. for our finance team,Technical Issue,Medium
TKT-00757,2025-04-09,Dashboard is extremely slow and times out on login. Please prioritize immediately because operations are down. for our IT service team,Technical Issue,High
TKT-00758,2024-02-04,Dashboard is extremely slow and times out on login. Need immediate action before end of business today. for our startup operations,Technical Issue,High
TKT-00759,2025-01-16,I was charged twice for my monthly plan and need a refund. Need immediate action before end of business today. for our finance team,Billing,High
TKT-00760,2024-12-09,API endpoint returns a 500 error for valid requests. This is urgent and blocking production. for our customer success unit,Technical Issue,High
TKT-00761,2024-08-29,"System reports an error when we try to export reports. Low urgency, just looking for guidance. for our startup operations",Technical Issue,Low
TKT-00762,2024-12-12,Please help me reset my password for the admin account. Can be handled when the team has capacity. for our enterprise workspace,Account,Low
TKT-00763,2024-02-22,Where can I find documentation for the analytics module? Requesting timely support to avoid escalation. for our startup operations,General Query,Medium
TKT-00764,2024-09-24,User permissions are wrong for our team workspace. This is informational and not blocking current work. for our IT service team,Account,Low
TKT-00765,2024-05-25,Notifications are not being delivered to our users. This is urgent and blocking production. for our customer success unit,Technical Issue,High
TKT-00766,2025-04-21,The app crashes whenever I upload a file larger than 10MB. This is urgent and blocking production. for our finance team,Technical Issue,High
TKT-00767,2024-04-08,Notifications are not being delivered to our users. Please prioritize immediately because operations are down. for our customer success unit,Technical Issue,High
TKT-00768,2025-06-04,Please help me reset my password for the admin account. This is impacting workflow and needs attention soon. for our customer success unit,Account,Medium
TKT-00769,2025-05-04,"I am locked out after enabling two factor authentication. Low urgency, just looking for guidance. for our finance team",Account,Low
TKT-00770,2024-05-24,The app crashes whenever I upload a file larger than 10MB. We can continue working but this should be fixed quickly. for our support desk,Technical Issue,Medium
TKT-00771,2025-02-25,Invoice amount is incorrect for my last subscription renewal. Critical issue affecting multiple paying customers. for our enterprise workspace,Billing,High
TKT-00772,2024-09-01,I cannot verify my email so onboarding is blocked. This is impacting workflow and needs attention soon. for our startup operations,Account,Medium
TKT-00773,2025-05-09,"Dashboard is extremely slow and times out on login. Low urgency, just looking for guidance. for our enterprise workspace",Technical Issue,Low
TKT-00774,2024-01-26,How do I set up a recurring report for my team? Can be handled when the team has capacity. for our IT service team,General Query,Low
TKT-00775,2024-04-01,Can you explain this unexpected charge on my account? Please review within the next business day. for our finance team,Billing,Medium
TKT-00776,2025-02-14,How do I set up a recurring report for my team? Requesting timely support to avoid escalation. for our support desk,General Query,Medium
TKT-00777,2024-12-15,User permissions are wrong for our team workspace. Please review within the next business day. for our support desk,Account,Medium
TKT-00778,2024-05-17,Invoice amount is incorrect for my last subscription renewal. Can be handled when the team has capacity. for our support desk,Billing,Low
TKT-00779,2024-12-07,I am locked out after enabling two factor authentication. Please review within the next business day. for our startup operations,Account,Medium
TKT-00780,2024-05-27,My discount code was not applied to the latest invoice. Please review within the next business day. for our IT service team,Billing,Medium
TKT-00781,2024-09-02,My discount code was not applied to the latest invoice. Please review within the next business day. for our support desk,Billing,Medium
TKT-00782,2024-03-10,Invoice amount is incorrect for my last subscription renewal. Critical issue affecting multiple paying customers. for our enterprise workspace,Billing,High
TKT-00783,2025-05-01,I am locked out after enabling two factor authentication. Can be handled when the team has capacity. for our enterprise workspace,Account,Low
TKT-00784,2025-02-14,Invoice amount is incorrect for my last subscription renewal. Critical issue affecting multiple paying customers. for our customer success unit,Billing,High
TKT-00785,2024-07-22,How do I set up a recurring report for my team? Need immediate action before end of business today. for our finance team,General Query,High
TKT-00786,2024-02-04,Dashboard is extremely slow and times out on login. Need immediate action before end of business today. for our finance team,Technical Issue,High
TKT-00787,2025-01-19,I am locked out after enabling two factor authentication. We can continue working but this should be fixed quickly. for our finance team,Account,Medium
TKT-00788,2024-11-19,Do you support integration with third-party CRM tools? This is impacting workflow and needs attention soon. for our finance team,General Query,Medium
TKT-00789,2024-06-28,Dashboard is extremely slow and times out on login. This is urgent and blocking production. for our startup operations,Technical Issue,High
TKT-00790,2024-06-17,My discount code was not applied to the latest invoice. Need immediate action before end of business today. for our startup operations,Billing,High
TKT-00791,2025-01-21,"Is there a tutorial for using custom dashboards? No rush, this is a general improvement request. for our finance team",General Query,Low
TKT-00792,2024-04-11,API endpoint returns a 500 error for valid requests. This is impacting workflow and needs attention soon. for our finance team,Technical Issue,Medium
TKT-00793,2024-12-28,Invoice amount is incorrect for my last subscription renewal. Requesting timely support to avoid escalation. for our customer success unit,Billing,Medium
TKT-00794,2024-01-22,I need to update account ownership and billing contact. This is informational and not blocking current work. for our startup operations,Account,Low
TKT-00795,2024-09-30,Can someone share best practices for onboarding new users? This is impacting workflow and needs attention soon. for our finance team,General Query,Medium
TKT-00796,2024-04-03,Can someone share best practices for onboarding new users? Please review within the next business day. for our support desk,General Query,Medium
TKT-00797,2025-04-11,Billing portal shows overdue even though I paid yesterday. Critical issue affecting multiple paying customers. for our finance team,Billing,High
TKT-00798,2024-01-15,Invoice amount is incorrect for my last subscription renewal. This is impacting workflow and needs attention soon. for our customer success unit,Billing,Medium
TKT-00799,2024-07-28,API endpoint returns a 500 error for valid requests. We can continue working but this should be fixed quickly. for our support desk,Technical Issue,Medium
TKT-00800,2025-05-18,I cannot connect to the service from our office network. This is urgent and blocking production. for our customer success unit,Technical Issue,High
TKT-00801,2024-12-16,"My account was suspended and I need reactivation support. Low urgency, just looking for guidance. for our support desk",Account,Low
TKT-00802,2024-02-03,"How do I set up a recurring report for my team? No rush, this is a general improvement request. for our enterprise workspace",General Query,Low
TKT-00803,2025-01-13,Can you explain this unexpected charge on my account? Please prioritize immediately because operations are down. for our enterprise workspace,Billing,High
TKT-00804,2025-02-07,My account was suspended and I need reactivation support. This is impacting workflow and needs attention soon. for our IT service team,Account,Medium
TKT-00805,2024-06-27,System reports an error when we try to export reports. Please prioritize immediately because operations are down. for our finance team,Technical Issue,High
TKT-00806,2025-01-10,"I was charged twice for my monthly plan and need a refund. Low urgency, just looking for guidance. for our enterprise workspace",Billing,Low
TKT-00807,2024-04-15,Billing portal shows overdue even though I paid yesterday. This is informational and not blocking current work. for our startup operations,Billing,Low
TKT-00808,2024-03-01,Please help me reset my password for the admin account. Please review within the next business day. for our enterprise workspace,Account,Medium
TKT-00809,2024-03-12,I cannot connect to the service from our office network. This is urgent and blocking production. for our finance team,Technical Issue,High
TKT-00810,2024-06-22,Where can I find documentation for the analytics module? Please review within the next business day. for our support desk,General Query,Medium
TKT-00811,2024-06-10,"Can someone share best practices for onboarding new users? Low urgency, just looking for guidance. for our support desk",General Query,Low
TKT-00812,2025-03-09,Invoice amount is incorrect for my last subscription renewal. Please review within the next business day. for our enterprise workspace,Billing,Medium
TKT-00813,2024-10-25,"How do I set up a recurring report for my team? Low urgency, just looking for guidance. for our customer success unit",General Query,Low
TKT-00814,2025-03-10,My discount code was not applied to the latest invoice. This is impacting workflow and needs attention soon. for our enterprise workspace,Billing,Medium
TKT-00815,2024-01-24,Invoice amount is incorrect for my last subscription renewal. We can continue working but this should be fixed quickly. for our enterprise workspace,Billing,Medium
TKT-00816,2024-09-14,Invoice amount is incorrect for my last subscription renewal. This is impacting workflow and needs attention soon. for our finance team,Billing,Medium
TKT-00817,2025-02-16,Dashboard is extremely slow and times out on login. This is urgent and blocking production. for our IT service team,Technical Issue,High
TKT-00818,2024-11-17,Is there a tutorial for using custom dashboards? Requesting timely support to avoid escalation. for our enterprise workspace,General Query,Medium
TKT-00819,2025-03-18,User permissions are wrong for our team workspace. This is informational and not blocking current work. for our customer success unit,Account,Low
TKT-00820,2024-02-26,The app crashes whenever I upload a file larger than 10MB. Please review within the next business day. for our IT service team,Technical Issue,Medium
TKT-00821,2024-02-20,I am locked out after enabling two factor authentication. Please prioritize immediately because operations are down. for our finance team,Account,High
TKT-00822,2024-08-15,I was charged twice for my monthly plan and need a refund. We can continue working but this should be fixed quickly. for our finance team,Billing,Medium
TKT-00823,2025-01-24,Payment failed but my bank statement shows the amount deducted. Please review within the next business day. for our customer success unit,Billing,Medium
TKT-00824,2025-06-05,API endpoint returns a 500 error for valid requests. Please prioritize immediately because operations are down. for our finance team,Technical Issue,High
TKT-00825,2024-01-15,I cannot verify my email so onboarding is blocked. Please review within the next business day. for our finance team,Account,Medium
TKT-00826,2025-06-23,Do you support integration with third-party CRM tools? Please review within the next business day. for our IT service team,General Query,Medium
TKT-00827,2024-01-14,I cannot verify my email so onboarding is blocked. This is urgent and blocking production. for our enterprise workspace,Account,High
TKT-00828,2025-05-20,The app crashes whenever I upload a file larger than 10MB. Need immediate action before end of business today. for our support desk,Technical Issue,High
TKT-00829,2024-02-04,Dashboard is extremely slow and times out on login. Please review within the next business day. for our startup operations,Technical Issue,Medium
TKT-00830,2024-06-17,I am locked out after enabling two factor authentication. This is urgent and blocking production. for our support desk,Account,High
TKT-00831,2025-03-08,My discount code was not applied to the latest invoice. We can continue working but this should be fixed quickly. for our finance team,Billing,Medium
TKT-00832,2025-04-03,Notifications are not being delivered to our users. Please review within the next business day. for our finance team,Technical Issue,Medium
TKT-00833,2024-05-28,The app crashes whenever I upload a file larger than 10MB. Need immediate action before end of business today. for our startup operations,Technical Issue,High
TKT-00834,2024-07-08,Payment failed but my bank statement shows the amount deducted. Please prioritize immediately because operations are down. for our enterprise workspace,Billing,High
TKT-00835,2024-10-08,System reports an error when we try to export reports. Please review within the next business day. for our IT service team,Technical Issue,Medium
TKT-00836,2024-02-25,Dashboard is extremely slow and times out on login. This is impacting workflow and needs attention soon. for our enterprise workspace,Technical Issue,Medium
TKT-00837,2024-11-14,System reports an error when we try to export reports. Requesting timely support to avoid escalation. for our finance team,Technical Issue,Medium
TKT-00838,2024-03-03,I cannot verify my email so onboarding is blocked. This is impacting workflow and needs attention soon. for our customer success unit,Account,Medium
TKT-00839,2024-07-11,Invoice amount is incorrect for my last subscription renewal. Please review within the next business day. for our enterprise workspace,Billing,Medium
TKT-00840,2024-12-26,I cannot connect to the service from our office network. Critical issue affecting multiple paying customers. for our enterprise workspace,Technical Issue,High
TKT-00841,2024-11-18,API endpoint returns a 500 error for valid requests. Critical issue affecting multiple paying customers. for our IT service team,Technical Issue,High
TKT-00842,2024-12-15,I cannot connect to the service from our office network. Critical issue affecting multiple paying customers. for our enterprise workspace,Technical Issue,High
TKT-00843,2024-01-20,I was charged twice for my monthly plan and need a refund. Requesting timely support to avoid escalation. for our customer success unit,Billing,Medium
TKT-00844,2024-08-17,Do you support integration with third-party CRM tools? We can continue working but this should be fixed quickly. for our support desk,General Query,Medium
TKT-00845,2025-05-30,Can you explain this unexpected charge on my account? Can be handled when the team has capacity. for our enterprise workspace,Billing,Low
TKT-00846,2024-10-27,Dashboard is extremely slow and times out on login. Requesting timely support to avoid escalation. for our customer success unit,Technical Issue,Medium
TKT-00847,2025-05-25,Billing portal shows overdue even though I paid yesterday. We can continue working but this should be fixed quickly. for our IT service team,Billing,Medium
TKT-00848,2025-01-12,Notifications are not being delivered to our users. This is urgent and blocking production. for our startup operations,Technical Issue,High
TKT-00849,2025-05-15,Where can I find documentation for the analytics module? Critical issue affecting multiple paying customers. for our IT service team,General Query,High
TKT-00850,2024-12-15,I was charged twice for my monthly plan and need a refund. Critical issue affecting multiple paying customers. for our startup operations,Billing,High
TKT-00851,2025-05-04,Payment failed but my bank statement shows the amount deducted. This is informational and not blocking current work. for our startup operations,Billing,Low
TKT-00852,2024-05-15,Do you support integration with third-party CRM tools? This is informational and not blocking current work. for our startup operations,General Query,Low
TKT-00853,2024-03-13,System reports an error when we try to export reports. Critical issue affecting multiple paying customers. for our IT service team,Technical Issue,High
TKT-00854,2024-05-05,Dashboard is extremely slow and times out on login. Please prioritize immediately because operations are down. for our customer success unit,Technical Issue,High
TKT-00855,2025-04-04,"My account was suspended and I need reactivation support. No rush, this is a general improvement request. for our finance team",Account,Low
TKT-00856,2024-08-05,Where can I find documentation for the analytics module? We can continue working but this should be fixed quickly. for our finance team,General Query,Medium
TKT-00857,2025-04-19,My discount code was not applied to the latest invoice. This is impacting workflow and needs attention soon. for our IT service team,Billing,Medium
TKT-00858,2024-10-28,Can someone share best practices for onboarding new users? This is informational and not blocking current work. for our enterprise workspace,General Query,Low
TKT-00859,2024-10-30,Can someone share best practices for onboarding new users? This is impacting workflow and needs attention soon. for our finance team,General Query,Medium
TKT-00860,2024-11-17,Dashboard is extremely slow and times out on login. This is urgent and blocking production. for our customer success unit,Technical Issue,High
TKT-00861,2024-07-15,I was charged twice for my monthly plan and need a refund. This is urgent and blocking production. for our IT service team,Billing,High
TKT-00862,2025-02-12,How do I set up a recurring report for my team? We can continue working but this should be fixed quickly. for our support desk,General Query,Medium
TKT-00863,2024-10-28,The app crashes whenever I upload a file larger than 10MB. We can continue working but this should be fixed quickly. for our support desk,Technical Issue,Medium
TKT-00864,2025-02-26,I was charged twice for my monthly plan and need a refund. Need immediate action before end of business today. for our customer success unit,Billing,High
TKT-00865,2025-03-03,"How do I set up a recurring report for my team? No rush, this is a general improvement request. for our finance team",General Query,Low
TKT-00866,2024-06-04,Dashboard is extremely slow and times out on login. This is impacting workflow and needs attention soon. for our startup operations,Technical Issue,Medium
TKT-00867,2024-06-11,I am locked out after enabling two factor authentication. This is informational and not blocking current work. for our startup operations,Account,Low
TKT-00868,2024-08-29,System reports an error when we try to export reports. Can be handled when the team has capacity. for our customer success unit,Technical Issue,Low
TKT-00869,2024-08-21,Dashboard is extremely slow and times out on login. Critical issue affecting multiple paying customers. for our support desk,Technical Issue,High
TKT-00870,2024-10-31,"Please help me reset my password for the admin account. Low urgency, just looking for guidance. for our enterprise workspace",Account,Low
TKT-00871,2024-10-31,The app crashes whenever I upload a file larger than 10MB. Requesting timely support to avoid escalation. for our IT service team,Technical Issue,Medium
TKT-00872,2025-02-06,Please help me reset my password for the admin account. This is informational and not blocking current work. for our enterprise workspace,Account,Low
TKT-00873,2024-01-02,Invoice amount is incorrect for my last subscription renewal. We can continue working but this should be fixed quickly. for our IT service team,Billing,Medium
TKT-00874,2025-03-16,"Do you support integration with third-party CRM tools? No rush, this is a general improvement request. for our customer success unit",General Query,Low
TKT-00875,2025-04-06,I need to update account ownership and billing contact. Can be handled when the team has capacity. for our startup operations,Account,Low
TKT-00876,2024-12-14,Dashboard is extremely slow and times out on login. This is impacting workflow and needs attention soon. for our customer success unit,Technical Issue,Medium
TKT-00877,2025-03-13,My account was suspended and I need reactivation support. Please review within the next business day. for our startup operations,Account,Medium
TKT-00878,2025-01-16,User permissions are wrong for our team workspace. Requesting timely support to avoid escalation. for our customer success unit,Account,Medium
TKT-00879,2025-02-11,"Do you support integration with third-party CRM tools? Low urgency, just looking for guidance. for our IT service team",General Query,Low
TKT-00880,2025-02-17,The app crashes whenever I upload a file larger than 10MB. Critical issue affecting multiple paying customers. for our support desk,Technical Issue,High
TKT-00881,2024-07-24,Notifications are not being delivered to our users. This is impacting workflow and needs attention soon. for our customer success unit,Technical Issue,Medium
TKT-00882,2024-03-23,System reports an error when we try to export reports. This is urgent and blocking production. for our IT service team,Technical Issue,High
TKT-00883,2024-01-09,I need to update account ownership and billing contact. This is impacting workflow and needs attention soon. for our IT service team,Account,Medium
TKT-00884,2025-03-05,I cannot connect to the service from our office network. Critical issue affecting multiple paying customers. for our enterprise workspace,Technical Issue,High
TKT-00885,2024-06-12,My discount code was not applied to the latest invoice. This is impacting workflow and needs attention soon. for our enterprise workspace,Billing,Medium
TKT-00886,2024-05-01,"What is included in the business plan compared to basic? Low urgency, just looking for guidance. for our startup operations",General Query,Low
TKT-00887,2025-06-22,Dashboard is extremely slow and times out on login. Please prioritize immediately because operations are down. for our IT service team,Technical Issue,High
TKT-00888,2024-10-25,"Payment failed but my bank statement shows the amount deducted. Low urgency, just looking for guidance. for our customer success unit",Billing,Low
TKT-00889,2025-03-07,API endpoint returns a 500 error for valid requests. Please review within the next business day. for our finance team,Technical Issue,Medium
TKT-00890,2024-10-04,I cannot connect to the service from our office network. This is informational and not blocking current work. for our startup operations,Technical Issue,Low
TKT-00891,2024-04-09,I am locked out after enabling two factor authentication. Requesting timely support to avoid escalation. for our IT service team,Account,Medium
TKT-00892,2024-09-17,"Can someone share best practices for onboarding new users? Low urgency, just looking for guidance. for our finance team",General Query,Low
TKT-00893,2024-03-16,Please help me reset my password for the admin account. Requesting timely support to avoid escalation. for our IT service team,Account,Medium
TKT-00894,2024-07-27,API endpoint returns a 500 error for valid requests. Please prioritize immediately because operations are down. for our customer success unit,Technical Issue,High
TKT-00895,2024-02-09,My account was suspended and I need reactivation support. We can continue working but this should be fixed quickly. for our finance team,Account,Medium
TKT-00896,2025-01-25,User permissions are wrong for our team workspace. Can be handled when the team has capacity. for our customer success unit,Account,Low
TKT-00897,2024-09-18,Is there a tutorial for using custom dashboards? Can be handled when the team has capacity. for our finance team,General Query,Low
TKT-00898,2024-06-26,I need to update account ownership and billing contact. Requesting timely support to avoid escalation. for our finance team,Account,Medium
TKT-00899,2025-06-22,Please help me reset my password for the admin account. This is urgent and blocking production. for our startup operations,Account,High
TKT-00900,2024-08-24,"Where can I find documentation for the analytics module? Low urgency, just looking for guidance. for our enterprise workspace",General Query,Low
TKT-00901,2024-04-28,The app crashes whenever I upload a file larger than 10MB. Critical issue affecting multiple paying customers. for our IT service team,Technical Issue,High
TKT-00902,2024-05-13,What is included in the business plan compared to basic? This is urgent and blocking production. for our enterprise workspace,General Query,High
TKT-00903,2024-06-25,Payment failed but my bank statement shows the amount deducted. Critical issue affecting multiple paying customers. for our startup operations,Billing,High
TKT-00904,2025-01-10,Notifications are not being delivered to our users. We can continue working but this should be fixed quickly. for our customer success unit,Technical Issue,Medium
TKT-00905,2025-06-04,Notifications are not being delivered to our users. Please prioritize immediately because operations are down. for our enterprise workspace,Technical Issue,High
TKT-00906,2025-03-27,My account was suspended and I need reactivation support. Please review within the next business day. for our finance team,Account,Medium
TKT-00907,2024-12-29,My account was suspended and I need reactivation support. Requesting timely support to avoid escalation. for our enterprise workspace,Account,Medium
TKT-00908,2025-06-05,Please help me reset my password for the admin account. This is urgent and blocking production. for our support desk,Account,High
TKT-00909,2024-02-03,Dashboard is extremely slow and times out on login. Critical issue affecting multiple paying customers. for our enterprise workspace,Technical Issue,High
TKT-00910,2024-10-15,Please help me reset my password for the admin account. Need immediate action before end of business today. for our customer success unit,Account,High
TKT-00911,2024-04-05,I was charged twice for my monthly plan and need a refund. Need immediate action before end of business today. for our customer success unit,Billing,High
TKT-00912,2024-07-29,Invoice amount is incorrect for my last subscription renewal. Can be handled when the team has capacity. for our enterprise workspace,Billing,Low
TKT-00913,2024-04-23,My discount code was not applied to the latest invoice. Can be handled when the team has capacity. for our IT service team,Billing,Low
TKT-00914,2024-02-14,System reports an error when we try to export reports. Please prioritize immediately because operations are down. for our IT service team,Technical Issue,High
TKT-00915,2024-01-31,My discount code was not applied to the latest invoice. Requesting timely support to avoid escalation. for our customer success unit,Billing,Medium
TKT-00916,2025-01-01,"Payment failed but my bank statement shows the amount deducted. Low urgency, just looking for guidance. for our enterprise workspace",Billing,Low
TKT-00917,2024-03-10,Payment failed but my bank statement shows the amount deducted. This is impacting workflow and needs attention soon. for our startup operations,Billing,Medium
TKT-00918,2024-11-25,Notifications are not being delivered to our users. Please review within the next business day. for our IT service team,Technical Issue,Medium
TKT-00919,2025-04-19,Notifications are not being delivered to our users. Need immediate action before end of business today. for our support desk,Technical Issue,High
TKT-00920,2024-01-29,API endpoint returns a 500 error for valid requests. Please review within the next business day. for our IT service team,Technical Issue,Medium
TKT-00921,2024-09-20,I cannot verify my email so onboarding is blocked. Please prioritize immediately because operations are down. for our support desk,Account,High
TKT-00922,2025-05-29,Can you explain this unexpected charge on my account? Please prioritize immediately because operations are down. for our startup operations,Billing,High
TKT-00923,2024-11-20,System reports an error when we try to export reports. This is urgent and blocking production. for our enterprise workspace,Technical Issue,High
TKT-00924,2024-08-16,Invoice amount is incorrect for my last subscription renewal. Requesting timely support to avoid escalation. for our IT service team,Billing,Medium
TKT-00925,2024-08-20,Dashboard is extremely slow and times out on login. This is urgent and blocking production. for our finance team,Technical Issue,High
TKT-00926,2025-01-04,Do you support integration with third-party CRM tools? We can continue working but this should be fixed quickly. for our IT service team,General Query,Medium
TKT-00927,2024-12-27,Can you explain this unexpected charge on my account? Please prioritize immediately because operations are down. for our enterprise workspace,Billing,High
TKT-00928,2025-02-13,System reports an error when we try to export reports. Requesting timely support to avoid escalation. for our enterprise workspace,Technical Issue,Medium
TKT-00929,2025-03-25,"Is there a tutorial for using custom dashboards? Low urgency, just looking for guidance. for our IT service team",General Query,Low
TKT-00930,2024-09-13,"My account was suspended and I need reactivation support. Low urgency, just looking for guidance. for our customer success unit",Account,Low
TKT-00931,2024-08-20,My account was suspended and I need reactivation support. Requesting timely support to avoid escalation. for our finance team,Account,Medium
TKT-00932,2024-05-14,"I cannot verify my email so onboarding is blocked. Low urgency, just looking for guidance. for our customer success unit",Account,Low
TKT-00933,2025-05-04,"User permissions are wrong for our team workspace. Low urgency, just looking for guidance. for our enterprise workspace",Account,Low
TKT-00934,2025-06-10,Notifications are not being delivered to our users. This is impacting workflow and needs attention soon. for our support desk,Technical Issue,Medium
TKT-00935,2024-08-26,Billing portal shows overdue even though I paid yesterday. Requesting timely support to avoid escalation. for our support desk,Billing,Medium
TKT-00936,2024-10-02,I was charged twice for my monthly plan and need a refund. Need immediate action before end of business today. for our support desk,Billing,High
TKT-00937,2025-04-18,Invoice amount is incorrect for my last subscription renewal. Please review within the next business day. for our IT service team,Billing,Medium
TKT-00938,2024-10-03,Notifications are not being delivered to our users. This is urgent and blocking production. for our support desk,Technical Issue,High
TKT-00939,2024-07-04,I cannot connect to the service from our office network. Please review within the next business day. for our startup operations,Technical Issue,Medium
TKT-00940,2024-03-30,I was charged twice for my monthly plan and need a refund. Requesting timely support to avoid escalation. for our enterprise workspace,Billing,Medium
TKT-00941,2024-05-14,Do you support integration with third-party CRM tools? This is impacting workflow and needs attention soon. for our enterprise workspace,General Query,Medium
TKT-00942,2024-06-30,Billing portal shows overdue even though I paid yesterday. This is informational and not blocking current work. for our enterprise workspace,Billing,Low
TKT-00943,2025-06-03,User permissions are wrong for our team workspace. Requesting timely support to avoid escalation. for our startup operations,Account,Medium
TKT-00944,2024-09-22,"I need to update account ownership and billing contact. Low urgency, just looking for guidance. for our startup operations",Account,Low
TKT-00945,2025-06-03,My account was suspended and I need reactivation support. Need immediate action before end of business today. for our finance team,Account,High
TKT-00946,2024-05-02,"Invoice amount is incorrect for my last subscription renewal. Low urgency, just looking for guidance. for our startup operations",Billing,Low
TKT-00947,2024-03-10,"API endpoint returns a 500 error for valid requests. Low urgency, just looking for guidance. for our customer success unit",Technical Issue,Low
TKT-00948,2024-06-24,The app crashes whenever I upload a file larger than 10MB. This is impacting workflow and needs attention soon. for our support desk,Technical Issue,Medium
TKT-00949,2024-12-18,I was charged twice for my monthly plan and need a refund. Critical issue affecting multiple paying customers. for our finance team,Billing,High
TKT-00950,2024-05-27,User permissions are wrong for our team workspace. Can be handled when the team has capacity. for our finance team,Account,Low
TKT-00951,2024-04-06,I was charged twice for my monthly plan and need a refund. Please prioritize immediately because operations are down. for our customer success unit,Billing,High
TKT-00952,2024-12-05,Payment failed but my bank statement shows the amount deducted. Critical issue affecting multiple paying customers. for our support desk,Billing,High
TKT-00953,2024-03-15,Is there a tutorial for using custom dashboards? This is informational and not blocking current work. for our IT service team,General Query,Low
TKT-00954,2024-07-29,System reports an error when we try to export reports. Please prioritize immediately because operations are down. for our enterprise workspace,Technical Issue,High
TKT-00955,2025-03-30,The app crashes whenever I upload a file larger than 10MB. Critical issue affecting multiple paying customers. for our support desk,Technical Issue,High
TKT-00956,2024-01-17,I am locked out after enabling two factor authentication. We can continue working but this should be fixed quickly. for our customer success unit,Account,Medium
TKT-00957,2024-06-26,Please help me reset my password for the admin account. Please review within the next business day. for our finance team,Account,Medium
TKT-00958,2024-12-01,What is included in the business plan compared to basic? Can be handled when the team has capacity. for our startup operations,General Query,Low
TKT-00959,2024-08-25,API endpoint returns a 500 error for valid requests. Please prioritize immediately because operations are down. for our finance team,Technical Issue,High
TKT-00960,2024-06-01,My account was suspended and I need reactivation support. Need immediate action before end of business today. for our startup operations,Account,High
TKT-00961,2024-11-24,User permissions are wrong for our team workspace. We can continue working but this should be fixed quickly. for our finance team,Account,Medium
TKT-00962,2025-01-15,Do you support integration with third-party CRM tools? This is informational and not blocking current work. for our customer success unit,General Query,Low
TKT-00963,2024-05-29,Can you explain this unexpected charge on my account? Please review within the next business day. for our customer success unit,Billing,Medium
TKT-00964,2024-04-28,Dashboard is extremely slow and times out on login. Critical issue affecting multiple paying customers. for our enterprise workspace,Technical Issue,High
TKT-00965,2024-02-13,My account was suspended and I need reactivation support. We can continue working but this should be fixed quickly. for our startup operations,Account,Medium
TKT-00966,2024-07-04,Notifications are not being delivered to our users. Critical issue affecting multiple paying customers. for our finance team,Technical Issue,High
TKT-00967,2024-05-18,Where can I find documentation for the analytics module? We can continue working but this should be fixed quickly. for our finance team,General Query,Medium
TKT-00968,2024-04-19,I am locked out after enabling two factor authentication. Please review within the next business day. for our IT service team,Account,Medium
TKT-00969,2024-08-10,Can you explain this unexpected charge on my account? Need immediate action before end of business today. for our customer success unit,Billing,High
TKT-00970,2024-08-14,"I was charged twice for my monthly plan and need a refund. No rush, this is a general improvement request. for our support desk",Billing,Low
TKT-00971,2024-09-07,I need to update account ownership and billing contact. This is informational and not blocking current work. for our IT service team,Account,Low
TKT-00972,2025-04-03,What is included in the business plan compared to basic? Need immediate action before end of business today. for our finance team,General Query,High
TKT-00973,2024-12-24,What is included in the business plan compared to basic? This is impacting workflow and needs attention soon. for our IT service team,General Query,Medium
TKT-00974,2024-11-30,Notifications are not being delivered to our users. Requesting timely support to avoid escalation. for our IT service team,Technical Issue,Medium
TKT-00975,2024-04-13,Notifications are not being delivered to our users. This is urgent and blocking production. for our customer success unit,Technical Issue,High
TKT-00976,2024-10-13,My discount code was not applied to the latest invoice. This is informational and not blocking current work. for our enterprise workspace,Billing,Low
TKT-00977,2025-04-20,The app crashes whenever I upload a file larger than 10MB. Requesting timely support to avoid escalation. for our startup operations,Technical Issue,Medium
TKT-00978,2024-09-13,The app crashes whenever I upload a file larger than 10MB. We can continue working but this should be fixed quickly. for our finance team,Technical Issue,Medium
TKT-00979,2024-06-13,What is included in the business plan compared to basic? Please review within the next business day. for our enterprise workspace,General Query,Medium
TKT-00980,2024-08-20,Dashboard is extremely slow and times out on login. We can continue working but this should be fixed quickly. for our support desk,Technical Issue,Medium
TKT-00981,2025-05-13,Invoice amount is incorrect for my last subscription renewal. Can be handled when the team has capacity. for our enterprise workspace,Billing,Low
TKT-00982,2025-03-23,Invoice amount is incorrect for my last subscription renewal. We can continue working but this should be fixed quickly. for our support desk,Billing,Medium
TKT-00983,2024-11-12,Can you explain this unexpected charge on my account? This is informational and not blocking current work. for our support desk,Billing,Low
TKT-00984,2024-05-22,I cannot connect to the service from our office network. Please prioritize immediately because operations are down. for our finance team,Technical Issue,High
TKT-00985,2024-02-20,Dashboard is extremely slow and times out on login. Please review within the next business day. for our support desk,Technical Issue,Medium
TKT-00986,2024-11-24,My discount code was not applied to the latest invoice. This is urgent and blocking production. for our enterprise workspace,Billing,High
TKT-00987,2024-02-19,"Invoice amount is incorrect for my last subscription renewal. No rush, this is a general improvement request. for our support desk",Billing,Low
TKT-00988,2025-06-01,How do I set up a recurring report for my team? Please review within the next business day. for our startup operations,General Query,Medium
TKT-00989,2024-11-16,"How do I set up a recurring report for my team? No rush, this is a general improvement request. for our finance team",General Query,Low
TKT-00990,2024-08-01,"Can someone share best practices for onboarding new users? No rush, this is a general improvement request. for our finance team",General Query,Low
TKT-00991,2024-05-27,The app crashes whenever I upload a file larger than 10MB. Critical issue affecting multiple paying customers. for our IT service team,Technical Issue,High
TKT-00992,2024-03-26,Dashboard is extremely slow and times out on login. Please prioritize immediately because operations are down. for our customer success unit,Technical Issue,High
TKT-00993,2024-03-19,I cannot connect to the service from our office network. Need immediate action before end of business today. for our customer success unit,Technical Issue,High
TKT-00994,2024-04-19,I cannot connect to the service from our office network. This is urgent and blocking production. for our customer success unit,Technical Issue,High
TKT-00995,2024-12-17,My discount code was not applied to the latest invoice. Please prioritize immediately because operations are down. for our IT service team,Billing,High
TKT-00996,2024-05-06,I was charged twice for my monthly plan and need a refund. We can continue working but this should be fixed quickly. for our enterprise workspace,Billing,Medium
TKT-00997,2024-09-09,Dashboard is extremely slow and times out on login. This is urgent and blocking production. for our finance team,Technical Issue,High
TKT-00998,2024-08-16,"Is there a tutorial for using custom dashboards? Low urgency, just looking for guidance. for our customer success unit",General Query,Low
TKT-00999,2024-01-08,I was charged twice for my monthly plan and need a refund. This is impacting workflow and needs attention soon. for our enterprise workspace,Billing,Medium
TKT-01000,2024-04-07,My discount code was not applied to the latest invoice. Please review within the next business day. for our finance team,Billing,Medium
TKT-01001,2024-05-10,I cannot verify my email so onboarding is blocked. Requesting timely support to avoid escalation. for our startup operations,Account,Medium
TKT-01002,2024-03-23,The app crashes whenever I upload a file larger than 10MB. Please prioritize immediately because operations are down. for our support desk,Technical Issue,High
TKT-01003,2024-04-03,Invoice amount is incorrect for my last subscription renewal. Please review within the next business day. for our IT service team,Billing,Medium
TKT-01004,2024-10-23,Do you support integration with third-party CRM tools? Critical issue affecting multiple paying customers. for our enterprise workspace,General Query,High
TKT-01005,2025-01-24,Billing portal shows overdue even though I paid yesterday. This is impacting workflow and needs attention soon. for our enterprise workspace,Billing,Medium
TKT-01006,2025-05-02,Payment failed but my bank statement shows the amount deducted. Please prioritize immediately because operations are down. for our startup operations,Billing,High
TKT-01007,2024-12-23,I need to update account ownership and billing contact. This is informational and not blocking current work. for our support desk,Account,Low
TKT-01008,2024-07-10,Dashboard is extremely slow and times out on login. This is informational and not blocking current work. for our enterprise workspace,Technical Issue,Low
TKT-01009,2024-07-31,My account was suspended and I need reactivation support. This is impacting workflow and needs attention soon. for our finance team,Account,Medium
TKT-01010,2025-03-19,I cannot connect to the service from our office network. Please review within the next business day. for our finance team,Technical Issue,Medium
TKT-01011,2025-05-14,System reports an error when we try to export reports. This is impacting workflow and needs attention soon. for our support desk,Technical Issue,Medium
TKT-01012,2024-05-23,I cannot connect to the service from our office network. This is urgent and blocking production. for our startup operations,Technical Issue,High
TKT-01013,2024-12-27,Dashboard is extremely slow and times out on login. Requesting timely support to avoid escalation. for our enterprise workspace,Technical Issue,Medium
TKT-01014,2025-04-03,I cannot connect to the service from our office network. Need immediate action before end of business today. for our enterprise workspace,Technical Issue,High
TKT-01015,2025-03-08,The app crashes whenever I upload a file larger than 10MB. Can be handled when the team has capacity. for our startup operations,Technical Issue,Low
TKT-01016,2024-11-12,"Can someone share best practices for onboarding new users? No rush, this is a general improvement request. for our startup operations",General Query,Low
TKT-01017,2025-01-10,Can you explain this unexpected charge on my account? Can be handled when the team has capacity. for our support desk,Billing,Low
TKT-01018,2024-12-15,Can someone share best practices for onboarding new users? Please review within the next business day. for our startup operations,General Query,Medium
TKT-01019,2024-08-07,The app crashes whenever I upload a file larger than 10MB. This is urgent and blocking production. for our support desk,Technical Issue,High
TKT-01020,2024-08-31,I am locked out after enabling two factor authentication. This is impacting workflow and needs attention soon. for our IT service team,Account,Medium
TKT-01021,2024-06-16,API endpoint returns a 500 error for valid requests. Critical issue affecting multiple paying customers. for our finance team,Technical Issue,High
TKT-01022,2024-11-29,API endpoint returns a 500 error for valid requests. This is informational and not blocking current work. for our finance team,Technical Issue,Low
TKT-01023,2025-02-16,Payment failed but my bank statement shows the amount deducted. This is urgent and blocking production. for our support desk,Billing,High
TKT-01024,2024-06-23,I am locked out after enabling two factor authentication. This is urgent and blocking production. for our enterprise workspace,Account,High
TKT-01025,2025-05-03,Dashboard is extremely slow and times out on login. We can continue working but this should be fixed quickly. for our customer success unit,Technical Issue,Medium
TKT-01026,2024-06-14,Dashboard is extremely slow and times out on login. We can continue working but this should be fixed quickly. for our startup operations,Technical Issue,Medium
TKT-01027,2025-01-28,Is there a tutorial for using custom dashboards? Critical issue affecting multiple paying customers. for our finance team,General Query,High
TKT-01028,2025-03-22,Where can I find documentation for the analytics module? Can be handled when the team has capacity. for our customer success unit,General Query,Low
TKT-01029,2024-05-24,I need to update account ownership and billing contact. Requesting timely support to avoid escalation. for our enterprise workspace,Account,Medium
TKT-01030,2024-09-18,Notifications are not being delivered to our users. Please review within the next business day. for our customer success unit,Technical Issue,Medium
TKT-01031,2024-07-27,"What is included in the business plan compared to basic? Low urgency, just looking for guidance. for our startup operations",General Query,Low
TKT-01032,2024-09-15,How do I set up a recurring report for my team? We can continue working but this should be fixed quickly. for our support desk,General Query,Medium
TKT-01033,2024-12-04,User permissions are wrong for our team workspace. This is informational and not blocking current work. for our support desk,Account,Low
TKT-01034,2024-01-11,The app crashes whenever I upload a file larger than 10MB. We can continue working but this should be fixed quickly. for our startup operations,Technical Issue,Medium
TKT-01035,2025-03-05,System reports an error when we try to export reports. We can continue working but this should be fixed quickly. for our enterprise workspace,Technical Issue,Medium
TKT-01036,2024-07-25,System reports an error when we try to export reports. This is impacting workflow and needs attention soon. for our finance team,Technical Issue,Medium
TKT-01037,2025-01-07,The app crashes whenever I upload a file larger than 10MB. This is urgent and blocking production. for our finance team,Technical Issue,High
TKT-01038,2024-10-17,Notifications are not being delivered to our users. This is urgent and blocking production. for our startup operations,Technical Issue,High
TKT-01039,2024-01-04,System reports an error when we try to export reports. Critical issue affecting multiple paying customers. for our finance team,Technical Issue,High
TKT-01040,2024-04-21,Can someone share best practices for onboarding new users? Please prioritize immediately because operations are down. for our enterprise workspace,General Query,High
TKT-01041,2024-08-02,I cannot connect to the service from our office network. Need immediate action before end of business today. for our enterprise workspace,Technical Issue,High
TKT-01042,2024-08-06,My account was suspended and I need reactivation support. This is urgent and blocking production. for our IT service team,Account,High
TKT-01043,2025-01-16,Notifications are not being delivered to our users. Need immediate action before end of business today. for our enterprise workspace,Technical Issue,High
TKT-01044,2024-10-27,Can someone share best practices for onboarding new users? Requesting timely support to avoid escalation. for our finance team,General Query,Medium
TKT-01045,2025-04-30,Notifications are not being delivered to our users. This is informational and not blocking current work. for our support desk,Technical Issue,Low
TKT-01046,2024-09-18,I cannot verify my email so onboarding is blocked. Critical issue affecting multiple paying customers. for our startup operations,Account,High
TKT-01047,2024-03-13,"What is included in the business plan compared to basic? No rush, this is a general improvement request. for our IT service team",General Query,Low
TKT-01048,2025-01-25,Invoice amount is incorrect for my last subscription renewal. This is impacting workflow and needs attention soon. for our startup operations,Billing,Medium
TKT-01049,2024-10-07,Notifications are not being delivered to our users. Please review within the next business day. for our IT service team,Technical Issue,Medium
TKT-01050,2024-02-25,"My discount code was not applied to the latest invoice. No rush, this is a general improvement request. for our IT service team",Billing,Low
TKT-01051,2024-11-27,"Billing portal shows overdue even though I paid yesterday. No rush, this is a general improvement request. for our finance team",Billing,Low
TKT-01052,2024-02-03,"Please help me reset my password for the admin account. No rush, this is a general improvement request. for our support desk",Account,Low
TKT-01053,2024-07-11,System reports an error when we try to export reports. Critical issue affecting multiple paying customers. for our enterprise workspace,Technical Issue,High
TKT-01054,2024-04-10,I cannot connect to the service from our office network. Critical issue affecting multiple paying customers. for our finance team,Technical Issue,High
TKT-01055,2025-01-04,Please help me reset my password for the admin account. Need immediate action before end of business today. for our enterprise workspace,Account,High
TKT-01056,2024-03-23,My discount code was not applied to the latest invoice. Please prioritize immediately because operations are down. for our startup operations,Billing,High
TKT-01057,2024-04-05,My discount code was not applied to the latest invoice. This is informational and not blocking current work. for our IT service team,Billing,Low
TKT-01058,2024-01-18,System reports an error when we try to export reports. Need immediate action before end of business today. for our support desk,Technical Issue,High
TKT-01059,2024-04-02,"My account was suspended and I need reactivation support. No rush, this is a general improvement request. for our customer success unit",Account,Low
TKT-01060,2024-12-19,Dashboard is extremely slow and times out on login. We can continue working but this should be fixed quickly. for our customer success unit,Technical Issue,Medium
TKT-01061,2024-10-01,I am locked out after enabling two factor authentication. Can be handled when the team has capacity. for our startup operations,Account,Low
TKT-01062,2024-01-12,I need to update account ownership and billing contact. Requesting timely support to avoid escalation. for our enterprise workspace,Account,Medium
TKT-01063,2024-03-21,Invoice amount is incorrect for my last subscription renewal. Can be handled when the team has capacity. for our enterprise workspace,Billing,Low
TKT-01064,2024-02-08,I was charged twice for my monthly plan and need a refund. Requesting timely support to avoid escalation. for our support desk,Billing,Medium
TKT-01065,2024-05-30,Can you explain this unexpected charge on my account? Requesting timely support to avoid escalation. for our IT service team,Billing,Medium
TKT-01066,2025-03-17,Do you support integration with third-party CRM tools? Can be handled when the team has capacity. for our customer success unit,General Query,Low
TKT-01067,2025-03-16,Please help me reset my password for the admin account. Please review within the next business day. for our startup operations,Account,Medium
TKT-01068,2024-09-15,"User permissions are wrong for our team workspace. Low urgency, just looking for guidance. for our startup operations",Account,Low
TKT-01069,2024-01-23,"I am locked out after enabling two factor authentication. No rush, this is a general improvement request. for our IT service team",Account,Low
TKT-01070,2025-01-13,Notifications are not being delivered to our users. Please review within the next business day. for our customer success unit,Technical Issue,Medium
TKT-01071,2024-03-11,I was charged twice for my monthly plan and need a refund. We can continue working but this should be fixed quickly. for our support desk,Billing,Medium
TKT-01072,2024-04-26,Is there a tutorial for using custom dashboards? Requesting timely support to avoid escalation. for our IT service team,General Query,Medium
TKT-01073,2024-02-05,"Where can I find documentation for the analytics module? No rush, this is a general improvement request. for our enterprise workspace",General Query,Low
TKT-01074,2024-08-05,Can you explain this unexpected charge on my account? Requesting timely support to avoid escalation. for our startup operations,Billing,Medium
TKT-01075,2025-01-06,Notifications are not being delivered to our users. We can continue working but this should be fixed quickly. for our enterprise workspace,Technical Issue,Medium
TKT-01076,2024-07-08,API endpoint returns a 500 error for valid requests. Requesting timely support to avoid escalation. for our enterprise workspace,Technical Issue,Medium
TKT-01077,2024-07-04,Payment failed but my bank statement shows the amount deducted. Critical issue affecting multiple paying customers. for our enterprise workspace,Billing,High
TKT-01078,2025-03-06,How do I set up a recurring report for my team? This is informational and not blocking current work. for our IT service team,General Query,Low
TKT-01079,2024-11-30,"Invoice amount is incorrect for my last subscription renewal. No rush, this is a general improvement request. for our startup operations",Billing,Low
TKT-01080,2024-08-02,"How do I set up a recurring report for my team? Low urgency, just looking for guidance. for our support desk",General Query,Low
TKT-01081,2024-02-01,I am locked out after enabling two factor authentication. We can continue working but this should be fixed quickly. for our support desk,Account,Medium
TKT-01082,2025-02-04,Invoice amount is incorrect for my last subscription renewal. This is impacting workflow and needs attention soon. for our finance team,Billing,Medium
TKT-01083,2025-05-22,"Is there a tutorial for using custom dashboards? No rush, this is a general improvement request. for our customer success unit",General Query,Low
TKT-01084,2024-02-07,I was charged twice for my monthly plan and need a refund. Requesting timely support to avoid escalation. for our support desk,Billing,Medium
TKT-01085,2025-03-14,My discount code was not applied to the latest invoice. Critical issue affecting multiple paying customers. for our customer success unit,Billing,High
TKT-01086,2024-05-06,My discount code was not applied to the latest invoice. Critical issue affecting multiple paying customers. for our finance team,Billing,High
TKT-01087,2025-04-18,"I cannot verify my email so onboarding is blocked. Low urgency, just looking for guidance. for our startup operations",Account,Low
TKT-01088,2024-02-06,I cannot connect to the service from our office network. This is impacting workflow and needs attention soon. for our IT service team,Technical Issue,Medium
TKT-01089,2025-01-08,I need to update account ownership and billing contact. Need immediate action before end of business today. for our enterprise workspace,Account,High
TKT-01090,2025-02-04,Can someone share best practices for onboarding new users? Please review within the next business day. for our customer success unit,General Query,Medium
TKT-01091,2025-06-12,Billing portal shows overdue even though I paid yesterday. We can continue working but this should be fixed quickly. for our IT service team,Billing,Medium
TKT-01092,2024-11-13,I need to update account ownership and billing contact. Please prioritize immediately because operations are down. for our support desk,Account,High
TKT-01093,2024-03-05,I was charged twice for my monthly plan and need a refund. Please review within the next business day. for our IT service team,Billing,Medium
TKT-01094,2024-04-01,Notifications are not being delivered to our users. Critical issue affecting multiple paying customers. for our enterprise workspace,Technical Issue,High
TKT-01095,2024-01-15,My account was suspended and I need reactivation support. Need immediate action before end of business today. for our enterprise workspace,Account,High
TKT-01096,2024-09-11,API endpoint returns a 500 error for valid requests. This is urgent and blocking production. for our enterprise workspace,Technical Issue,High
TKT-01097,2024-03-24,What is included in the business plan compared to basic? Can be handled when the team has capacity. for our customer success unit,General Query,Low
TKT-01098,2025-02-14,User permissions are wrong for our team workspace. This is impacting workflow and needs attention soon. for our finance team,Account,Medium
TKT-01099,2024-08-25,The app crashes whenever I upload a file larger than 10MB. Please review within the next business day. for our customer success unit,Technical Issue,Medium
TKT-01100,2025-02-24,"Payment failed but my bank statement shows the amount deducted. No rush, this is a general improvement request. for our IT service team",Billing,Low
TKT-01101,2024-05-27,"User permissions are wrong for our team workspace. No rush, this is a general improvement request. for our customer success unit",Account,Low
TKT-01102,2024-07-21,I cannot connect to the service from our office network. Requesting timely support to avoid escalation. for our startup operations,Technical Issue,Medium
TKT-01103,2024-01-29,Do you support integration with third-party CRM tools? Please review within the next business day. for our customer success unit,General Query,Medium
TKT-01104,2025-02-22,User permissions are wrong for our team workspace. Please prioritize immediately because operations are down. for our IT service team,Account,High
TKT-01105,2024-10-02,API endpoint returns a 500 error for valid requests. This is urgent and blocking production. for our support desk,Technical Issue,High
TKT-01106,2024-05-03,I cannot connect to the service from our office network. Critical issue affecting multiple paying customers. for our enterprise workspace,Technical Issue,High
TKT-01107,2024-03-15,I cannot connect to the service from our office network. This is urgent and blocking production. for our customer success unit,Technical Issue,High
TKT-01108,2025-05-02,Billing portal shows overdue even though I paid yesterday. Please prioritize immediately because operations are down. for our support desk,Billing,High
TKT-01109,2024-11-02,My account was suspended and I need reactivation support. We can continue working but this should be fixed quickly. for our finance team,Account,Medium
TKT-01110,2024-06-11,Please help me reset my password for the admin account. Please prioritize immediately because operations are down. for our startup operations,Account,High
TKT-01111,2025-05-07,I was charged twice for my monthly plan and need a refund. Requesting timely support to avoid escalation. for our support desk,Billing,Medium
TKT-01112,2024-09-21,My discount code was not applied to the latest invoice. Please review within the next business day. for our startup operations,Billing,Medium
TKT-01113,2025-06-09,The app crashes whenever I upload a file larger than 10MB. Need immediate action before end of business today. for our customer success unit,Technical Issue,High
TKT-01114,2024-06-29,Please help me reset my password for the admin account. We can continue working but this should be fixed quickly. for our enterprise workspace,Account,Medium
TKT-01115,2025-03-21,Invoice amount is incorrect for my last subscription renewal. This is impacting workflow and needs attention soon. for our support desk,Billing,Medium
TKT-01116,2025-06-07,Dashboard is extremely slow and times out on login. Please prioritize immediately because operations are down. for our enterprise workspace,Technical Issue,High
TKT-01117,2024-12-21,Can you explain this unexpected charge on my account? This is urgent and blocking production. for our startup operations,Billing,High
TKT-01118,2024-05-30,How do I set up a recurring report for my team? Requesting timely support to avoid escalation. for our IT service team,General Query,Medium
TKT-01119,2024-12-19,I cannot verify my email so onboarding is blocked. Please prioritize immediately because operations are down. for our finance team,Account,High
TKT-01120,2025-06-07,I cannot connect to the service from our office network. Need immediate action before end of business today. for our startup operations,Technical Issue,High
TKT-01121,2024-05-10,Notifications are not being delivered to our users. Requesting timely support to avoid escalation. for our support desk,Technical Issue,Medium
TKT-01122,2024-03-01,Where can I find documentation for the analytics module? Requesting timely support to avoid escalation. for our enterprise workspace,General Query,Medium
TKT-01123,2025-04-04,Notifications are not being delivered to our users. We can continue working but this should be fixed quickly. for our IT service team,Technical Issue,Medium
TKT-01124,2024-07-12,How do I set up a recurring report for my team? Please review within the next business day. for our finance team,General Query,Medium
TKT-01125,2025-02-20,API endpoint returns a 500 error for valid requests. Need immediate action before end of business today. for our finance team,Technical Issue,High
TKT-01126,2024-09-05,My discount code was not applied to the latest invoice. We can continue working but this should be fixed quickly. for our support desk,Billing,Medium
TKT-01127,2024-04-11,My discount code was not applied to the latest invoice. Please review within the next business day. for our IT service team,Billing,Medium
TKT-01128,2024-10-05,My account was suspended and I need reactivation support. We can continue working but this should be fixed quickly. for our support desk,Account,Medium
TKT-01129,2024-06-11,What is included in the business plan compared to basic? This is impacting workflow and needs attention soon. for our enterprise workspace,General Query,Medium
TKT-01130,2024-05-12,I cannot connect to the service from our office network. Need immediate action before end of business today. for our IT service team,Technical Issue,High
TKT-01131,2025-04-04,Billing portal shows overdue even though I paid yesterday. Requesting timely support to avoid escalation. for our IT service team,Billing,Medium
TKT-01132,2025-01-02,I am locked out after enabling two factor authentication. We can continue working but this should be fixed quickly. for our IT service team,Account,Medium
TKT-01133,2024-06-20,My discount code was not applied to the latest invoice. Requesting timely support to avoid escalation. for our customer success unit,Billing,Medium
TKT-01134,2024-02-18,User permissions are wrong for our team workspace. We can continue working but this should be fixed quickly. for our finance team,Account,Medium
TKT-01135,2024-07-16,"My account was suspended and I need reactivation support. No rush, this is a general improvement request. for our finance team",Account,Low
TKT-01136,2024-09-23,Payment failed but my bank statement shows the amount deducted. Need immediate action before end of business today. for our support desk,Billing,High
TKT-01137,2024-05-16,System reports an error when we try to export reports. Need immediate action before end of business today. for our enterprise workspace,Technical Issue,High
TKT-01138,2025-01-03,Please help me reset my password for the admin account. This is impacting workflow and needs attention soon. for our startup operations,Account,Medium
TKT-01139,2025-02-06,Payment failed but my bank statement shows the amount deducted. Please review within the next business day. for our finance team,Billing,Medium
TKT-01140,2025-01-15,"I need to update account ownership and billing contact. No rush, this is a general improvement request. for our startup operations",Account,Low
TKT-01141,2025-03-15,How do I set up a recurring report for my team? Please review within the next business day. for our IT service team,General Query,Medium
TKT-01142,2024-01-21,Billing portal shows overdue even though I paid yesterday. Requesting timely support to avoid escalation. for our enterprise workspace,Billing,Medium
TKT-01143,2025-04-18,I cannot connect to the service from our office network. Please review within the next business day. for our finance team,Technical Issue,Medium
TKT-01144,2024-04-12,Payment failed but my bank statement shows the amount deducted. Requesting timely support to avoid escalation. for our IT service team,Billing,Medium
TKT-01145,2024-02-10,I cannot verify my email so onboarding is blocked. Please prioritize immediately because operations are down. for our customer success unit,Account,High
TKT-01146,2025-06-13,"I cannot verify my email so onboarding is blocked. Low urgency, just looking for guidance. for our support desk",Account,Low
TKT-01147,2025-05-07,I am locked out after enabling two factor authentication. This is informational and not blocking current work. for our startup operations,Account,Low
TKT-01148,2024-09-25,"I cannot verify my email so onboarding is blocked. No rush, this is a general improvement request. for our IT service team",Account,Low
TKT-01149,2025-06-12,I need to update account ownership and billing contact. This is urgent and blocking production. for our finance team,Account,High
TKT-01150,2024-08-02,Notifications are not being delivered to our users. Please prioritize immediately because operations are down. for our finance team,Technical Issue,High
TKT-01151,2024-12-17,"User permissions are wrong for our team workspace. Low urgency, just looking for guidance. for our startup operations",Account,Low
TKT-01152,2024-04-27,I cannot verify my email so onboarding is blocked. Requesting timely support to avoid escalation. for our IT service team,Account,Medium
TKT-01153,2024-06-12,"I was charged twice for my monthly plan and need a refund. Low urgency, just looking for guidance. for our startup operations",Billing,Low
TKT-01154,2024-06-03,My account was suspended and I need reactivation support. Please review within the next business day. for our customer success unit,Account,Medium
TKT-01155,2024-10-03,Can you explain this unexpected charge on my account? Please review within the next business day. for our customer success unit,Billing,Medium
TKT-01156,2025-04-30,My discount code was not applied to the latest invoice. This is informational and not blocking current work. for our IT service team,Billing,Low
TKT-01157,2024-06-27,Invoice amount is incorrect for my last subscription renewal. Requesting timely support to avoid escalation. for our IT service team,Billing,Medium
TKT-01158,2024-08-29,Payment failed but my bank statement shows the amount deducted. Please review within the next business day. for our finance team,Billing,Medium
TKT-01159,2024-01-29,System reports an error when we try to export reports. Critical issue affecting multiple paying customers. for our IT service team,Technical Issue,High
TKT-01160,2024-04-29,API endpoint returns a 500 error for valid requests. This is impacting workflow and needs attention soon. for our IT service team,Technical Issue,Medium
TKT-01161,2024-01-22,I was charged twice for my monthly plan and need a refund. Please prioritize immediately because operations are down. for our startup operations,Billing,High
TKT-01162,2024-04-26,"My discount code was not applied to the latest invoice. Low urgency, just looking for guidance. for our enterprise workspace",Billing,Low
TKT-01163,2025-03-09,API endpoint returns a 500 error for valid requests. Need immediate action before end of business today. for our customer success unit,Technical Issue,High
TKT-01164,2025-04-14,Can you explain this unexpected charge on my account? Please prioritize immediately because operations are down. for our support desk,Billing,High
TKT-01165,2024-03-25,Is there a tutorial for using custom dashboards? We can continue working but this should be fixed quickly. for our startup operations,General Query,Medium
TKT-01166,2024-02-14,I need to update account ownership and billing contact. Can be handled when the team has capacity. for our finance team,Account,Low
TKT-01167,2024-07-02,I cannot connect to the service from our office network. Need immediate action before end of business today. for our IT service team,Technical Issue,High
TKT-01168,2024-06-14,Can someone share best practices for onboarding new users? This is impacting workflow and needs attention soon. for our startup operations,General Query,Medium
TKT-01169,2024-03-17,I was charged twice for my monthly plan and need a refund. We can continue working but this should be fixed quickly. for our support desk,Billing,Medium
TKT-01170,2025-04-17,My discount code was not applied to the latest invoice. This is urgent and blocking production. for our support desk,Billing,High
TKT-01171,2025-02-02,Do you support integration with third-party CRM tools? Need immediate action before end of business today. for our startup operations,General Query,High
TKT-01172,2024-09-01,How do I set up a recurring report for my team? Please review within the next business day. for our enterprise workspace,General Query,Medium
TKT-01173,2024-05-12,How do I set up a recurring report for my team? Can be handled when the team has capacity. for our support desk,General Query,Low
TKT-01174,2024-12-27,I need to update account ownership and billing contact. Can be handled when the team has capacity. for our startup operations,Account,Low
TKT-01175,2025-02-22,API endpoint returns a 500 error for valid requests. Critical issue affecting multiple paying customers. for our IT service team,Technical Issue,High
TKT-01176,2024-07-20,Can someone share best practices for onboarding new users? Can be handled when the team has capacity. for our IT service team,General Query,Low
TKT-01177,2024-08-19,My discount code was not applied to the latest invoice. This is impacting workflow and needs attention soon. for our customer success unit,Billing,Medium
TKT-01178,2024-05-12,Payment failed but my bank statement shows the amount deducted. Requesting timely support to avoid escalation. for our startup operations,Billing,Medium
TKT-01179,2024-04-14,Dashboard is extremely slow and times out on login. This is informational and not blocking current work. for our finance team,Technical Issue,Low
TKT-01180,2024-03-21,The app crashes whenever I upload a file larger than 10MB. We can continue working but this should be fixed quickly. for our startup operations,Technical Issue,Medium
TKT-01181,2024-11-26,System reports an error when we try to export reports. Please review within the next business day. for our IT service team,Technical Issue,Medium
TKT-01182,2024-05-20,My discount code was not applied to the latest invoice. Requesting timely support to avoid escalation. for our enterprise workspace,Billing,Medium
TKT-01183,2025-05-09,The app crashes whenever I upload a file larger than 10MB. Please prioritize immediately because operations are down. for our startup operations,Technical Issue,High
TKT-01184,2025-02-06,Notifications are not being delivered to our users. Need immediate action before end of business today. for our startup operations,Technical Issue,High
TKT-01185,2024-12-10,I need to update account ownership and billing contact. This is urgent and blocking production. for our enterprise workspace,Account,High
TKT-01186,2024-06-03,Payment failed but my bank statement shows the amount deducted. Need immediate action before end of business today. for our startup operations,Billing,High
TKT-01187,2024-11-29,Can you explain this unexpected charge on my account? Please prioritize immediately because operations are down. for our customer success unit,Billing,High
TKT-01188,2024-10-13,Is there a tutorial for using custom dashboards? This is impacting workflow and needs attention soon. for our enterprise workspace,General Query,Medium
TKT-01189,2024-10-21,System reports an error when we try to export reports. Need immediate action before end of business today. for our enterprise workspace,Technical Issue,High
TKT-01190,2025-05-18,"Dashboard is extremely slow and times out on login. No rush, this is a general improvement request. for our IT service team",Technical Issue,Low
TKT-01191,2024-09-30,Dashboard is extremely slow and times out on login. Requesting timely support to avoid escalation. for our support desk,Technical Issue,Medium
TKT-01192,2024-11-03,I cannot connect to the service from our office network. Critical issue affecting multiple paying customers. for our finance team,Technical Issue,High
TKT-01193,2024-08-02,I was charged twice for my monthly plan and need a refund. We can continue working but this should be fixed quickly. for our enterprise workspace,Billing,Medium
TKT-01194,2024-02-10,Billing portal shows overdue even though I paid yesterday. This is impacting workflow and needs attention soon. for our support desk,Billing,Medium
TKT-01195,2024-12-19,System reports an error when we try to export reports. Please prioritize immediately because operations are down. for our support desk,Technical Issue,High
TKT-01196,2024-11-12,"Notifications are not being delivered to our users. Low urgency, just looking for guidance. for our enterprise workspace",Technical Issue,Low
TKT-01197,2025-02-08,How do I set up a recurring report for my team? Can be handled when the team has capacity. for our support desk,General Query,Low
TKT-01198,2024-01-10,Payment failed but my bank statement shows the amount deducted. Please review within the next business day. for our support desk,Billing,Medium
TKT-01199,2024-04-07,Can you explain this unexpected charge on my account? Can be handled when the team has capacity. for our enterprise workspace,Billing,Low
TKT-01200,2025-02-13,My discount code was not applied to the latest invoice. Requesting timely support to avoid escalation. for our customer success unit,Billing,Medium
TKT-01201,2024-09-06,Dashboard is extremely slow and times out on login. This is urgent and blocking production. for our enterprise workspace,Technical Issue,High
TKT-01202,2024-11-17,I am locked out after enabling two factor authentication. Can be handled when the team has capacity. for our support desk,Account,Low
TKT-01203,2025-01-02,API endpoint returns a 500 error for valid requests. We can continue working but this should be fixed quickly. for our enterprise workspace,Technical Issue,Medium
TKT-01204,2024-01-09,I cannot connect to the service from our office network. Can be handled when the team has capacity. for our finance team,Technical Issue,Low
TKT-01205,2024-10-25,Billing portal shows overdue even though I paid yesterday. We can continue working but this should be fixed quickly. for our IT service team,Billing,Medium
TKT-01206,2025-01-15,I need to update account ownership and billing contact. We can continue working but this should be fixed quickly. for our startup operations,Account,Medium
TKT-01207,2024-08-11,Notifications are not being delivered to our users. This is urgent and blocking production. for our IT service team,Technical Issue,High
TKT-01208,2024-06-10,Please help me reset my password for the admin account. This is informational and not blocking current work. for our finance team,Account,Low
TKT-01209,2025-03-22,Please help me reset my password for the admin account. Can be handled when the team has capacity. for our support desk,Account,Low
TKT-01210,2024-03-25,My discount code was not applied to the latest invoice. This is urgent and blocking production. for our support desk,Billing,High
TKT-01211,2024-08-19,What is included in the business plan compared to basic? Can be handled when the team has capacity. for our support desk,General Query,Low
TKT-01212,2024-12-20,I cannot connect to the service from our office network. This is urgent and blocking production. for our finance team,Technical Issue,High
TKT-01213,2025-01-29,"I was charged twice for my monthly plan and need a refund. No rush, this is a general improvement request. for our startup operations",Billing,Low
TKT-01214,2025-05-27,I cannot verify my email so onboarding is blocked. This is urgent and blocking production. for our finance team,Account,High
TKT-01215,2024-05-30,I cannot connect to the service from our office network. This is impacting workflow and needs attention soon. for our customer success unit,Technical Issue,Medium
TKT-01216,2025-02-22,API endpoint returns a 500 error for valid requests. Please review within the next business day. for our IT service team,Technical Issue,Medium
TKT-01217,2024-05-08,User permissions are wrong for our team workspace. Please prioritize immediately because operations are down. for our startup operations,Account,High
TKT-01218,2024-05-12,Dashboard is extremely slow and times out on login. Please review within the next business day. for our customer success unit,Technical Issue,Medium
TKT-01219,2024-10-26,My account was suspended and I need reactivation support. We can continue working but this should be fixed quickly. for our enterprise workspace,Account,Medium
TKT-01220,2024-07-15,Invoice amount is incorrect for my last subscription renewal. Please review within the next business day. for our IT service team,Billing,Medium
TKT-01221,2024-07-02,My discount code was not applied to the latest invoice. We can continue working but this should be fixed quickly. for our startup operations,Billing,Medium
TKT-01222,2025-01-10,"Can someone share best practices for onboarding new users? No rush, this is a general improvement request. for our finance team",General Query,Low
TKT-01223,2024-05-31,"API endpoint returns a 500 error for valid requests. No rush, this is a general improvement request. for our IT service team",Technical Issue,Low
TKT-01224,2024-09-16,System reports an error when we try to export reports. Critical issue affecting multiple paying customers. for our enterprise workspace,Technical Issue,High
TKT-01225,2025-03-03,Can you explain this unexpected charge on my account? Requesting timely support to avoid escalation. for our support desk,Billing,Medium
TKT-01226,2025-04-19,Notifications are not being delivered to our users. This is urgent and blocking production. for our IT service team,Technical Issue,High
TKT-01227,2024-03-06,I need to update account ownership and billing contact. Requesting timely support to avoid escalation. for our customer success unit,Account,Medium
TKT-01228,2024-09-08,My account was suspended and I need reactivation support. This is urgent and blocking production. for our enterprise workspace,Account,High
TKT-01229,2025-03-16,Notifications are not being delivered to our users. Can be handled when the team has capacity. for our finance team,Technical Issue,Low
TKT-01230,2024-08-08,User permissions are wrong for our team workspace. Requesting timely support to avoid escalation. for our finance team,Account,Medium
TKT-01231,2025-04-20,System reports an error when we try to export reports. Please prioritize immediately because operations are down. for our customer success unit,Technical Issue,High
TKT-01232,2024-09-18,Notifications are not being delivered to our users. This is urgent and blocking production. for our customer success unit,Technical Issue,High
TKT-01233,2024-12-06,User permissions are wrong for our team workspace. Requesting timely support to avoid escalation. for our IT service team,Account,Medium
TKT-01234,2024-03-24,I need to update account ownership and billing contact. We can continue working but this should be fixed quickly. for our customer success unit,Account,Medium
TKT-01235,2024-04-11,Notifications are not being delivered to our users. We can continue working but this should be fixed quickly. for our customer success unit,Technical Issue,Medium
TKT-01236,2025-06-15,Where can I find documentation for the analytics module? Critical issue affecting multiple paying customers. for our customer success unit,General Query,High
TKT-01237,2025-02-26,The app crashes whenever I upload a file larger than 10MB. We can continue working but this should be fixed quickly. for our startup operations,Technical Issue,Medium
TKT-01238,2025-02-04,User permissions are wrong for our team workspace. This is impacting workflow and needs attention soon. for our enterprise workspace,Account,Medium
TKT-01239,2024-05-07,"Can you explain this unexpected charge on my account? No rush, this is a general improvement request. for our IT service team",Billing,Low
TKT-01240,2025-01-20,How do I set up a recurring report for my team? Please review within the next business day. for our support desk,General Query,Medium
TKT-01241,2024-05-11,I was charged twice for my monthly plan and need a refund. Please prioritize immediately because operations are down. for our customer success unit,Billing,High
TKT-01242,2024-06-20,I was charged twice for my monthly plan and need a refund. Please prioritize immediately because operations are down. for our finance team,Billing,High
TKT-01243,2024-02-08,Can you explain this unexpected charge on my account? We can continue working but this should be fixed quickly. for our support desk,Billing,Medium
TKT-01244,2024-08-10,Notifications are not being delivered to our users. We can continue working but this should be fixed quickly. for our startup operations,Technical Issue,Medium
TKT-01245,2025-05-08,System reports an error when we try to export reports. Need immediate action before end of business today. for our enterprise workspace,Technical Issue,High
TKT-01246,2024-03-27,What is included in the business plan compared to basic? Please review within the next business day. for our support desk,General Query,Medium
TKT-01247,2024-04-12,I cannot connect to the service from our office network. Critical issue affecting multiple paying customers. for our customer success unit,Technical Issue,High
TKT-01248,2025-04-06,Do you support integration with third-party CRM tools? This is impacting workflow and needs attention soon. for our startup operations,General Query,Medium
TKT-01249,2024-04-30,User permissions are wrong for our team workspace. We can continue working but this should be fixed quickly. for our enterprise workspace,Account,Medium
TKT-01250,2024-11-28,Billing portal shows overdue even though I paid yesterday. Please review within the next business day. for our customer success unit,Billing,Medium
TKT-01251,2024-03-30,Invoice amount is incorrect for my last subscription renewal. Requesting timely support to avoid escalation. for our customer success unit,Billing,Medium
TKT-01252,2024-12-17,Can you explain this unexpected charge on my account? Requesting timely support to avoid escalation. for our support desk,Billing,Medium
TKT-01253,2024-10-14,Please help me reset my password for the admin account. This is impacting workflow and needs attention soon. for our customer success unit,Account,Medium
TKT-01254,2024-06-06,My discount code was not applied to the latest invoice. This is impacting workflow and needs attention soon. for our finance team,Billing,Medium
TKT-01255,2024-08-24,Dashboard is extremely slow and times out on login. Critical issue affecting multiple paying customers. for our IT service team,Technical Issue,High
TKT-01256,2024-12-05,"What is included in the business plan compared to basic? Low urgency, just looking for guidance. for our startup operations",General Query,Low
TKT-01257,2024-06-22,My account was suspended and I need reactivation support. Please review within the next business day. for our startup operations,Account,Medium
TKT-01258,2025-04-04,The app crashes whenever I upload a file larger than 10MB. This is urgent and blocking production. for our IT service team,Technical Issue,High
TKT-01259,2024-04-17,Invoice amount is incorrect for my last subscription renewal. We can continue working but this should be fixed quickly. for our enterprise workspace,Billing,Medium
TKT-01260,2025-02-16,What is included in the business plan compared to basic? Requesting timely support to avoid escalation. for our IT service team,General Query,Medium
TKT-01261,2024-08-02,Invoice amount is incorrect for my last subscription renewal. Please prioritize immediately because operations are down. for our customer success unit,Billing,High
TKT-01262,2025-03-24,"Can you explain this unexpected charge on my account? No rush, this is a general improvement request. for our support desk",Billing,Low
TKT-01263,2024-08-15,"My discount code was not applied to the latest invoice. No rush, this is a general improvement request. for our IT service team",Billing,Low
TKT-01264,2024-05-28,I cannot connect to the service from our office network. Need immediate action before end of business today. for our customer success unit,Technical Issue,High
TKT-01265,2024-01-30,Notifications are not being delivered to our users. We can continue working but this should be fixed quickly. for our customer success unit,Technical Issue,Medium
TKT-01266,2024-03-19,Billing portal shows overdue even though I paid yesterday. Please prioritize immediately because operations are down. for our startup operations,Billing,High
TKT-01267,2024-07-12,Is there a tutorial for using custom dashboards? This is informational and not blocking current work. for our finance team,General Query,Low
TKT-01268,2024-07-04,Payment failed but my bank statement shows the amount deducted. Please review within the next business day. for our startup operations,Billing,Medium
TKT-01269,2024-04-30,I cannot connect to the service from our office network. Requesting timely support to avoid escalation. for our customer success unit,Technical Issue,Medium
TKT-01270,2025-01-22,The app crashes whenever I upload a file larger than 10MB. Please prioritize immediately because operations are down. for our IT service team,Technical Issue,High
TKT-01271,2024-01-28,Payment failed but my bank statement shows the amount deducted. Please review within the next business day. for our startup operations,Billing,Medium
TKT-01272,2024-08-12,"What is included in the business plan compared to basic? Low urgency, just looking for guidance. for our IT service team",General Query,Low
TKT-01273,2025-02-13,Can someone share best practices for onboarding new users? Please review within the next business day. for our finance team,General Query,Medium
TKT-01274,2024-10-27,The app crashes whenever I upload a file larger than 10MB. Need immediate action before end of business today. for our finance team,Technical Issue,High
TKT-01275,2025-04-10,User permissions are wrong for our team workspace. Requesting timely support to avoid escalation. for our IT service team,Account,Medium
TKT-01276,2024-11-27,System reports an error when we try to export reports. This is urgent and blocking production. for our IT service team,Technical Issue,High
TKT-01277,2024-06-04,I cannot verify my email so onboarding is blocked. This is impacting workflow and needs attention soon. for our support desk,Account,Medium
TKT-01278,2024-11-26,Dashboard is extremely slow and times out on login. This is impacting workflow and needs attention soon. for our startup operations,Technical Issue,Medium
TKT-01279,2025-05-15,"I am locked out after enabling two factor authentication. No rush, this is a general improvement request. for our finance team",Account,Low
TKT-01280,2024-09-30,Notifications are not being delivered to our users. This is impacting workflow and needs attention soon. for our startup operations,Technical Issue,Medium
TKT-01281,2024-10-26,I am locked out after enabling two factor authentication. Please review within the next business day. for our enterprise workspace,Account,Medium
TKT-01282,2024-04-25,I cannot connect to the service from our office network. Please prioritize immediately because operations are down. for our finance team,Technical Issue,High
TKT-01283,2024-04-04,Where can I find documentation for the analytics module? Can be handled when the team has capacity. for our IT service team,General Query,Low
TKT-01284,2024-09-27,Payment failed but my bank statement shows the amount deducted. Requesting timely support to avoid escalation. for our IT service team,Billing,Medium
TKT-01285,2025-03-31,Billing portal shows overdue even though I paid yesterday. This is urgent and blocking production. for our startup operations,Billing,High
TKT-01286,2025-05-16,User permissions are wrong for our team workspace. Please review within the next business day. for our support desk,Account,Medium
TKT-01287,2024-09-18,The app crashes whenever I upload a file larger than 10MB. Requesting timely support to avoid escalation. for our support desk,Technical Issue,Medium
TKT-01288,2024-02-17,How do I set up a recurring report for my team? We can continue working but this should be fixed quickly. for our finance team,General Query,Medium
TKT-01289,2024-01-03,The app crashes whenever I upload a file larger than 10MB. This is urgent and blocking production. for our startup operations,Technical Issue,High
TKT-01290,2024-06-11,API endpoint returns a 500 error for valid requests. Please review within the next business day. for our finance team,Technical Issue,Medium
TKT-01291,2024-08-12,"What is included in the business plan compared to basic? No rush, this is a general improvement request. for our IT service team",General Query,Low
TKT-01292,2025-02-06,User permissions are wrong for our team workspace. Can be handled when the team has capacity. for our enterprise workspace,Account,Low
TKT-01293,2024-12-03,Can you explain this unexpected charge on my account? We can continue working but this should be fixed quickly. for our IT service team,Billing,Medium
TKT-01294,2024-01-27,My account was suspended and I need reactivation support. This is urgent and blocking production. for our IT service team,Account,High
TKT-01295,2024-10-12,I was charged twice for my monthly plan and need a refund. Critical issue affecting multiple paying customers. for our IT service team,Billing,High
TKT-01296,2024-12-29,User permissions are wrong for our team workspace. This is impacting workflow and needs attention soon. for our enterprise workspace,Account,Medium
TKT-01297,2024-10-13,"Invoice amount is incorrect for my last subscription renewal. No rush, this is a general improvement request. for our support desk",Billing,Low
TKT-01298,2025-01-03,Can someone share best practices for onboarding new users? This is informational and not blocking current work. for our enterprise workspace,General Query,Low
TKT-01299,2025-06-10,I was charged twice for my monthly plan and need a refund. Requesting timely support to avoid escalation. for our finance team,Billing,Medium
TKT-01300,2024-10-20,System reports an error when we try to export reports. Need immediate action before end of business today. for our enterprise workspace,Technical Issue,High
TKT-01301,2024-09-04,Billing portal shows overdue even though I paid yesterday. This is urgent and blocking production. for our enterprise workspace,Billing,High
TKT-01302,2025-05-17,Billing portal shows overdue even though I paid yesterday. This is urgent and blocking production. for our startup operations,Billing,High
TKT-01303,2024-05-12,Billing portal shows overdue even though I paid yesterday. Please prioritize immediately because operations are down. for our IT service team,Billing,High
TKT-01304,2024-08-30,Where can I find documentation for the analytics module? Can be handled when the team has capacity. for our customer success unit,General Query,Low
TKT-01305,2024-03-07,Dashboard is extremely slow and times out on login. Please prioritize immediately because operations are down. for our finance team,Technical Issue,High
TKT-01306,2024-02-25,Billing portal shows overdue even though I paid yesterday. This is impacting workflow and needs attention soon. for our startup operations,Billing,Medium
TKT-01307,2024-01-03,Notifications are not being delivered to our users. This is urgent and blocking production. for our finance team,Technical Issue,High
TKT-01308,2025-05-09,Billing portal shows overdue even though I paid yesterday. Need immediate action before end of business today. for our finance team,Billing,High
TKT-01309,2024-12-04,System reports an error when we try to export reports. Critical issue affecting multiple paying customers. for our customer success unit,Technical Issue,High
TKT-01310,2024-11-01,My discount code was not applied to the latest invoice. Please prioritize immediately because operations are down. for our customer success unit,Billing,High
TKT-01311,2024-05-21,I was charged twice for my monthly plan and need a refund. Please review within the next business day. for our IT service team,Billing,Medium
TKT-01312,2024-04-18,The app crashes whenever I upload a file larger than 10MB. We can continue working but this should be fixed quickly. for our startup operations,Technical Issue,Medium
TKT-01313,2024-02-03,I was charged twice for my monthly plan and need a refund. Can be handled when the team has capacity. for our customer success unit,Billing,Low
TKT-01314,2025-04-17,"Payment failed but my bank statement shows the amount deducted. Low urgency, just looking for guidance. for our customer success unit",Billing,Low
TKT-01315,2024-04-14,System reports an error when we try to export reports. Please prioritize immediately because operations are down. for our customer success unit,Technical Issue,High
TKT-01316,2025-04-23,I need to update account ownership and billing contact. This is impacting workflow and needs attention soon. for our IT service team,Account,Medium
TKT-01317,2025-04-14,System reports an error when we try to export reports. Please prioritize immediately because operations are down. for our IT service team,Technical Issue,High
TKT-01318,2025-04-17,"Do you support integration with third-party CRM tools? Low urgency, just looking for guidance. for our customer success unit",General Query,Low
TKT-01319,2025-02-12,I need to update account ownership and billing contact. Can be handled when the team has capacity. for our IT service team,Account,Low
TKT-01320,2025-01-29,System reports an error when we try to export reports. This is impacting workflow and needs attention soon. for our customer success unit,Technical Issue,Medium
TKT-01321,2024-07-23,Is there a tutorial for using custom dashboards? Requesting timely support to avoid escalation. for our enterprise workspace,General Query,Medium
TKT-01322,2024-10-26,Invoice amount is incorrect for my last subscription renewal. Need immediate action before end of business today. for our customer success unit,Billing,High
TKT-01323,2024-08-30,System reports an error when we try to export reports. Please review within the next business day. for our customer success unit,Technical Issue,Medium
TKT-01324,2024-11-11,"Is there a tutorial for using custom dashboards? Low urgency, just looking for guidance. for our IT service team",General Query,Low
TKT-01325,2024-02-19,Where can I find documentation for the analytics module? Please review within the next business day. for our IT service team,General Query,Medium
TKT-01326,2024-06-30,System reports an error when we try to export reports. We can continue working but this should be fixed quickly. for our customer success unit,Technical Issue,Medium
TKT-01327,2024-06-08,I was charged twice for my monthly plan and need a refund. Requesting timely support to avoid escalation. for our customer success unit,Billing,Medium
TKT-01328,2024-05-15,Payment failed but my bank statement shows the amount deducted. Please review within the next business day. for our IT service team,Billing,Medium
TKT-01329,2024-08-01,System reports an error when we try to export reports. Please review within the next business day. for our finance team,Technical Issue,Medium
TKT-01330,2024-06-26,I was charged twice for my monthly plan and need a refund. Can be handled when the team has capacity. for our support desk,Billing,Low
TKT-01331,2024-01-23,Billing portal shows overdue even though I paid yesterday. Requesting timely support to avoid escalation. for our startup operations,Billing,Medium
TKT-01332,2025-05-12,Billing portal shows overdue even though I paid yesterday. Critical issue affecting multiple paying customers. for our enterprise workspace,Billing,High
TKT-01333,2025-02-04,I cannot connect to the service from our office network. Need immediate action before end of business today. for our enterprise workspace,Technical Issue,High
TKT-01334,2025-02-22,Payment failed but my bank statement shows the amount deducted. Please prioritize immediately because operations are down. for our enterprise workspace,Billing,High
TKT-01335,2024-05-29,Please help me reset my password for the admin account. Requesting timely support to avoid escalation. for our enterprise workspace,Account,Medium
TKT-01336,2024-11-10,I cannot connect to the service from our office network. Need immediate action before end of business today. for our support desk,Technical Issue,High
TKT-01337,2025-02-08,System reports an error when we try to export reports. Critical issue affecting multiple paying customers. for our support desk,Technical Issue,High
TKT-01338,2025-02-10,I need to update account ownership and billing contact. Need immediate action before end of business today. for our startup operations,Account,High
TKT-01339,2025-05-16,My account was suspended and I need reactivation support. Requesting timely support to avoid escalation. for our enterprise workspace,Account,Medium
TKT-01340,2025-03-18,I cannot connect to the service from our office network. Please prioritize immediately because operations are down. for our enterprise workspace,Technical Issue,High
TKT-01341,2025-05-01,I cannot verify my email so onboarding is blocked. This is urgent and blocking production. for our support desk,Account,High
TKT-01342,2025-02-27,Where can I find documentation for the analytics module? Can be handled when the team has capacity. for our startup operations,General Query,Low
TKT-01343,2025-06-22,User permissions are wrong for our team workspace. This is impacting workflow and needs attention soon. for our startup operations,Account,Medium
TKT-01344,2025-01-03,I was charged twice for my monthly plan and need a refund. We can continue working but this should be fixed quickly. for our customer success unit,Billing,Medium
TKT-01345,2025-03-23,I was charged twice for my monthly plan and need a refund. This is impacting workflow and needs attention soon. for our customer success unit,Billing,Medium
TKT-01346,2024-04-12,Billing portal shows overdue even though I paid yesterday. Requesting timely support to avoid escalation. for our IT service team,Billing,Medium
TKT-01347,2024-04-13,"Can you explain this unexpected charge on my account? No rush, this is a general improvement request. for our enterprise workspace",Billing,Low
TKT-01348,2024-07-28,API endpoint returns a 500 error for valid requests. This is informational and not blocking current work. for our startup operations,Technical Issue,Low
TKT-01349,2024-08-10,How do I set up a recurring report for my team? Can be handled when the team has capacity. for our customer success unit,General Query,Low
TKT-01350,2024-01-23,Dashboard is extremely slow and times out on login. Critical issue affecting multiple paying customers. for our finance team,Technical Issue,High
TKT-01351,2024-03-20,User permissions are wrong for our team workspace. Please prioritize immediately because operations are down. for our support desk,Account,High
TKT-01352,2024-03-29,I cannot connect to the service from our office network. Please review within the next business day. for our finance team,Technical Issue,Medium
TKT-01353,2025-02-22,Billing portal shows overdue even though I paid yesterday. Can be handled when the team has capacity. for our finance team,Billing,Low
TKT-01354,2024-09-10,System reports an error when we try to export reports. Critical issue affecting multiple paying customers. for our enterprise workspace,Technical Issue,High
TKT-01355,2024-07-09,"Payment failed but my bank statement shows the amount deducted. No rush, this is a general improvement request. for our finance team",Billing,Low
TKT-01356,2024-01-04,System reports an error when we try to export reports. Need immediate action before end of business today. for our finance team,Technical Issue,High
TKT-01357,2025-03-17,"Is there a tutorial for using custom dashboards? Low urgency, just looking for guidance. for our enterprise workspace",General Query,Low
TKT-01358,2024-08-27,How do I set up a recurring report for my team? Can be handled when the team has capacity. for our finance team,General Query,Low
TKT-01359,2024-02-19,I need to update account ownership and billing contact. We can continue working but this should be fixed quickly. for our enterprise workspace,Account,Medium
TKT-01360,2024-03-24,I am locked out after enabling two factor authentication. Need immediate action before end of business today. for our support desk,Account,High
TKT-01361,2025-02-02,"I was charged twice for my monthly plan and need a refund. Low urgency, just looking for guidance. for our finance team",Billing,Low
TKT-01362,2024-07-09,Where can I find documentation for the analytics module? Requesting timely support to avoid escalation. for our startup operations,General Query,Medium
TKT-01363,2024-11-06,The app crashes whenever I upload a file larger than 10MB. This is urgent and blocking production. for our finance team,Technical Issue,High
TKT-01364,2024-10-13,I cannot verify my email so onboarding is blocked. Need immediate action before end of business today. for our customer success unit,Account,High
TKT-01365,2024-02-04,Payment failed but my bank statement shows the amount deducted. This is impacting workflow and needs attention soon. for our finance team,Billing,Medium
TKT-01366,2025-02-03,I am locked out after enabling two factor authentication. This is urgent and blocking production. for our support desk,Account,High
TKT-01367,2024-03-17,"I was charged twice for my monthly plan and need a refund. Low urgency, just looking for guidance. for our startup operations",Billing,Low
TKT-01368,2024-02-03,Dashboard is extremely slow and times out on login. Critical issue affecting multiple paying customers. for our customer success unit,Technical Issue,High
TKT-01369,2024-03-10,Is there a tutorial for using custom dashboards? We can continue working but this should be fixed quickly. for our finance team,General Query,Medium
TKT-01370,2025-06-23,Can you explain this unexpected charge on my account? We can continue working but this should be fixed quickly. for our customer success unit,Billing,Medium
TKT-01371,2024-07-16,Payment failed but my bank statement shows the amount deducted. Please prioritize immediately because operations are down. for our IT service team,Billing,High
TKT-01372,2024-03-18,"Can someone share best practices for onboarding new users? Low urgency, just looking for guidance. for our support desk",General Query,Low
TKT-01373,2024-12-24,I cannot connect to the service from our office network. Please review within the next business day. for our IT service team,Technical Issue,Medium
TKT-01374,2024-05-15,Payment failed but my bank statement shows the amount deducted. Requesting timely support to avoid escalation. for our startup operations,Billing,Medium
TKT-01375,2024-05-17,Where can I find documentation for the analytics module? This is impacting workflow and needs attention soon. for our customer success unit,General Query,Medium
TKT-01376,2024-12-04,Can you explain this unexpected charge on my account? This is impacting workflow and needs attention soon. for our startup operations,Billing,Medium
TKT-01377,2024-08-04,How do I set up a recurring report for my team? This is impacting workflow and needs attention soon. for our startup operations,General Query,Medium
TKT-01378,2024-10-17,I need to update account ownership and billing contact. This is impacting workflow and needs attention soon. for our customer success unit,Account,Medium
TKT-01379,2025-06-13,Dashboard is extremely slow and times out on login. This is urgent and blocking production. for our enterprise workspace,Technical Issue,High
TKT-01380,2024-11-03,Payment failed but my bank statement shows the amount deducted. This is urgent and blocking production. for our customer success unit,Billing,High
TKT-01381,2024-12-29,API endpoint returns a 500 error for valid requests. Please prioritize immediately because operations are down. for our startup operations,Technical Issue,High
TKT-01382,2024-04-17,Notifications are not being delivered to our users. Can be handled when the team has capacity. for our finance team,Technical Issue,Low
TKT-01383,2025-03-30,Can someone share best practices for onboarding new users? Can be handled when the team has capacity. for our startup operations,General Query,Low
TKT-01384,2025-02-10,Dashboard is extremely slow and times out on login. Need immediate action before end of business today. for our startup operations,Technical Issue,High
TKT-01385,2024-01-01,Dashboard is extremely slow and times out on login. Please review within the next business day. for our support desk,Technical Issue,Medium
TKT-01386,2024-11-19,How do I set up a recurring report for my team? This is informational and not blocking current work. for our startup operations,General Query,Low
TKT-01387,2024-12-01,The app crashes whenever I upload a file larger than 10MB. Need immediate action before end of business today. for our support desk,Technical Issue,High
TKT-01388,2024-02-04,I cannot verify my email so onboarding is blocked. Please review within the next business day. for our IT service team,Account,Medium
TKT-01389,2025-04-19,API endpoint returns a 500 error for valid requests. Critical issue affecting multiple paying customers. for our enterprise workspace,Technical Issue,High
TKT-01390,2024-03-21,Dashboard is extremely slow and times out on login. Critical issue affecting multiple paying customers. for our enterprise workspace,Technical Issue,High
TKT-01391,2024-04-04,What is included in the business plan compared to basic? This is impacting workflow and needs attention soon. for our enterprise workspace,General Query,Medium
TKT-01392,2024-03-25,What is included in the business plan compared to basic? We can continue working but this should be fixed quickly. for our IT service team,General Query,Medium
TKT-01393,2024-01-11,"I was charged twice for my monthly plan and need a refund. No rush, this is a general improvement request. for our support desk",Billing,Low
TKT-01394,2024-03-10,Notifications are not being delivered to our users. Please review within the next business day. for our finance team,Technical Issue,Medium
TKT-01395,2025-02-10,"Where can I find documentation for the analytics module? Low urgency, just looking for guidance. for our support desk",General Query,Low
TKT-01396,2025-01-22,User permissions are wrong for our team workspace. Please review within the next business day. for our IT service team,Account,Medium
TKT-01397,2024-06-08,Please help me reset my password for the admin account. This is informational and not blocking current work. for our finance team,Account,Low
TKT-01398,2025-03-03,Dashboard is extremely slow and times out on login. Please review within the next business day. for our customer success unit,Technical Issue,Medium
TKT-01399,2024-12-08,Notifications are not being delivered to our users. Critical issue affecting multiple paying customers. for our enterprise workspace,Technical Issue,High
TKT-01400,2024-09-13,Where can I find documentation for the analytics module? This is informational and not blocking current work. for our customer success unit,General Query,Low
TKT-01401,2025-05-06,API endpoint returns a 500 error for valid requests. Need immediate action before end of business today. for our startup operations,Technical Issue,High
TKT-01402,2024-11-18,The app crashes whenever I upload a file larger than 10MB. This is impacting workflow and needs attention soon. for our startup operations,Technical Issue,Medium
TKT-01403,2025-01-18,I cannot connect to the service from our office network. This is impacting workflow and needs attention soon. for our startup operations,Technical Issue,Medium
TKT-01404,2024-05-02,Dashboard is extremely slow and times out on login. We can continue working but this should be fixed quickly. for our IT service team,Technical Issue,Medium
TKT-01405,2024-02-07,Notifications are not being delivered to our users. We can continue working but this should be fixed quickly. for our IT service team,Technical Issue,Medium
TKT-01406,2024-11-27,I cannot connect to the service from our office network. Critical issue affecting multiple paying customers. for our finance team,Technical Issue,High
TKT-01407,2025-02-19,Payment failed but my bank statement shows the amount deducted. We can continue working but this should be fixed quickly. for our customer success unit,Billing,Medium
TKT-01408,2024-04-07,Invoice amount is incorrect for my last subscription renewal. Please review within the next business day. for our support desk,Billing,Medium
TKT-01409,2024-12-27,Notifications are not being delivered to our users. This is urgent and blocking production. for our startup operations,Technical Issue,High
TKT-01410,2024-10-30,Payment failed but my bank statement shows the amount deducted. This is impacting workflow and needs attention soon. for our enterprise workspace,Billing,Medium
TKT-01411,2024-07-21,I cannot connect to the service from our office network. Requesting timely support to avoid escalation. for our finance team,Technical Issue,Medium
TKT-01412,2024-02-13,My account was suspended and I need reactivation support. Critical issue affecting multiple paying customers. for our support desk,Account,High
TKT-01413,2024-08-28,Notifications are not being delivered to our users. Need immediate action before end of business today. for our finance team,Technical Issue,High
TKT-01414,2024-04-19,Dashboard is extremely slow and times out on login. Please prioritize immediately because operations are down. for our IT service team,Technical Issue,High
TKT-01415,2025-02-07,"How do I set up a recurring report for my team? No rush, this is a general improvement request. for our support desk",General Query,Low
TKT-01416,2024-03-11,API endpoint returns a 500 error for valid requests. Critical issue affecting multiple paying customers. for our finance team,Technical Issue,High
TKT-01417,2025-04-26,Billing portal shows overdue even though I paid yesterday. Please review within the next business day. for our customer success unit,Billing,Medium
TKT-01418,2025-04-14,I cannot verify my email so onboarding is blocked. This is informational and not blocking current work. for our customer success unit,Account,Low
TKT-01419,2025-05-03,API endpoint returns a 500 error for valid requests. We can continue working but this should be fixed quickly. for our customer success unit,Technical Issue,Medium
TKT-01420,2024-07-18,Invoice amount is incorrect for my last subscription renewal. Requesting timely support to avoid escalation. for our startup operations,Billing,Medium
TKT-01421,2024-11-11,Is there a tutorial for using custom dashboards? This is impacting workflow and needs attention soon. for our support desk,General Query,Medium
TKT-01422,2024-04-15,System reports an error when we try to export reports. This is urgent and blocking production. for our customer success unit,Technical Issue,High
TKT-01423,2024-02-27,Please help me reset my password for the admin account. This is informational and not blocking current work. for our finance team,Account,Low
TKT-01424,2024-06-06,The app crashes whenever I upload a file larger than 10MB. We can continue working but this should be fixed quickly. for our finance team,Technical Issue,Medium
TKT-01425,2024-01-30,"My discount code was not applied to the latest invoice. Low urgency, just looking for guidance. for our customer success unit",Billing,Low
TKT-01426,2025-02-13,I cannot verify my email so onboarding is blocked. This is urgent and blocking production. for our IT service team,Account,High
TKT-01427,2025-03-29,System reports an error when we try to export reports. Need immediate action before end of business today. for our startup operations,Technical Issue,High
TKT-01428,2024-10-24,Can you explain this unexpected charge on my account? Requesting timely support to avoid escalation. for our IT service team,Billing,Medium
TKT-01429,2024-04-17,"What is included in the business plan compared to basic? No rush, this is a general improvement request. for our startup operations",General Query,Low
TKT-01430,2024-02-24,"I am locked out after enabling two factor authentication. No rush, this is a general improvement request. for our IT service team",Account,Low
TKT-01431,2025-04-24,Please help me reset my password for the admin account. This is urgent and blocking production. for our support desk,Account,High
TKT-01432,2024-06-23,My account was suspended and I need reactivation support. This is informational and not blocking current work. for our IT service team,Account,Low
TKT-01433,2025-04-23,How do I set up a recurring report for my team? Please review within the next business day. for our customer success unit,General Query,Medium
TKT-01434,2025-05-29,"My account was suspended and I need reactivation support. No rush, this is a general improvement request. for our startup operations",Account,Low
TKT-01435,2024-07-24,The app crashes whenever I upload a file larger than 10MB. Requesting timely support to avoid escalation. for our enterprise workspace,Technical Issue,Medium
TKT-01436,2025-04-29,I cannot verify my email so onboarding is blocked. Requesting timely support to avoid escalation. for our enterprise workspace,Account,Medium
TKT-01437,2025-05-30,I am locked out after enabling two factor authentication. This is urgent and blocking production. for our IT service team,Account,High
TKT-01438,2024-07-25,"Where can I find documentation for the analytics module? No rush, this is a general improvement request. for our support desk",General Query,Low
TKT-01439,2024-11-25,"Please help me reset my password for the admin account. No rush, this is a general improvement request. for our enterprise workspace",Account,Low
TKT-01440,2024-01-29,Payment failed but my bank statement shows the amount deducted. This is impacting workflow and needs attention soon. for our finance team,Billing,Medium
TKT-01441,2025-05-18,Payment failed but my bank statement shows the amount deducted. This is informational and not blocking current work. for our startup operations,Billing,Low
TKT-01442,2024-11-28,Notifications are not being delivered to our users. Please prioritize immediately because operations are down. for our IT service team,Technical Issue,High
TKT-01443,2025-04-17,System reports an error when we try to export reports. Requesting timely support to avoid escalation. for our finance team,Technical Issue,Medium
TKT-01444,2024-01-21,Invoice amount is incorrect for my last subscription renewal. This is impacting workflow and needs attention soon. for our startup operations,Billing,Medium
TKT-01445,2024-02-17,I need to update account ownership and billing contact. We can continue working but this should be fixed quickly. for our IT service team,Account,Medium
TKT-01446,2025-04-12,Where can I find documentation for the analytics module? Can be handled when the team has capacity. for our finance team,General Query,Low
TKT-01447,2025-03-15,My discount code was not applied to the latest invoice. Requesting timely support to avoid escalation. for our IT service team,Billing,Medium
TKT-01448,2025-01-07,My account was suspended and I need reactivation support. Requesting timely support to avoid escalation. for our finance team,Account,Medium
TKT-01449,2024-12-03,Billing portal shows overdue even though I paid yesterday. Need immediate action before end of business today. for our finance team,Billing,High
TKT-01450,2024-08-01,I cannot connect to the service from our office network. This is informational and not blocking current work. for our customer success unit,Technical Issue,Low
TKT-01451,2024-10-31,System reports an error when we try to export reports. Requesting timely support to avoid escalation. for our support desk,Technical Issue,Medium
TKT-01452,2025-03-24,Notifications are not being delivered to our users. We can continue working but this should be fixed quickly. for our support desk,Technical Issue,Medium
TKT-01453,2024-02-10,My discount code was not applied to the latest invoice. This is informational and not blocking current work. for our support desk,Billing,Low
TKT-01454,2025-03-04,I need to update account ownership and billing contact. This is informational and not blocking current work. for our customer success unit,Account,Low
TKT-01455,2024-08-09,Dashboard is extremely slow and times out on login. Please prioritize immediately because operations are down. for our enterprise workspace,Technical Issue,High
TKT-01456,2024-04-03,I need to update account ownership and billing contact. This is informational and not blocking current work. for our finance team,Account,Low
TKT-01457,2024-05-14,Dashboard is extremely slow and times out on login. Critical issue affecting multiple paying customers. for our support desk,Technical Issue,High
TKT-01458,2024-06-10,Dashboard is extremely slow and times out on login. We can continue working but this should be fixed quickly. for our IT service team,Technical Issue,Medium
TKT-01459,2024-02-22,I cannot connect to the service from our office network. We can continue working but this should be fixed quickly. for our enterprise workspace,Technical Issue,Medium
TKT-01460,2024-04-17,Is there a tutorial for using custom dashboards? Can be handled when the team has capacity. for our finance team,General Query,Low
TKT-01461,2024-11-02,I cannot connect to the service from our office network. Please prioritize immediately because operations are down. for our customer success unit,Technical Issue,High
TKT-01462,2024-04-28,System reports an error when we try to export reports. Requesting timely support to avoid escalation. for our IT service team,Technical Issue,Medium
TKT-01463,2025-04-11,"My discount code was not applied to the latest invoice. Low urgency, just looking for guidance. for our IT service team",Billing,Low
TKT-01464,2025-03-19,Payment failed but my bank statement shows the amount deducted. This is impacting workflow and needs attention soon. for our customer success unit,Billing,Medium
TKT-01465,2024-05-16,Dashboard is extremely slow and times out on login. We can continue working but this should be fixed quickly. for our IT service team,Technical Issue,Medium
TKT-01466,2025-01-31,API endpoint returns a 500 error for valid requests. Critical issue affecting multiple paying customers. for our support desk,Technical Issue,High
TKT-01467,2025-01-21,I need to update account ownership and billing contact. Requesting timely support to avoid escalation. for our startup operations,Account,Medium
TKT-01468,2024-06-05,Can you explain this unexpected charge on my account? Critical issue affecting multiple paying customers. for our customer success unit,Billing,High
TKT-01469,2024-09-15,I was charged twice for my monthly plan and need a refund. This is urgent and blocking production. for our finance team,Billing,High
TKT-01470,2024-05-31,The app crashes whenever I upload a file larger than 10MB. Critical issue affecting multiple paying customers. for our IT service team,Technical Issue,High
TKT-01471,2025-06-02,Dashboard is extremely slow and times out on login. Need immediate action before end of business today. for our support desk,Technical Issue,High
TKT-01472,2024-03-26,Dashboard is extremely slow and times out on login. Please prioritize immediately because operations are down. for our startup operations,Technical Issue,High
TKT-01473,2024-11-13,How do I set up a recurring report for my team? Need immediate action before end of business today. for our IT service team,General Query,High
TKT-01474,2025-02-23,I cannot connect to the service from our office network. This is impacting workflow and needs attention soon. for our support desk,Technical Issue,Medium
TKT-01475,2024-02-03,Payment failed but my bank statement shows the amount deducted. This is informational and not blocking current work. for our IT service team,Billing,Low
TKT-01476,2025-03-06,My account was suspended and I need reactivation support. This is urgent and blocking production. for our support desk,Account,High
TKT-01477,2024-12-02,I cannot connect to the service from our office network. We can continue working but this should be fixed quickly. for our finance team,Technical Issue,Medium
TKT-01478,2024-02-26,System reports an error when we try to export reports. Need immediate action before end of business today. for our customer success unit,Technical Issue,High
TKT-01479,2024-11-17,I cannot connect to the service from our office network. Please prioritize immediately because operations are down. for our customer success unit,Technical Issue,High
TKT-01480,2024-06-07,"My account was suspended and I need reactivation support. Low urgency, just looking for guidance. for our enterprise workspace",Account,Low
TKT-01481,2024-06-12,The app crashes whenever I upload a file larger than 10MB. Critical issue affecting multiple paying customers. for our support desk,Technical Issue,High
TKT-01482,2025-03-17,I cannot connect to the service from our office network. Need immediate action before end of business today. for our support desk,Technical Issue,High
TKT-01483,2024-05-13,How do I set up a recurring report for my team? Need immediate action before end of business today. for our customer success unit,General Query,High
TKT-01484,2024-10-25,The app crashes whenever I upload a file larger than 10MB. Please prioritize immediately because operations are down. for our enterprise workspace,Technical Issue,High
TKT-01485,2025-03-27,Can you explain this unexpected charge on my account? We can continue working but this should be fixed quickly. for our IT service team,Billing,Medium
TKT-01486,2025-03-16,My account was suspended and I need reactivation support. This is impacting workflow and needs attention soon. for our startup operations,Account,Medium
TKT-01487,2024-12-26,Invoice amount is incorrect for my last subscription renewal. This is impacting workflow and needs attention soon. for our customer success unit,Billing,Medium
TKT-01488,2024-09-03,Notifications are not being delivered to our users. Please review within the next business day. for our enterprise workspace,Technical Issue,Medium
TKT-01489,2024-12-12,I cannot connect to the service from our office network. Please prioritize immediately because operations are down. for our enterprise workspace,Technical Issue,High
TKT-01490,2024-06-15,Dashboard is extremely slow and times out on login. Critical issue affecting multiple paying customers. for our enterprise workspace,Technical Issue,High
TKT-01491,2024-06-16,Billing portal shows overdue even though I paid yesterday. Please prioritize immediately because operations are down. for our finance team,Billing,High
TKT-01492,2024-06-03,I am locked out after enabling two factor authentication. Need immediate action before end of business today. for our finance team,Account,High
TKT-01493,2024-01-26,Please help me reset my password for the admin account. Can be handled when the team has capacity. for our startup operations,Account,Low
TKT-01494,2024-04-29,"API endpoint returns a 500 error for valid requests. Low urgency, just looking for guidance. for our support desk",Technical Issue,Low
TKT-01495,2024-12-25,I cannot verify my email so onboarding is blocked. This is impacting workflow and needs attention soon. for our finance team,Account,Medium
TKT-01496,2024-06-30,API endpoint returns a 500 error for valid requests. Requesting timely support to avoid escalation. for our customer success unit,Technical Issue,Medium
TKT-01497,2024-07-23,User permissions are wrong for our team workspace. This is impacting workflow and needs attention soon. for our startup operations,Account,Medium
TKT-01498,2025-01-06,"What is included in the business plan compared to basic? No rush, this is a general improvement request. for our startup operations",General Query,Low
TKT-01499,2024-07-22,Is there a tutorial for using custom dashboards? This is informational and not blocking current work. for our finance team,General Query,Low
TKT-01500,2025-03-18,The app crashes whenever I upload a file larger than 10MB. Requesting timely support to avoid escalation. for our startup operations,Technical Issue,Medium
TKT-01501,2024-03-25,I cannot connect to the service from our office network. Critical issue affecting multiple paying customers. for our customer success unit,Technical Issue,High
TKT-01502,2025-04-06,Can you explain this unexpected charge on my account? We can continue working but this should be fixed quickly. for our IT service team,Billing,Medium
TKT-01503,2025-01-14,"I need to update account ownership and billing contact. Low urgency, just looking for guidance. for our IT service team",Account,Low
TKT-01504,2024-02-01,Can you explain this unexpected charge on my account? This is impacting workflow and needs attention soon. for our support desk,Billing,Medium
TKT-01505,2025-05-27,Can you explain this unexpected charge on my account? This is informational and not blocking current work. for our support desk,Billing,Low
TKT-01506,2025-04-19,"Can someone share best practices for onboarding new users? No rush, this is a general improvement request. for our customer success unit",General Query,Low
TKT-01507,2024-03-04,"My account was suspended and I need reactivation support. No rush, this is a general improvement request. for our support desk",Account,Low
TKT-01508,2024-09-03,Do you support integration with third-party CRM tools? Please review within the next business day. for our finance team,General Query,Medium
TKT-01509,2025-04-18,Billing portal shows overdue even though I paid yesterday. Need immediate action before end of business today. for our startup operations,Billing,High
TKT-01510,2024-08-17,Can someone share best practices for onboarding new users? This is impacting workflow and needs attention soon. for our support desk,General Query,Medium
TKT-01511,2025-06-22,System reports an error when we try to export reports. Need immediate action before end of business today. for our support desk,Technical Issue,High
TKT-01512,2024-02-21,System reports an error when we try to export reports. Please prioritize immediately because operations are down. for our customer success unit,Technical Issue,High
TKT-01513,2024-10-21,My discount code was not applied to the latest invoice. Please review within the next business day. for our finance team,Billing,Medium
TKT-01514,2024-01-21,Where can I find documentation for the analytics module? This is impacting workflow and needs attention soon. for our startup operations,General Query,Medium
TKT-01515,2025-04-23,Invoice amount is incorrect for my last subscription renewal. Requesting timely support to avoid escalation. for our finance team,Billing,Medium
TKT-01516,2024-08-04,Please help me reset my password for the admin account. This is impacting workflow and needs attention soon. for our IT service team,Account,Medium
TKT-01517,2024-05-02,API endpoint returns a 500 error for valid requests. Please review within the next business day. for our support desk,Technical Issue,Medium
TKT-01518,2024-01-28,Dashboard is extremely slow and times out on login. Need immediate action before end of business today. for our finance team,Technical Issue,High
TKT-01519,2024-10-09,I was charged twice for my monthly plan and need a refund. Need immediate action before end of business today. for our finance team,Billing,High
TKT-01520,2025-04-07,I cannot verify my email so onboarding is blocked. This is impacting workflow and needs attention soon. for our finance team,Account,Medium
TKT-01521,2024-02-14,I was charged twice for my monthly plan and need a refund. Critical issue affecting multiple paying customers. for our customer success unit,Billing,High
TKT-01522,2024-05-10,Can you explain this unexpected charge on my account? Can be handled when the team has capacity. for our finance team,Billing,Low
TKT-01523,2024-03-03,System reports an error when we try to export reports. This is impacting workflow and needs attention soon. for our finance team,Technical Issue,Medium
TKT-01524,2024-07-21,API endpoint returns a 500 error for valid requests. Requesting timely support to avoid escalation. for our support desk,Technical Issue,Medium
TKT-01525,2024-03-16,I was charged twice for my monthly plan and need a refund. We can continue working but this should be fixed quickly. for our startup operations,Billing,Medium
TKT-01526,2025-03-26,I cannot connect to the service from our office network. Need immediate action before end of business today. for our enterprise workspace,Technical Issue,High
TKT-01527,2024-03-10,"API endpoint returns a 500 error for valid requests. Low urgency, just looking for guidance. for our finance team",Technical Issue,Low
TKT-01528,2024-07-25,I cannot connect to the service from our office network. This is impacting workflow and needs attention soon. for our customer success unit,Technical Issue,Medium
TKT-01529,2025-02-15,Can you explain this unexpected charge on my account? Can be handled when the team has capacity. for our finance team,Billing,Low
TKT-01530,2024-01-01,I cannot connect to the service from our office network. Need immediate action before end of business today. for our startup operations,Technical Issue,High
TKT-01531,2024-07-03,I was charged twice for my monthly plan and need a refund. We can continue working but this should be fixed quickly. for our enterprise workspace,Billing,Medium
TKT-01532,2024-01-03,Can you explain this unexpected charge on my account? This is impacting workflow and needs attention soon. for our IT service team,Billing,Medium
TKT-01533,2024-12-12,The app crashes whenever I upload a file larger than 10MB. Please prioritize immediately because operations are down. for our enterprise workspace,Technical Issue,High
TKT-01534,2024-05-13,Please help me reset my password for the admin account. Please review within the next business day. for our IT service team,Account,Medium
TKT-01535,2024-08-28,Is there a tutorial for using custom dashboards? This is impacting workflow and needs attention soon. for our finance team,General Query,Medium
TKT-01536,2024-12-11,My discount code was not applied to the latest invoice. This is urgent and blocking production. for our startup operations,Billing,High
TKT-01537,2024-06-25,Dashboard is extremely slow and times out on login. Requesting timely support to avoid escalation. for our support desk,Technical Issue,Medium
TKT-01538,2025-01-24,"Can someone share best practices for onboarding new users? Low urgency, just looking for guidance. for our enterprise workspace",General Query,Low
TKT-01539,2024-02-22,Notifications are not being delivered to our users. Please prioritize immediately because operations are down. for our enterprise workspace,Technical Issue,High
TKT-01540,2025-05-18,API endpoint returns a 500 error for valid requests. This is urgent and blocking production. for our enterprise workspace,Technical Issue,High
TKT-01541,2024-11-04,I cannot verify my email so onboarding is blocked. Please review within the next business day. for our enterprise workspace,Account,Medium
TKT-01542,2024-09-05,What is included in the business plan compared to basic? This is informational and not blocking current work. for our support desk,General Query,Low
TKT-01543,2024-08-17,I cannot connect to the service from our office network. Requesting timely support to avoid escalation. for our startup operations,Technical Issue,Medium
TKT-01544,2025-06-18,System reports an error when we try to export reports. Please prioritize immediately because operations are down. for our enterprise workspace,Technical Issue,High
TKT-01545,2024-08-20,I cannot verify my email so onboarding is blocked. Please review within the next business day. for our IT service team,Account,Medium
TKT-01546,2024-12-22,Payment failed but my bank statement shows the amount deducted. Requesting timely support to avoid escalation. for our customer success unit,Billing,Medium
TKT-01547,2024-05-21,I was charged twice for my monthly plan and need a refund. We can continue working but this should be fixed quickly. for our finance team,Billing,Medium
TKT-01548,2024-03-14,I am locked out after enabling two factor authentication. Requesting timely support to avoid escalation. for our enterprise workspace,Account,Medium
TKT-01549,2024-08-12,My discount code was not applied to the latest invoice. This is impacting workflow and needs attention soon. for our finance team,Billing,Medium
TKT-01550,2025-06-18,I cannot verify my email so onboarding is blocked. Please prioritize immediately because operations are down. for our IT service team,Account,High
TKT-01551,2024-04-10,API endpoint returns a 500 error for valid requests. Critical issue affecting multiple paying customers. for our startup operations,Technical Issue,High
TKT-01552,2024-06-05,Payment failed but my bank statement shows the amount deducted. Please review within the next business day. for our finance team,Billing,Medium
TKT-01553,2025-02-08,"Can you explain this unexpected charge on my account? No rush, this is a general improvement request. for our startup operations",Billing,Low
TKT-01554,2024-03-24,Notifications are not being delivered to our users. This is impacting workflow and needs attention soon. for our enterprise workspace,Technical Issue,Medium
TKT-01555,2024-08-23,Dashboard is extremely slow and times out on login. This is impacting workflow and needs attention soon. for our customer success unit,Technical Issue,Medium
TKT-01556,2024-03-19,API endpoint returns a 500 error for valid requests. Critical issue affecting multiple paying customers. for our finance team,Technical Issue,High
TKT-01557,2024-06-17,Notifications are not being delivered to our users. Please prioritize immediately because operations are down. for our finance team,Technical Issue,High
TKT-01558,2024-09-21,Dashboard is extremely slow and times out on login. Need immediate action before end of business today. for our IT service team,Technical Issue,High
TKT-01559,2024-02-10,I need to update account ownership and billing contact. Please prioritize immediately because operations are down. for our finance team,Account,High
TKT-01560,2024-11-01,The app crashes whenever I upload a file larger than 10MB. Requesting timely support to avoid escalation. for our startup operations,Technical Issue,Medium
TKT-01561,2025-03-03,I need to update account ownership and billing contact. This is urgent and blocking production. for our enterprise workspace,Account,High
TKT-01562,2025-06-04,Invoice amount is incorrect for my last subscription renewal. Need immediate action before end of business today. for our customer success unit,Billing,High
TKT-01563,2024-04-20,API endpoint returns a 500 error for valid requests. Need immediate action before end of business today. for our enterprise workspace,Technical Issue,High
TKT-01564,2025-05-11,API endpoint returns a 500 error for valid requests. Need immediate action before end of business today. for our customer success unit,Technical Issue,High
TKT-01565,2024-05-12,I cannot verify my email so onboarding is blocked. Please prioritize immediately because operations are down. for our support desk,Account,High
TKT-01566,2025-01-15,What is included in the business plan compared to basic? This is impacting workflow and needs attention soon. for our startup operations,General Query,Medium
TKT-01567,2025-03-08,API endpoint returns a 500 error for valid requests. This is impacting workflow and needs attention soon. for our finance team,Technical Issue,Medium
TKT-01568,2024-04-29,My discount code was not applied to the latest invoice. Please prioritize immediately because operations are down. for our finance team,Billing,High
TKT-01569,2025-01-27,The app crashes whenever I upload a file larger than 10MB. This is urgent and blocking production. for our startup operations,Technical Issue,High
TKT-01570,2024-02-02,Invoice amount is incorrect for my last subscription renewal. We can continue working but this should be fixed quickly. for our startup operations,Billing,Medium
TKT-01571,2024-02-16,My account was suspended and I need reactivation support. Please review within the next business day. for our startup operations,Account,Medium
TKT-01572,2025-06-07,My account was suspended and I need reactivation support. We can continue working but this should be fixed quickly. for our enterprise workspace,Account,Medium
TKT-01573,2025-05-16,I cannot connect to the service from our office network. We can continue working but this should be fixed quickly. for our IT service team,Technical Issue,Medium
TKT-01574,2025-03-05,"What is included in the business plan compared to basic? No rush, this is a general improvement request. for our finance team",General Query,Low
TKT-01575,2025-06-05,My account was suspended and I need reactivation support. Please review within the next business day. for our startup operations,Account,Medium
TKT-01576,2024-03-28,Billing portal shows overdue even though I paid yesterday. We can continue working but this should be fixed quickly. for our customer success unit,Billing,Medium
TKT-01577,2025-04-03,I am locked out after enabling two factor authentication. Critical issue affecting multiple paying customers. for our startup operations,Account,High
TKT-01578,2025-04-01,Notifications are not being delivered to our users. This is impacting workflow and needs attention soon. for our enterprise workspace,Technical Issue,Medium
TKT-01579,2024-09-30,How do I set up a recurring report for my team? We can continue working but this should be fixed quickly. for our finance team,General Query,Medium
TKT-01580,2024-11-20,Notifications are not being delivered to our users. Please review within the next business day. for our customer success unit,Technical Issue,Medium
TKT-01581,2024-02-29,My discount code was not applied to the latest invoice. Requesting timely support to avoid escalation. for our enterprise workspace,Billing,Medium
TKT-01582,2024-11-08,Notifications are not being delivered to our users. Need immediate action before end of business today. for our support desk,Technical Issue,High
TKT-01583,2025-06-01,Dashboard is extremely slow and times out on login. Please prioritize immediately because operations are down. for our finance team,Technical Issue,High
TKT-01584,2024-07-23,Notifications are not being delivered to our users. Critical issue affecting multiple paying customers. for our IT service team,Technical Issue,High
TKT-01585,2025-01-20,Dashboard is extremely slow and times out on login. This is urgent and blocking production. for our customer success unit,Technical Issue,High
TKT-01586,2024-08-31,"How do I set up a recurring report for my team? Low urgency, just looking for guidance. for our startup operations",General Query,Low
TKT-01587,2025-01-27,Notifications are not being delivered to our users. Requesting timely support to avoid escalation. for our startup operations,Technical Issue,Medium
TKT-01588,2025-05-11,Notifications are not being delivered to our users. Requesting timely support to avoid escalation. for our customer success unit,Technical Issue,Medium
TKT-01589,2024-09-26,My account was suspended and I need reactivation support. Please review within the next business day. for our IT service team,Account,Medium
TKT-01590,2024-09-11,The app crashes whenever I upload a file larger than 10MB. This is informational and not blocking current work. for our IT service team,Technical Issue,Low
TKT-01591,2024-03-10,Notifications are not being delivered to our users. We can continue working but this should be fixed quickly. for our startup operations,Technical Issue,Medium
TKT-01592,2024-04-21,What is included in the business plan compared to basic? Please review within the next business day. for our enterprise workspace,General Query,Medium
TKT-01593,2024-01-28,Dashboard is extremely slow and times out on login. Requesting timely support to avoid escalation. for our enterprise workspace,Technical Issue,Medium
TKT-01594,2024-04-20,Is there a tutorial for using custom dashboards? Can be handled when the team has capacity. for our customer success unit,General Query,Low
TKT-01595,2024-09-06,API endpoint returns a 500 error for valid requests. Please review within the next business day. for our support desk,Technical Issue,Medium
TKT-01596,2025-02-10,I need to update account ownership and billing contact. This is informational and not blocking current work. for our startup operations,Account,Low
TKT-01597,2024-03-10,Can you explain this unexpected charge on my account? Can be handled when the team has capacity. for our finance team,Billing,Low
TKT-01598,2024-12-04,Do you support integration with third-party CRM tools? This is impacting workflow and needs attention soon. for our customer success unit,General Query,Medium
TKT-01599,2025-02-13,Dashboard is extremely slow and times out on login. Critical issue affecting multiple paying customers. for our finance team,Technical Issue,High
TKT-01600,2025-03-15,I am locked out after enabling two factor authentication. Critical issue affecting multiple paying customers. for our customer success unit,Account,High
TKT-01601,2024-10-10,I was charged twice for my monthly plan and need a refund. This is urgent and blocking production. for our finance team,Billing,High
TKT-01602,2024-04-22,Can you explain this unexpected charge on my account? Requesting timely support to avoid escalation. for our finance team,Billing,Medium
TKT-01603,2025-02-13,I need to update account ownership and billing contact. This is urgent and blocking production. for our startup operations,Account,High
TKT-01604,2024-03-26,I cannot connect to the service from our office network. This is informational and not blocking current work. for our IT service team,Technical Issue,Low
TKT-01605,2025-01-08,The app crashes whenever I upload a file larger than 10MB. Need immediate action before end of business today. for our customer success unit,Technical Issue,High
TKT-01606,2025-02-26,System reports an error when we try to export reports. We can continue working but this should be fixed quickly. for our startup operations,Technical Issue,Medium
TKT-01607,2024-08-01,Invoice amount is incorrect for my last subscription renewal. This is urgent and blocking production. for our enterprise workspace,Billing,High
TKT-01608,2024-08-26,Notifications are not being delivered to our users. Please prioritize immediately because operations are down. for our customer success unit,Technical Issue,High
TKT-01609,2024-07-28,Can you explain this unexpected charge on my account? This is informational and not blocking current work. for our customer success unit,Billing,Low
TKT-01610,2024-11-06,Notifications are not being delivered to our users. Need immediate action before end of business today. for our enterprise workspace,Technical Issue,High
TKT-01611,2025-03-14,"I cannot connect to the service from our office network. Low urgency, just looking for guidance. for our support desk",Technical Issue,Low
TKT-01612,2024-09-10,Invoice amount is incorrect for my last subscription renewal. Critical issue affecting multiple paying customers. for our customer success unit,Billing,High
TKT-01613,2024-06-02,I am locked out after enabling two factor authentication. Can be handled when the team has capacity. for our finance team,Account,Low
TKT-01614,2025-02-07,API endpoint returns a 500 error for valid requests. Critical issue affecting multiple paying customers. for our IT service team,Technical Issue,High
TKT-01615,2025-01-19,System reports an error when we try to export reports. We can continue working but this should be fixed quickly. for our finance team,Technical Issue,Medium
TKT-01616,2024-05-23,Invoice amount is incorrect for my last subscription renewal. We can continue working but this should be fixed quickly. for our support desk,Billing,Medium
TKT-01617,2025-02-01,Dashboard is extremely slow and times out on login. This is impacting workflow and needs attention soon. for our IT service team,Technical Issue,Medium
TKT-01618,2024-11-23,Can someone share best practices for onboarding new users? Can be handled when the team has capacity. for our finance team,General Query,Low
TKT-01619,2024-01-25,"What is included in the business plan compared to basic? No rush, this is a general improvement request. for our finance team",General Query,Low
TKT-01620,2024-07-06,I need to update account ownership and billing contact. This is impacting workflow and needs attention soon. for our startup operations,Account,Medium
TKT-01621,2025-01-31,I cannot verify my email so onboarding is blocked. Requesting timely support to avoid escalation. for our support desk,Account,Medium
TKT-01622,2024-12-21,Is there a tutorial for using custom dashboards? Can be handled when the team has capacity. for our finance team,General Query,Low
TKT-01623,2024-12-24,Payment failed but my bank statement shows the amount deducted. Can be handled when the team has capacity. for our customer success unit,Billing,Low
TKT-01624,2024-01-07,Where can I find documentation for the analytics module? Requesting timely support to avoid escalation. for our finance team,General Query,Medium
TKT-01625,2024-11-12,API endpoint returns a 500 error for valid requests. Please prioritize immediately because operations are down. for our enterprise workspace,Technical Issue,High
TKT-01626,2025-04-18,Where can I find documentation for the analytics module? We can continue working but this should be fixed quickly. for our customer success unit,General Query,Medium
TKT-01627,2024-01-26,I cannot verify my email so onboarding is blocked. Need immediate action before end of business today. for our enterprise workspace,Account,High
TKT-01628,2024-03-21,System reports an error when we try to export reports. Requesting timely support to avoid escalation. for our finance team,Technical Issue,Medium
TKT-01629,2024-09-10,"Invoice amount is incorrect for my last subscription renewal. No rush, this is a general improvement request. for our finance team",Billing,Low
TKT-01630,2024-06-13,My account was suspended and I need reactivation support. This is impacting workflow and needs attention soon. for our startup operations,Account,Medium
TKT-01631,2024-04-28,"Do you support integration with third-party CRM tools? No rush, this is a general improvement request. for our IT service team",General Query,Low
TKT-01632,2024-01-15,API endpoint returns a 500 error for valid requests. Can be handled when the team has capacity. for our enterprise workspace,Technical Issue,Low
TKT-01633,2025-06-19,API endpoint returns a 500 error for valid requests. Please prioritize immediately because operations are down. for our startup operations,Technical Issue,High
TKT-01634,2024-04-02,User permissions are wrong for our team workspace. Please prioritize immediately because operations are down. for our customer success unit,Account,High
TKT-01635,2025-02-05,I was charged twice for my monthly plan and need a refund. We can continue working but this should be fixed quickly. for our IT service team,Billing,Medium
TKT-01636,2024-10-06,How do I set up a recurring report for my team? Requesting timely support to avoid escalation. for our support desk,General Query,Medium
TKT-01637,2024-10-29,"Billing portal shows overdue even though I paid yesterday. No rush, this is a general improvement request. for our finance team",Billing,Low
TKT-01638,2024-05-09,Please help me reset my password for the admin account. Requesting timely support to avoid escalation. for our startup operations,Account,Medium
TKT-01639,2024-07-24,My account was suspended and I need reactivation support. This is urgent and blocking production. for our finance team,Account,High
TKT-01640,2024-05-04,What is included in the business plan compared to basic? Requesting timely support to avoid escalation. for our customer success unit,General Query,Medium
TKT-01641,2025-05-24,The app crashes whenever I upload a file larger than 10MB. This is urgent and blocking production. for our customer success unit,Technical Issue,High
TKT-01642,2024-09-27,System reports an error when we try to export reports. We can continue working but this should be fixed quickly. for our support desk,Technical Issue,Medium
TKT-01643,2024-10-14,API endpoint returns a 500 error for valid requests. We can continue working but this should be fixed quickly. for our finance team,Technical Issue,Medium
TKT-01644,2024-12-03,I need to update account ownership and billing contact. Please review within the next business day. for our enterprise workspace,Account,Medium
TKT-01645,2025-06-02,Dashboard is extremely slow and times out on login. Requesting timely support to avoid escalation. for our finance team,Technical Issue,Medium
TKT-01646,2024-04-06,User permissions are wrong for our team workspace. We can continue working but this should be fixed quickly. for our enterprise workspace,Account,Medium
TKT-01647,2025-06-06,I cannot connect to the service from our office network. This is urgent and blocking production. for our finance team,Technical Issue,High
TKT-01648,2025-01-09,Can someone share best practices for onboarding new users? Can be handled when the team has capacity. for our support desk,General Query,Low
TKT-01649,2024-07-07,Notifications are not being delivered to our users. Requesting timely support to avoid escalation. for our support desk,Technical Issue,Medium
TKT-01650,2024-07-31,Payment failed but my bank statement shows the amount deducted. This is impacting workflow and needs attention soon. for our finance team,Billing,Medium
TKT-01651,2024-03-27,Billing portal shows overdue even though I paid yesterday. Please prioritize immediately because operations are down. for our startup operations,Billing,High
TKT-01652,2024-04-29,User permissions are wrong for our team workspace. Need immediate action before end of business today. for our finance team,Account,High
TKT-01653,2024-05-18,Payment failed but my bank statement shows the amount deducted. Critical issue affecting multiple paying customers. for our startup operations,Billing,High
TKT-01654,2024-03-08,API endpoint returns a 500 error for valid requests. Need immediate action before end of business today. for our support desk,Technical Issue,High
TKT-01655,2024-05-24,Notifications are not being delivered to our users. This is impacting workflow and needs attention soon. for our finance team,Technical Issue,Medium
TKT-01656,2024-08-19,Please help me reset my password for the admin account. This is impacting workflow and needs attention soon. for our finance team,Account,Medium
TKT-01657,2024-11-10,Billing portal shows overdue even though I paid yesterday. This is informational and not blocking current work. for our customer success unit,Billing,Low
TKT-01658,2024-02-02,Can you explain this unexpected charge on my account? We can continue working but this should be fixed quickly. for our customer success unit,Billing,Medium
TKT-01659,2024-05-21,"Where can I find documentation for the analytics module? Low urgency, just looking for guidance. for our startup operations",General Query,Low
TKT-01660,2024-07-27,Invoice amount is incorrect for my last subscription renewal. Requesting timely support to avoid escalation. for our finance team,Billing,Medium
TKT-01661,2024-07-02,"Can you explain this unexpected charge on my account? No rush, this is a general improvement request. for our support desk",Billing,Low
TKT-01662,2024-01-14,I am locked out after enabling two factor authentication. This is urgent and blocking production. for our enterprise workspace,Account,High
TKT-01663,2025-06-18,Can someone share best practices for onboarding new users? We can continue working but this should be fixed quickly. for our customer success unit,General Query,Medium
TKT-01664,2024-07-22,Please help me reset my password for the admin account. We can continue working but this should be fixed quickly. for our IT service team,Account,Medium
TKT-01665,2024-08-17,"I cannot connect to the service from our office network. Low urgency, just looking for guidance. for our enterprise workspace",Technical Issue,Low
TKT-01666,2025-04-03,API endpoint returns a 500 error for valid requests. This is impacting workflow and needs attention soon. for our support desk,Technical Issue,Medium
TKT-01667,2024-09-14,My discount code was not applied to the latest invoice. Requesting timely support to avoid escalation. for our IT service team,Billing,Medium
TKT-01668,2024-06-22,I was charged twice for my monthly plan and need a refund. Can be handled when the team has capacity. for our enterprise workspace,Billing,Low
TKT-01669,2024-03-15,I cannot connect to the service from our office network. Critical issue affecting multiple paying customers. for our finance team,Technical Issue,High
TKT-01670,2024-09-03,I cannot connect to the service from our office network. This is impacting workflow and needs attention soon. for our finance team,Technical Issue,Medium
TKT-01671,2025-03-21,I need to update account ownership and billing contact. This is informational and not blocking current work. for our finance team,Account,Low
TKT-01672,2025-04-23,I was charged twice for my monthly plan and need a refund. Requesting timely support to avoid escalation. for our support desk,Billing,Medium
TKT-01673,2024-02-01,I cannot connect to the service from our office network. Please prioritize immediately because operations are down. for our support desk,Technical Issue,High
TKT-01674,2024-05-30,Do you support integration with third-party CRM tools? Can be handled when the team has capacity. for our finance team,General Query,Low
TKT-01675,2024-10-27,Dashboard is extremely slow and times out on login. Critical issue affecting multiple paying customers. for our customer success unit,Technical Issue,High
TKT-01676,2024-03-07,Payment failed but my bank statement shows the amount deducted. Requesting timely support to avoid escalation. for our finance team,Billing,Medium
TKT-01677,2024-10-14,Dashboard is extremely slow and times out on login. This is urgent and blocking production. for our startup operations,Technical Issue,High
TKT-01678,2025-04-07,The app crashes whenever I upload a file larger than 10MB. This is urgent and blocking production. for our customer success unit,Technical Issue,High
TKT-01679,2025-03-29,The app crashes whenever I upload a file larger than 10MB. We can continue working but this should be fixed quickly. for our startup operations,Technical Issue,Medium
TKT-01680,2024-08-30,User permissions are wrong for our team workspace. This is informational and not blocking current work. for our startup operations,Account,Low
TKT-01681,2024-03-10,Dashboard is extremely slow and times out on login. Please prioritize immediately because operations are down. for our finance team,Technical Issue,High
TKT-01682,2024-05-28,API endpoint returns a 500 error for valid requests. This is urgent and blocking production. for our enterprise workspace,Technical Issue,High
TKT-01683,2024-10-20,User permissions are wrong for our team workspace. Requesting timely support to avoid escalation. for our customer success unit,Account,Medium
TKT-01684,2025-06-11,"Do you support integration with third-party CRM tools? No rush, this is a general improvement request. for our customer success unit",General Query,Low
TKT-01685,2024-06-28,Invoice amount is incorrect for my last subscription renewal. Requesting timely support to avoid escalation. for our startup operations,Billing,Medium
TKT-01686,2024-01-05,API endpoint returns a 500 error for valid requests. This is urgent and blocking production. for our support desk,Technical Issue,High
TKT-01687,2024-10-10,Payment failed but my bank statement shows the amount deducted. Critical issue affecting multiple paying customers. for our finance team,Billing,High
TKT-01688,2024-05-26,API endpoint returns a 500 error for valid requests. This is impacting workflow and needs attention soon. for our startup operations,Technical Issue,Medium
TKT-01689,2024-02-14,I need to update account ownership and billing contact. Can be handled when the team has capacity. for our IT service team,Account,Low
TKT-01690,2024-05-11,Please help me reset my password for the admin account. Can be handled when the team has capacity. for our IT service team,Account,Low
TKT-01691,2025-01-01,Can you explain this unexpected charge on my account? Requesting timely support to avoid escalation. for our IT service team,Billing,Medium
TKT-01692,2024-09-13,The app crashes whenever I upload a file larger than 10MB. Requesting timely support to avoid escalation. for our startup operations,Technical Issue,Medium
TKT-01693,2024-11-10,I am locked out after enabling two factor authentication. Please review within the next business day. for our finance team,Account,Medium
TKT-01694,2024-07-26,The app crashes whenever I upload a file larger than 10MB. This is informational and not blocking current work. for our customer success unit,Technical Issue,Low
TKT-01695,2025-01-25,API endpoint returns a 500 error for valid requests. Please review within the next business day. for our customer success unit,Technical Issue,Medium
TKT-01696,2024-02-02,I cannot connect to the service from our office network. Critical issue affecting multiple paying customers. for our enterprise workspace,Technical Issue,High
TKT-01697,2025-01-23,I am locked out after enabling two factor authentication. Please review within the next business day. for our customer success unit,Account,Medium
TKT-01698,2024-06-25,I need to update account ownership and billing contact. Can be handled when the team has capacity. for our support desk,Account,Low
TKT-01699,2024-10-26,I am locked out after enabling two factor authentication. We can continue working but this should be fixed quickly. for our enterprise workspace,Account,Medium
TKT-01700,2024-03-26,I am locked out after enabling two factor authentication. Critical issue affecting multiple paying customers. for our IT service team,Account,High
TKT-01701,2024-07-23,API endpoint returns a 500 error for valid requests. Please review within the next business day. for our IT service team,Technical Issue,Medium
TKT-01702,2025-05-28,Can someone share best practices for onboarding new users? This is informational and not blocking current work. for our finance team,General Query,Low
TKT-01703,2024-06-03,System reports an error when we try to export reports. This is impacting workflow and needs attention soon. for our customer success unit,Technical Issue,Medium
TKT-01704,2024-04-13,System reports an error when we try to export reports. Critical issue affecting multiple paying customers. for our startup operations,Technical Issue,High
TKT-01705,2025-06-07,I am locked out after enabling two factor authentication. This is urgent and blocking production. for our finance team,Account,High
TKT-01706,2024-01-19,Please help me reset my password for the admin account. Can be handled when the team has capacity. for our startup operations,Account,Low
TKT-01707,2025-04-10,System reports an error when we try to export reports. This is impacting workflow and needs attention soon. for our customer success unit,Technical Issue,Medium
TKT-01708,2024-11-29,System reports an error when we try to export reports. Please review within the next business day. for our customer success unit,Technical Issue,Medium
TKT-01709,2024-03-28,Invoice amount is incorrect for my last subscription renewal. Can be handled when the team has capacity. for our IT service team,Billing,Low
TKT-01710,2025-04-28,Payment failed but my bank statement shows the amount deducted. Requesting timely support to avoid escalation. for our IT service team,Billing,Medium
TKT-01711,2024-07-02,I am locked out after enabling two factor authentication. This is informational and not blocking current work. for our finance team,Account,Low
TKT-01712,2024-08-13,I cannot connect to the service from our office network. This is urgent and blocking production. for our finance team,Technical Issue,High
TKT-01713,2024-07-19,"Payment failed but my bank statement shows the amount deducted. Low urgency, just looking for guidance. for our IT service team",Billing,Low
TKT-01714,2024-06-30,Please help me reset my password for the admin account. This is impacting workflow and needs attention soon. for our finance team,Account,Medium
TKT-01715,2024-03-01,Can you explain this unexpected charge on my account? This is impacting workflow and needs attention soon. for our enterprise workspace,Billing,Medium
TKT-01716,2024-06-24,"Payment failed but my bank statement shows the amount deducted. No rush, this is a general improvement request. for our finance team",Billing,Low
TKT-01717,2024-01-24,API endpoint returns a 500 error for valid requests. Critical issue affecting multiple paying customers. for our support desk,Technical Issue,High
TKT-01718,2024-11-02,User permissions are wrong for our team workspace. We can continue working but this should be fixed quickly. for our startup operations,Account,Medium
TKT-01719,2024-09-27,The app crashes whenever I upload a file larger than 10MB. This is urgent and blocking production. for our startup operations,Technical Issue,High
TKT-01720,2024-02-28,My discount code was not applied to the latest invoice. We can continue working but this should be fixed quickly. for our IT service team,Billing,Medium
TKT-01721,2025-03-08,Payment failed but my bank statement shows the amount deducted. Please review within the next business day. for our finance team,Billing,Medium
TKT-01722,2024-05-22,Is there a tutorial for using custom dashboards? Can be handled when the team has capacity. for our support desk,General Query,Low
TKT-01723,2024-06-22,API endpoint returns a 500 error for valid requests. We can continue working but this should be fixed quickly. for our startup operations,Technical Issue,Medium
TKT-01724,2024-03-07,Invoice amount is incorrect for my last subscription renewal. This is urgent and blocking production. for our finance team,Billing,High
TKT-01725,2025-05-26,Is there a tutorial for using custom dashboards? Critical issue affecting multiple paying customers. for our customer success unit,General Query,High
TKT-01726,2024-06-20,System reports an error when we try to export reports. We can continue working but this should be fixed quickly. for our IT service team,Technical Issue,Medium
TKT-01727,2025-03-12,API endpoint returns a 500 error for valid requests. We can continue working but this should be fixed quickly. for our support desk,Technical Issue,Medium
TKT-01728,2024-11-21,Do you support integration with third-party CRM tools? We can continue working but this should be fixed quickly. for our enterprise workspace,General Query,Medium
TKT-01729,2025-04-23,I am locked out after enabling two factor authentication. This is informational and not blocking current work. for our support desk,Account,Low
TKT-01730,2024-11-17,The app crashes whenever I upload a file larger than 10MB. Please review within the next business day. for our support desk,Technical Issue,Medium
TKT-01731,2024-10-01,User permissions are wrong for our team workspace. Can be handled when the team has capacity. for our startup operations,Account,Low
TKT-01732,2025-05-07,Dashboard is extremely slow and times out on login. Please prioritize immediately because operations are down. for our customer success unit,Technical Issue,High
TKT-01733,2025-01-25,"System reports an error when we try to export reports. No rush, this is a general improvement request. for our startup operations",Technical Issue,Low
TKT-01734,2025-01-16,System reports an error when we try to export reports. We can continue working but this should be fixed quickly. for our finance team,Technical Issue,Medium
TKT-01735,2024-05-26,"What is included in the business plan compared to basic? No rush, this is a general improvement request. for our IT service team",General Query,Low
TKT-01736,2024-11-18,User permissions are wrong for our team workspace. We can continue working but this should be fixed quickly. for our enterprise workspace,Account,Medium
TKT-01737,2025-01-20,Notifications are not being delivered to our users. We can continue working but this should be fixed quickly. for our IT service team,Technical Issue,Medium
TKT-01738,2025-06-06,I cannot verify my email so onboarding is blocked. This is informational and not blocking current work. for our support desk,Account,Low
TKT-01739,2024-09-14,Payment failed but my bank statement shows the amount deducted. We can continue working but this should be fixed quickly. for our finance team,Billing,Medium
TKT-01740,2025-05-05,The app crashes whenever I upload a file larger than 10MB. Please review within the next business day. for our enterprise workspace,Technical Issue,Medium
TKT-01741,2024-08-01,System reports an error when we try to export reports. Critical issue affecting multiple paying customers. for our startup operations,Technical Issue,High
TKT-01742,2024-04-03,Invoice amount is incorrect for my last subscription renewal. We can continue working but this should be fixed quickly. for our IT service team,Billing,Medium
TKT-01743,2024-07-14,System reports an error when we try to export reports. Requesting timely support to avoid escalation. for our IT service team,Technical Issue,Medium
TKT-01744,2024-01-15,Invoice amount is incorrect for my last subscription renewal. This is informational and not blocking current work. for our support desk,Billing,Low
TKT-01745,2025-01-15,My account was suspended and I need reactivation support. Need immediate action before end of business today. for our finance team,Account,High
TKT-01746,2025-02-17,What is included in the business plan compared to basic? Can be handled when the team has capacity. for our startup operations,General Query,Low
TKT-01747,2024-01-30,API endpoint returns a 500 error for valid requests. We can continue working but this should be fixed quickly. for our support desk,Technical Issue,Medium
TKT-01748,2024-05-19,Billing portal shows overdue even though I paid yesterday. This is urgent and blocking production. for our finance team,Billing,High
TKT-01749,2025-03-28,"Can someone share best practices for onboarding new users? Low urgency, just looking for guidance. for our finance team",General Query,Low
TKT-01750,2025-02-04,I cannot verify my email so onboarding is blocked. Requesting timely support to avoid escalation. for our customer success unit,Account,Medium
TKT-01751,2024-10-12,User permissions are wrong for our team workspace. This is informational and not blocking current work. for our enterprise workspace,Account,Low
TKT-01752,2024-01-30,"Is there a tutorial for using custom dashboards? Low urgency, just looking for guidance. for our finance team",General Query,Low
TKT-01753,2025-06-11,Can you explain this unexpected charge on my account? This is impacting workflow and needs attention soon. for our IT service team,Billing,Medium
TKT-01754,2025-06-06,My discount code was not applied to the latest invoice. This is impacting workflow and needs attention soon. for our support desk,Billing,Medium
TKT-01755,2024-10-25,I cannot connect to the service from our office network. This is urgent and blocking production. for our finance team,Technical Issue,High
TKT-01756,2024-09-17,Can someone share best practices for onboarding new users? Can be handled when the team has capacity. for our IT service team,General Query,Low
TKT-01757,2024-05-15,Invoice amount is incorrect for my last subscription renewal. We can continue working but this should be fixed quickly. for our finance team,Billing,Medium
TKT-01758,2024-05-03,System reports an error when we try to export reports. This is impacting workflow and needs attention soon. for our customer success unit,Technical Issue,Medium
TKT-01759,2024-12-03,Can you explain this unexpected charge on my account? This is urgent and blocking production. for our customer success unit,Billing,High
TKT-01760,2025-05-15,Invoice amount is incorrect for my last subscription renewal. Requesting timely support to avoid escalation. for our enterprise workspace,Billing,Medium
TKT-01761,2024-05-05,I need to update account ownership and billing contact. This is urgent and blocking production. for our startup operations,Account,High
TKT-01762,2024-06-24,How do I set up a recurring report for my team? Can be handled when the team has capacity. for our enterprise workspace,General Query,Low
TKT-01763,2024-04-29,Notifications are not being delivered to our users. Need immediate action before end of business today. for our enterprise workspace,Technical Issue,High
TKT-01764,2024-07-25,The app crashes whenever I upload a file larger than 10MB. This is urgent and blocking production. for our finance team,Technical Issue,High
TKT-01765,2024-08-07,Is there a tutorial for using custom dashboards? We can continue working but this should be fixed quickly. for our enterprise workspace,General Query,Medium
TKT-01766,2024-02-03,I was charged twice for my monthly plan and need a refund. Please prioritize immediately because operations are down. for our finance team,Billing,High
TKT-01767,2025-05-26,Notifications are not being delivered to our users. We can continue working but this should be fixed quickly. for our customer success unit,Technical Issue,Medium
TKT-01768,2024-04-27,The app crashes whenever I upload a file larger than 10MB. We can continue working but this should be fixed quickly. for our support desk,Technical Issue,Medium
TKT-01769,2024-09-06,API endpoint returns a 500 error for valid requests. Requesting timely support to avoid escalation. for our startup operations,Technical Issue,Medium
TKT-01770,2025-05-31,"Payment failed but my bank statement shows the amount deducted. No rush, this is a general improvement request. for our enterprise workspace",Billing,Low
TKT-01771,2024-04-22,"I need to update account ownership and billing contact. Low urgency, just looking for guidance. for our IT service team",Account,Low
TKT-01772,2024-05-26,Please help me reset my password for the admin account. This is informational and not blocking current work. for our enterprise workspace,Account,Low
TKT-01773,2024-11-05,Payment failed but my bank statement shows the amount deducted. Please review within the next business day. for our support desk,Billing,Medium
TKT-01774,2024-05-22,I cannot verify my email so onboarding is blocked. This is informational and not blocking current work. for our finance team,Account,Low
TKT-01775,2024-01-06,The app crashes whenever I upload a file larger than 10MB. This is urgent and blocking production. for our support desk,Technical Issue,High
TKT-01776,2024-02-03,System reports an error when we try to export reports. Critical issue affecting multiple paying customers. for our IT service team,Technical Issue,High
TKT-01777,2024-11-02,Billing portal shows overdue even though I paid yesterday. Critical issue affecting multiple paying customers. for our IT service team,Billing,High
TKT-01778,2024-11-11,Notifications are not being delivered to our users. Need immediate action before end of business today. for our customer success unit,Technical Issue,High
TKT-01779,2025-04-29,My account was suspended and I need reactivation support. Requesting timely support to avoid escalation. for our customer success unit,Account,Medium
TKT-01780,2024-12-18,Notifications are not being delivered to our users. This is impacting workflow and needs attention soon. for our enterprise workspace,Technical Issue,Medium
TKT-01781,2025-04-13,API endpoint returns a 500 error for valid requests. Need immediate action before end of business today. for our customer success unit,Technical Issue,High
TKT-01782,2024-09-04,Notifications are not being delivered to our users. Can be handled when the team has capacity. for our support desk,Technical Issue,Low
TKT-01783,2024-12-25,Is there a tutorial for using custom dashboards? Please review within the next business day. for our startup operations,General Query,Medium
TKT-01784,2024-12-31,I was charged twice for my monthly plan and need a refund. Please review within the next business day. for our startup operations,Billing,Medium
TKT-01785,2024-03-25,Invoice amount is incorrect for my last subscription renewal. Critical issue affecting multiple paying customers. for our support desk,Billing,High
TKT-01786,2024-02-21,API endpoint returns a 500 error for valid requests. Requesting timely support to avoid escalation. for our startup operations,Technical Issue,Medium
TKT-01787,2025-02-16,How do I set up a recurring report for my team? Can be handled when the team has capacity. for our startup operations,General Query,Low
TKT-01788,2025-01-31,Please help me reset my password for the admin account. We can continue working but this should be fixed quickly. for our finance team,Account,Medium
TKT-01789,2025-02-05,"Is there a tutorial for using custom dashboards? Low urgency, just looking for guidance. for our finance team",General Query,Low
TKT-01790,2024-03-30,"Do you support integration with third-party CRM tools? No rush, this is a general improvement request. for our finance team",General Query,Low
TKT-01791,2025-03-06,API endpoint returns a 500 error for valid requests. Critical issue affecting multiple paying customers. for our startup operations,Technical Issue,High
TKT-01792,2024-04-16,Do you support integration with third-party CRM tools? This is informational and not blocking current work. for our customer success unit,General Query,Low
TKT-01793,2024-10-21,API endpoint returns a 500 error for valid requests. Critical issue affecting multiple paying customers. for our enterprise workspace,Technical Issue,High
TKT-01794,2024-01-04,I cannot verify my email so onboarding is blocked. Please review within the next business day. for our finance team,Account,Medium
TKT-01795,2024-06-24,"Billing portal shows overdue even though I paid yesterday. Low urgency, just looking for guidance. for our customer success unit",Billing,Low
TKT-01796,2024-07-11,Payment failed but my bank statement shows the amount deducted. We can continue working but this should be fixed quickly. for our startup operations,Billing,Medium
TKT-01797,2024-06-24,Billing portal shows overdue even though I paid yesterday. Please review within the next business day. for our customer success unit,Billing,Medium
TKT-01798,2024-05-26,Payment failed but my bank statement shows the amount deducted. We can continue working but this should be fixed quickly. for our startup operations,Billing,Medium
TKT-01799,2025-05-31,Dashboard is extremely slow and times out on login. Need immediate action before end of business today. for our enterprise workspace,Technical Issue,High
TKT-01800,2025-01-08,Invoice amount is incorrect for my last subscription renewal. This is informational and not blocking current work. for our support desk,Billing,Low
TKT-01801,2025-06-14,Notifications are not being delivered to our users. This is urgent and blocking production. for our customer success unit,Technical Issue,High
TKT-01802,2024-01-22,I cannot connect to the service from our office network. Critical issue affecting multiple paying customers. for our finance team,Technical Issue,High
TKT-01803,2025-03-01,Can you explain this unexpected charge on my account? We can continue working but this should be fixed quickly. for our IT service team,Billing,Medium
TKT-01804,2024-02-06,User permissions are wrong for our team workspace. Requesting timely support to avoid escalation. for our IT service team,Account,Medium
TKT-01805,2024-04-15,I cannot verify my email so onboarding is blocked. Can be handled when the team has capacity. for our enterprise workspace,Account,Low
TKT-01806,2024-03-14,I was charged twice for my monthly plan and need a refund. Critical issue affecting multiple paying customers. for our support desk,Billing,High
TKT-01807,2024-06-21,My account was suspended and I need reactivation support. This is urgent and blocking production. for our enterprise workspace,Account,High
TKT-01808,2024-04-29,Billing portal shows overdue even though I paid yesterday. Can be handled when the team has capacity. for our finance team,Billing,Low
TKT-01809,2025-02-26,My discount code was not applied to the latest invoice. We can continue working but this should be fixed quickly. for our customer success unit,Billing,Medium
TKT-01810,2025-04-02,System reports an error when we try to export reports. Please review within the next business day. for our startup operations,Technical Issue,Medium
TKT-01811,2025-03-18,Dashboard is extremely slow and times out on login. Critical issue affecting multiple paying customers. for our support desk,Technical Issue,High
TKT-01812,2024-04-16,"The app crashes whenever I upload a file larger than 10MB. Low urgency, just looking for guidance. for our finance team",Technical Issue,Low
TKT-01813,2024-10-04,User permissions are wrong for our team workspace. We can continue working but this should be fixed quickly. for our customer success unit,Account,Medium
TKT-01814,2024-01-27,Can someone share best practices for onboarding new users? This is informational and not blocking current work. for our customer success unit,General Query,Low
TKT-01815,2024-01-28,Notifications are not being delivered to our users. This is informational and not blocking current work. for our startup operations,Technical Issue,Low
TKT-01816,2024-01-13,Is there a tutorial for using custom dashboards? This is informational and not blocking current work. for our enterprise workspace,General Query,Low
TKT-01817,2024-12-05,Notifications are not being delivered to our users. Please prioritize immediately because operations are down. for our enterprise workspace,Technical Issue,High
TKT-01818,2025-05-10,Where can I find documentation for the analytics module? Requesting timely support to avoid escalation. for our customer success unit,General Query,Medium
TKT-01819,2025-02-12,Billing portal shows overdue even though I paid yesterday. Critical issue affecting multiple paying customers. for our enterprise workspace,Billing,High
TKT-01820,2025-02-03,I cannot connect to the service from our office network. We can continue working but this should be fixed quickly. for our startup operations,Technical Issue,Medium
TKT-01821,2024-03-12,My account was suspended and I need reactivation support. This is urgent and blocking production. for our support desk,Account,High
TKT-01822,2024-03-04,"Do you support integration with third-party CRM tools? Low urgency, just looking for guidance. for our IT service team",General Query,Low
TKT-01823,2024-05-24,API endpoint returns a 500 error for valid requests. Please prioritize immediately because operations are down. for our enterprise workspace,Technical Issue,High
TKT-01824,2025-06-15,User permissions are wrong for our team workspace. Critical issue affecting multiple paying customers. for our customer success unit,Account,High
TKT-01825,2024-12-13,User permissions are wrong for our team workspace. Need immediate action before end of business today. for our startup operations,Account,High
TKT-01826,2024-09-14,The app crashes whenever I upload a file larger than 10MB. Requesting timely support to avoid escalation. for our IT service team,Technical Issue,Medium
TKT-01827,2025-03-01,The app crashes whenever I upload a file larger than 10MB. This is urgent and blocking production. for our support desk,Technical Issue,High
TKT-01828,2024-05-31,Invoice amount is incorrect for my last subscription renewal. Please review within the next business day. for our customer success unit,Billing,Medium
TKT-01829,2024-04-03,API endpoint returns a 500 error for valid requests. Please review within the next business day. for our customer success unit,Technical Issue,Medium
TKT-01830,2024-06-25,How do I set up a recurring report for my team? Can be handled when the team has capacity. for our support desk,General Query,Low
TKT-01831,2025-05-17,Payment failed but my bank statement shows the amount deducted. Please prioritize immediately because operations are down. for our IT service team,Billing,High
TKT-01832,2024-08-19,I am locked out after enabling two factor authentication. Requesting timely support to avoid escalation. for our startup operations,Account,Medium
TKT-01833,2025-04-23,Can you explain this unexpected charge on my account? This is impacting workflow and needs attention soon. for our finance team,Billing,Medium
TKT-01834,2025-05-01,I cannot connect to the service from our office network. Please review within the next business day. for our IT service team,Technical Issue,Medium
TKT-01835,2025-05-02,I am locked out after enabling two factor authentication. This is impacting workflow and needs attention soon. for our support desk,Account,Medium
TKT-01836,2024-01-30,I cannot connect to the service from our office network. Need immediate action before end of business today. for our enterprise workspace,Technical Issue,High
TKT-01837,2024-09-14,The app crashes whenever I upload a file larger than 10MB. Please review within the next business day. for our support desk,Technical Issue,Medium
TKT-01838,2024-03-26,I was charged twice for my monthly plan and need a refund. This is urgent and blocking production. for our customer success unit,Billing,High
TKT-01839,2024-07-26,How do I set up a recurring report for my team? Can be handled when the team has capacity. for our IT service team,General Query,Low
TKT-01840,2024-12-20,I am locked out after enabling two factor authentication. Please prioritize immediately because operations are down. for our enterprise workspace,Account,High
TKT-01841,2025-03-20,System reports an error when we try to export reports. Requesting timely support to avoid escalation. for our startup operations,Technical Issue,Medium
TKT-01842,2025-02-27,Billing portal shows overdue even though I paid yesterday. This is urgent and blocking production. for our IT service team,Billing,High
TKT-01843,2025-03-29,Do you support integration with third-party CRM tools? Can be handled when the team has capacity. for our finance team,General Query,Low
TKT-01844,2024-03-19,API endpoint returns a 500 error for valid requests. We can continue working but this should be fixed quickly. for our customer success unit,Technical Issue,Medium
TKT-01845,2024-07-08,Payment failed but my bank statement shows the amount deducted. Can be handled when the team has capacity. for our startup operations,Billing,Low
TKT-01846,2024-02-03,I cannot connect to the service from our office network. Need immediate action before end of business today. for our enterprise workspace,Technical Issue,High
TKT-01847,2024-03-10,Payment failed but my bank statement shows the amount deducted. This is informational and not blocking current work. for our support desk,Billing,Low
TKT-01848,2024-01-08,Billing portal shows overdue even though I paid yesterday. Please prioritize immediately because operations are down. for our enterprise workspace,Billing,High
TKT-01849,2025-04-30,Billing portal shows overdue even though I paid yesterday. Requesting timely support to avoid escalation. for our IT service team,Billing,Medium
TKT-01850,2025-02-19,I cannot connect to the service from our office network. Need immediate action before end of business today. for our enterprise workspace,Technical Issue,High
TKT-01851,2024-10-05,API endpoint returns a 500 error for valid requests. Please prioritize immediately because operations are down. for our support desk,Technical Issue,High
TKT-01852,2024-11-06,The app crashes whenever I upload a file larger than 10MB. Need immediate action before end of business today. for our support desk,Technical Issue,High
TKT-01853,2025-02-02,System reports an error when we try to export reports. Need immediate action before end of business today. for our enterprise workspace,Technical Issue,High
TKT-01854,2025-03-27,Can you explain this unexpected charge on my account? We can continue working but this should be fixed quickly. for our startup operations,Billing,Medium
TKT-01855,2024-02-22,My discount code was not applied to the latest invoice. Can be handled when the team has capacity. for our enterprise workspace,Billing,Low
TKT-01856,2024-09-25,I was charged twice for my monthly plan and need a refund. Please prioritize immediately because operations are down. for our support desk,Billing,High
TKT-01857,2024-03-28,My account was suspended and I need reactivation support. Need immediate action before end of business today. for our customer success unit,Account,High
TKT-01858,2024-12-15,"Notifications are not being delivered to our users. Low urgency, just looking for guidance. for our customer success unit",Technical Issue,Low
TKT-01859,2024-08-22,I cannot verify my email so onboarding is blocked. This is urgent and blocking production. for our startup operations,Account,High
TKT-01860,2025-05-09,I was charged twice for my monthly plan and need a refund. This is impacting workflow and needs attention soon. for our startup operations,Billing,Medium
TKT-01861,2024-03-24,Is there a tutorial for using custom dashboards? This is informational and not blocking current work. for our support desk,General Query,Low
TKT-01862,2024-07-18,My discount code was not applied to the latest invoice. We can continue working but this should be fixed quickly. for our startup operations,Billing,Medium
TKT-01863,2024-06-18,I cannot connect to the service from our office network. This is urgent and blocking production. for our customer success unit,Technical Issue,High
TKT-01864,2024-10-17,System reports an error when we try to export reports. Requesting timely support to avoid escalation. for our enterprise workspace,Technical Issue,Medium
TKT-01865,2024-12-18,"I cannot verify my email so onboarding is blocked. No rush, this is a general improvement request. for our startup operations",Account,Low
TKT-01866,2025-05-04,System reports an error when we try to export reports. This is impacting workflow and needs attention soon. for our customer success unit,Technical Issue,Medium
TKT-01867,2024-04-07,Can someone share best practices for onboarding new users? This is urgent and blocking production. for our finance team,General Query,High
TKT-01868,2025-03-15,I need to update account ownership and billing contact. This is impacting workflow and needs attention soon. for our IT service team,Account,Medium
TKT-01869,2024-10-08,Dashboard is extremely slow and times out on login. Please prioritize immediately because operations are down. for our startup operations,Technical Issue,High
TKT-01870,2025-05-05,Dashboard is extremely slow and times out on login. Please prioritize immediately because operations are down. for our startup operations,Technical Issue,High
TKT-01871,2025-02-19,The app crashes whenever I upload a file larger than 10MB. This is informational and not blocking current work. for our enterprise workspace,Technical Issue,Low
TKT-01872,2024-01-11,Dashboard is extremely slow and times out on login. Please review within the next business day. for our IT service team,Technical Issue,Medium
TKT-01873,2025-06-23,Invoice amount is incorrect for my last subscription renewal. Need immediate action before end of business today. for our startup operations,Billing,High
TKT-01874,2025-02-05,I am locked out after enabling two factor authentication. Need immediate action before end of business today. for our support desk,Account,High
TKT-01875,2024-01-13,I cannot connect to the service from our office network. We can continue working but this should be fixed quickly. for our startup operations,Technical Issue,Medium
TKT-01876,2024-08-27,I cannot connect to the service from our office network. This is impacting workflow and needs attention soon. for our startup operations,Technical Issue,Medium
TKT-01877,2025-04-03,Dashboard is extremely slow and times out on login. Requesting timely support to avoid escalation. for our support desk,Technical Issue,Medium
TKT-01878,2024-10-21,I am locked out after enabling two factor authentication. We can continue working but this should be fixed quickly. for our support desk,Account,Medium
TKT-01879,2024-10-03,Payment failed but my bank statement shows the amount deducted. We can continue working but this should be fixed quickly. for our support desk,Billing,Medium
TKT-01880,2024-01-11,Is there a tutorial for using custom dashboards? Can be handled when the team has capacity. for our customer success unit,General Query,Low
TKT-01881,2024-03-31,I was charged twice for my monthly plan and need a refund. Please review within the next business day. for our IT service team,Billing,Medium
TKT-01882,2025-02-20,Can you explain this unexpected charge on my account? Need immediate action before end of business today. for our support desk,Billing,High
TKT-01883,2024-02-17,System reports an error when we try to export reports. This is urgent and blocking production. for our support desk,Technical Issue,High
TKT-01884,2025-06-03,API endpoint returns a 500 error for valid requests. Please prioritize immediately because operations are down. for our support desk,Technical Issue,High
TKT-01885,2024-05-24,The app crashes whenever I upload a file larger than 10MB. This is impacting workflow and needs attention soon. for our enterprise workspace,Technical Issue,Medium
TKT-01886,2025-06-11,Where can I find documentation for the analytics module? We can continue working but this should be fixed quickly. for our enterprise workspace,General Query,Medium
TKT-01887,2024-01-30,Dashboard is extremely slow and times out on login. Critical issue affecting multiple paying customers. for our enterprise workspace,Technical Issue,High
TKT-01888,2024-12-28,Invoice amount is incorrect for my last subscription renewal. Need immediate action before end of business today. for our customer success unit,Billing,High
TKT-01889,2025-05-11,I cannot connect to the service from our office network. Critical issue affecting multiple paying customers. for our IT service team,Technical Issue,High
TKT-01890,2025-04-27,I cannot connect to the service from our office network. Need immediate action before end of business today. for our enterprise workspace,Technical Issue,High
TKT-01891,2024-08-25,How do I set up a recurring report for my team? This is impacting workflow and needs attention soon. for our finance team,General Query,Medium
TKT-01892,2024-12-08,Notifications are not being delivered to our users. This is impacting workflow and needs attention soon. for our customer success unit,Technical Issue,Medium
TKT-01893,2025-05-27,How do I set up a recurring report for my team? This is informational and not blocking current work. for our finance team,General Query,Low
TKT-01894,2025-06-13,I was charged twice for my monthly plan and need a refund. This is impacting workflow and needs attention soon. for our IT service team,Billing,Medium
TKT-01895,2024-07-17,Can someone share best practices for onboarding new users? This is urgent and blocking production. for our support desk,General Query,High
TKT-01896,2025-03-02,"Can you explain this unexpected charge on my account? No rush, this is a general improvement request. for our IT service team",Billing,Low
TKT-01897,2025-06-22,The app crashes whenever I upload a file larger than 10MB. This is urgent and blocking production. for our customer success unit,Technical Issue,High
TKT-01898,2025-05-04,The app crashes whenever I upload a file larger than 10MB. Please prioritize immediately because operations are down. for our customer success unit,Technical Issue,High
TKT-01899,2025-04-24,Please help me reset my password for the admin account. This is informational and not blocking current work. for our IT service team,Account,Low
TKT-01900,2024-11-19,I cannot connect to the service from our office network. Please review within the next business day. for our startup operations,Technical Issue,Medium
TKT-01901,2024-11-05,How do I set up a recurring report for my team? This is informational and not blocking current work. for our startup operations,General Query,Low
TKT-01902,2024-02-05,"Can someone share best practices for onboarding new users? Low urgency, just looking for guidance. for our finance team",General Query,Low
TKT-01903,2025-02-04,Dashboard is extremely slow and times out on login. Requesting timely support to avoid escalation. for our finance team,Technical Issue,Medium
TKT-01904,2025-03-12,Please help me reset my password for the admin account. Please review within the next business day. for our IT service team,Account,Medium
TKT-01905,2025-04-01,API endpoint returns a 500 error for valid requests. We can continue working but this should be fixed quickly. for our IT service team,Technical Issue,Medium
TKT-01906,2024-03-15,Dashboard is extremely slow and times out on login. This is impacting workflow and needs attention soon. for our support desk,Technical Issue,Medium
TKT-01907,2025-05-02,API endpoint returns a 500 error for valid requests. Need immediate action before end of business today. for our customer success unit,Technical Issue,High
TKT-01908,2025-01-14,Payment failed but my bank statement shows the amount deducted. This is informational and not blocking current work. for our customer success unit,Billing,Low
TKT-01909,2024-01-02,"Do you support integration with third-party CRM tools? No rush, this is a general improvement request. for our support desk",General Query,Low
TKT-01910,2024-07-20,I cannot connect to the service from our office network. This is informational and not blocking current work. for our startup operations,Technical Issue,Low
TKT-01911,2025-01-15,I was charged twice for my monthly plan and need a refund. Can be handled when the team has capacity. for our customer success unit,Billing,Low
TKT-01912,2024-07-26,I need to update account ownership and billing contact. This is impacting workflow and needs attention soon. for our startup operations,Account,Medium
TKT-01913,2024-04-30,System reports an error when we try to export reports. Requesting timely support to avoid escalation. for our IT service team,Technical Issue,Medium
TKT-01914,2025-02-15,Dashboard is extremely slow and times out on login. This is urgent and blocking production. for our enterprise workspace,Technical Issue,High
TKT-01915,2024-10-24,"Please help me reset my password for the admin account. No rush, this is a general improvement request. for our startup operations",Account,Low
TKT-01916,2025-05-20,Notifications are not being delivered to our users. This is informational and not blocking current work. for our support desk,Technical Issue,Low
TKT-01917,2024-07-17,My discount code was not applied to the latest invoice. Requesting timely support to avoid escalation. for our startup operations,Billing,Medium
TKT-01918,2024-04-03,User permissions are wrong for our team workspace. Requesting timely support to avoid escalation. for our enterprise workspace,Account,Medium
TKT-01919,2024-10-12,Do you support integration with third-party CRM tools? Can be handled when the team has capacity. for our finance team,General Query,Low
TKT-01920,2025-06-09,"Invoice amount is incorrect for my last subscription renewal. Low urgency, just looking for guidance. for our customer success unit",Billing,Low
TKT-01921,2025-04-04,What is included in the business plan compared to basic? Can be handled when the team has capacity. for our customer success unit,General Query,Low
TKT-01922,2024-12-29,My discount code was not applied to the latest invoice. Can be handled when the team has capacity. for our startup operations,Billing,Low
TKT-01923,2024-08-16,The app crashes whenever I upload a file larger than 10MB. This is urgent and blocking production. for our finance team,Technical Issue,High
TKT-01924,2024-11-11,Dashboard is extremely slow and times out on login. This is urgent and blocking production. for our enterprise workspace,Technical Issue,High
TKT-01925,2024-11-07,API endpoint returns a 500 error for valid requests. This is impacting workflow and needs attention soon. for our enterprise workspace,Technical Issue,Medium
TKT-01926,2024-12-12,Billing portal shows overdue even though I paid yesterday. We can continue working but this should be fixed quickly. for our IT service team,Billing,Medium
TKT-01927,2024-09-07,API endpoint returns a 500 error for valid requests. This is impacting workflow and needs attention soon. for our customer success unit,Technical Issue,Medium
TKT-01928,2025-02-24,The app crashes whenever I upload a file larger than 10MB. Please review within the next business day. for our startup operations,Technical Issue,Medium
TKT-01929,2024-01-25,API endpoint returns a 500 error for valid requests. Please prioritize immediately because operations are down. for our support desk,Technical Issue,High
TKT-01930,2024-08-24,System reports an error when we try to export reports. Requesting timely support to avoid escalation. for our startup operations,Technical Issue,Medium
TKT-01931,2024-08-03,"Invoice amount is incorrect for my last subscription renewal. No rush, this is a general improvement request. for our customer success unit",Billing,Low
TKT-01932,2024-05-23,Is there a tutorial for using custom dashboards? This is impacting workflow and needs attention soon. for our startup operations,General Query,Medium
TKT-01933,2024-08-24,System reports an error when we try to export reports. Critical issue affecting multiple paying customers. for our IT service team,Technical Issue,High
TKT-01934,2024-08-02,The app crashes whenever I upload a file larger than 10MB. Need immediate action before end of business today. for our customer success unit,Technical Issue,High
TKT-01935,2024-08-25,Please help me reset my password for the admin account. This is impacting workflow and needs attention soon. for our finance team,Account,Medium
TKT-01936,2025-05-06,I cannot connect to the service from our office network. Need immediate action before end of business today. for our customer success unit,Technical Issue,High
TKT-01937,2024-12-14,I am locked out after enabling two factor authentication. We can continue working but this should be fixed quickly. for our IT service team,Account,Medium
TKT-01938,2024-05-24,Dashboard is extremely slow and times out on login. Requesting timely support to avoid escalation. for our support desk,Technical Issue,Medium
TKT-01939,2025-05-05,Is there a tutorial for using custom dashboards? Can be handled when the team has capacity. for our finance team,General Query,Low
TKT-01940,2024-11-01,Invoice amount is incorrect for my last subscription renewal. Please prioritize immediately because operations are down. for our startup operations,Billing,High
TKT-01941,2024-05-31,System reports an error when we try to export reports. Can be handled when the team has capacity. for our support desk,Technical Issue,Low
TKT-01942,2024-07-22,I cannot verify my email so onboarding is blocked. Critical issue affecting multiple paying customers. for our finance team,Account,High
TKT-01943,2024-02-20,"Do you support integration with third-party CRM tools? No rush, this is a general improvement request. for our enterprise workspace",General Query,Low
TKT-01944,2024-08-18,Invoice amount is incorrect for my last subscription renewal. This is informational and not blocking current work. for our IT service team,Billing,Low
TKT-01945,2025-01-16,"Can you explain this unexpected charge on my account? No rush, this is a general improvement request. for our customer success unit",Billing,Low
TKT-01946,2024-04-30,I need to update account ownership and billing contact. We can continue working but this should be fixed quickly. for our IT service team,Account,Medium
TKT-01947,2025-04-02,Dashboard is extremely slow and times out on login. This is informational and not blocking current work. for our IT service team,Technical Issue,Low
TKT-01948,2024-09-27,Dashboard is extremely slow and times out on login. Critical issue affecting multiple paying customers. for our finance team,Technical Issue,High
TKT-01949,2025-02-01,Billing portal shows overdue even though I paid yesterday. We can continue working but this should be fixed quickly. for our finance team,Billing,Medium
TKT-01950,2024-05-26,I was charged twice for my monthly plan and need a refund. Can be handled when the team has capacity. for our finance team,Billing,Low
TKT-01951,2024-09-18,Billing portal shows overdue even though I paid yesterday. Can be handled when the team has capacity. for our support desk,Billing,Low
TKT-01952,2024-07-02,Can you explain this unexpected charge on my account? Requesting timely support to avoid escalation. for our support desk,Billing,Medium
TKT-01953,2024-11-13,Can someone share best practices for onboarding new users? This is urgent and blocking production. for our IT service team,General Query,High
TKT-01954,2024-06-20,My account was suspended and I need reactivation support. We can continue working but this should be fixed quickly. for our customer success unit,Account,Medium
TKT-01955,2024-09-03,Dashboard is extremely slow and times out on login. Requesting timely support to avoid escalation. for our support desk,Technical Issue,Medium
TKT-01956,2024-05-16,I cannot verify my email so onboarding is blocked. Please review within the next business day. for our startup operations,Account,Medium
TKT-01957,2024-03-20,Is there a tutorial for using custom dashboards? Requesting timely support to avoid escalation. for our startup operations,General Query,Medium
TKT-01958,2025-01-05,I am locked out after enabling two factor authentication. Need immediate action before end of business today. for our startup operations,Account,High
TKT-01959,2024-07-01,Payment failed but my bank statement shows the amount deducted. We can continue working but this should be fixed quickly. for our startup operations,Billing,Medium
TKT-01960,2024-06-25,Payment failed but my bank statement shows the amount deducted. We can continue working but this should be fixed quickly. for our enterprise workspace,Billing,Medium
TKT-01961,2024-11-19,Can someone share best practices for onboarding new users? This is impacting workflow and needs attention soon. for our startup operations,General Query,Medium
TKT-01962,2024-06-03,I was charged twice for my monthly plan and need a refund. We can continue working but this should be fixed quickly. for our IT service team,Billing,Medium
TKT-01963,2025-03-29,Invoice amount is incorrect for my last subscription renewal. We can continue working but this should be fixed quickly. for our support desk,Billing,Medium
TKT-01964,2025-03-03,The app crashes whenever I upload a file larger than 10MB. Please prioritize immediately because operations are down. for our support desk,Technical Issue,High
TKT-01965,2025-02-04,My discount code was not applied to the latest invoice. Need immediate action before end of business today. for our finance team,Billing,High
TKT-01966,2024-09-26,System reports an error when we try to export reports. This is urgent and blocking production. for our IT service team,Technical Issue,High
TKT-01967,2024-04-09,Please help me reset my password for the admin account. This is impacting workflow and needs attention soon. for our IT service team,Account,Medium
TKT-01968,2024-01-24,Notifications are not being delivered to our users. This is impacting workflow and needs attention soon. for our IT service team,Technical Issue,Medium
TKT-01969,2024-03-07,Payment failed but my bank statement shows the amount deducted. Critical issue affecting multiple paying customers. for our IT service team,Billing,High
TKT-01970,2025-05-27,"I am locked out after enabling two factor authentication. Low urgency, just looking for guidance. for our customer success unit",Account,Low
TKT-01971,2025-01-17,I was charged twice for my monthly plan and need a refund. Please prioritize immediately because operations are down. for our support desk,Billing,High
TKT-01972,2024-04-28,My discount code was not applied to the latest invoice. Please review within the next business day. for our startup operations,Billing,Medium
TKT-01973,2025-05-06,I am locked out after enabling two factor authentication. We can continue working but this should be fixed quickly. for our startup operations,Account,Medium
TKT-01974,2024-12-20,Billing portal shows overdue even though I paid yesterday. Please prioritize immediately because operations are down. for our support desk,Billing,High
TKT-01975,2024-06-13,System reports an error when we try to export reports. Need immediate action before end of business today. for our IT service team,Technical Issue,High
TKT-01976,2024-12-23,System reports an error when we try to export reports. Requesting timely support to avoid escalation. for our startup operations,Technical Issue,Medium
TKT-01977,2025-03-23,Do you support integration with third-party CRM tools? We can continue working but this should be fixed quickly. for our IT service team,General Query,Medium
TKT-01978,2024-03-17,Notifications are not being delivered to our users. Need immediate action before end of business today. for our finance team,Technical Issue,High
TKT-01979,2025-06-13,Notifications are not being delivered to our users. Requesting timely support to avoid escalation. for our support desk,Technical Issue,Medium
TKT-01980,2024-08-19,Can someone share best practices for onboarding new users? Need immediate action before end of business today. for our enterprise workspace,General Query,High
TKT-01981,2024-11-06,I cannot verify my email so onboarding is blocked. Requesting timely support to avoid escalation. for our IT service team,Account,Medium
TKT-01982,2024-08-25,Where can I find documentation for the analytics module? This is impacting workflow and needs attention soon. for our support desk,General Query,Medium
TKT-01983,2024-10-27,My discount code was not applied to the latest invoice. Please review within the next business day. for our finance team,Billing,Medium
TKT-01984,2024-06-14,Invoice amount is incorrect for my last subscription renewal. Critical issue affecting multiple paying customers. for our finance team,Billing,High
TKT-01985,2024-12-02,I was charged twice for my monthly plan and need a refund. This is urgent and blocking production. for our finance team,Billing,High
TKT-01986,2024-10-04,I was charged twice for my monthly plan and need a refund. We can continue working but this should be fixed quickly. for our enterprise workspace,Billing,Medium
TKT-01987,2024-08-11,System reports an error when we try to export reports. Need immediate action before end of business today. for our finance team,Technical Issue,High
TKT-01988,2024-11-27,Notifications are not being delivered to our users. This is informational and not blocking current work. for our support desk,Technical Issue,Low
TKT-01989,2025-01-01,What is included in the business plan compared to basic? Need immediate action before end of business today. for our support desk,General Query,High
TKT-01990,2025-05-23,Dashboard is extremely slow and times out on login. This is urgent and blocking production. for our enterprise workspace,Technical Issue,High
TKT-01991,2025-01-18,Invoice amount is incorrect for my last subscription renewal. We can continue working but this should be fixed quickly. for our IT service team,Billing,Medium
TKT-01992,2025-04-03,My discount code was not applied to the latest invoice. This is informational and not blocking current work. for our customer success unit,Billing,Low
TKT-01993,2024-03-22,Payment failed but my bank statement shows the amount deducted. Critical issue affecting multiple paying customers. for our enterprise workspace,Billing,High
TKT-01994,2025-04-30,API endpoint returns a 500 error for valid requests. Need immediate action before end of business today. for our support desk,Technical Issue,High
TKT-01995,2024-08-27,"I need to update account ownership and billing contact. Low urgency, just looking for guidance. for our startup operations",Account,Low
TKT-01996,2025-06-09,Dashboard is extremely slow and times out on login. Requesting timely support to avoid escalation. for our startup operations,Technical Issue,Medium
TKT-01997,2025-05-26,My account was suspended and I need reactivation support. Need immediate action before end of business today. for our customer success unit,Account,High
TKT-01998,2025-05-24,Please help me reset my password for the admin account. This is informational and not blocking current work. for our support desk,Account,Low
TKT-01999,2024-07-02,"Can you explain this unexpected charge on my account? No rush, this is a general improvement request. for our finance team",Billing,Low
TKT-02000,2025-05-29,Invoice amount is incorrect for my last subscription renewal. This is impacting workflow and needs attention soon. for our customer success unit,Billing,Medium
TKT-02001,2024-01-15,Notifications are not being delivered to our users. Please review within the next business day. for our startup operations,Technical Issue,Medium
TKT-02002,2025-03-16,I need to update account ownership and billing contact. This is informational and not blocking current work. for our enterprise workspace,Account,Low
TKT-02003,2025-01-23,"Where can I find documentation for the analytics module? Low urgency, just looking for guidance. for our customer success unit",General Query,Low
TKT-02004,2024-05-10,Please help me reset my password for the admin account. This is impacting workflow and needs attention soon. for our customer success unit,Account,Medium
TKT-02005,2024-12-03,Please help me reset my password for the admin account. Can be handled when the team has capacity. for our customer success unit,Account,Low
TKT-02006,2024-08-11,Invoice amount is incorrect for my last subscription renewal. Requesting timely support to avoid escalation. for our finance team,Billing,Medium
TKT-02007,2025-01-28,My discount code was not applied to the latest invoice. Please review within the next business day. for our IT service team,Billing,Medium
TKT-02008,2024-07-16,How do I set up a recurring report for my team? This is informational and not blocking current work. for our support desk,General Query,Low
TKT-02009,2025-04-12,Dashboard is extremely slow and times out on login. This is urgent and blocking production. for our support desk,Technical Issue,High
TKT-02010,2025-03-28,Notifications are not being delivered to our users. This is urgent and blocking production. for our enterprise workspace,Technical Issue,High
TKT-02011,2024-09-04,Can you explain this unexpected charge on my account? Requesting timely support to avoid escalation. for our IT service team,Billing,Medium
TKT-02012,2025-06-12,Can someone share best practices for onboarding new users? We can continue working but this should be fixed quickly. for our enterprise workspace,General Query,Medium
TKT-02013,2025-02-09,Notifications are not being delivered to our users. Please review within the next business day. for our startup operations,Technical Issue,Medium
TKT-02014,2024-11-13,"Can someone share best practices for onboarding new users? Low urgency, just looking for guidance. for our finance team",General Query,Low
TKT-02015,2025-04-21,Notifications are not being delivered to our users. Critical issue affecting multiple paying customers. for our customer success unit,Technical Issue,High
TKT-02016,2025-02-12,Please help me reset my password for the admin account. Critical issue affecting multiple paying customers. for our customer success unit,Account,High
TKT-02017,2024-08-10,How do I set up a recurring report for my team? This is impacting workflow and needs attention soon. for our startup operations,General Query,Medium
TKT-02018,2024-10-15,I was charged twice for my monthly plan and need a refund. Can be handled when the team has capacity. for our enterprise workspace,Billing,Low
TKT-02019,2024-09-20,My discount code was not applied to the latest invoice. Requesting timely support to avoid escalation. for our finance team,Billing,Medium
TKT-02020,2025-06-18,Can you explain this unexpected charge on my account? Need immediate action before end of business today. for our customer success unit,Billing,High
TKT-02021,2024-11-07,Invoice amount is incorrect for my last subscription renewal. This is impacting workflow and needs attention soon. for our customer success unit,Billing,Medium
TKT-02022,2024-04-03,"Billing portal shows overdue even though I paid yesterday. Low urgency, just looking for guidance. for our enterprise workspace",Billing,Low
TKT-02023,2024-02-05,The app crashes whenever I upload a file larger than 10MB. Please prioritize immediately because operations are down. for our support desk,Technical Issue,High
TKT-02024,2025-04-08,"Payment failed but my bank statement shows the amount deducted. No rush, this is a general improvement request. for our finance team",Billing,Low
TKT-02025,2025-05-18,Payment failed but my bank statement shows the amount deducted. Please review within the next business day. for our enterprise workspace,Billing,Medium
TKT-02026,2025-01-26,Payment failed but my bank statement shows the amount deducted. Critical issue affecting multiple paying customers. for our finance team,Billing,High
TKT-02027,2025-03-29,My account was suspended and I need reactivation support. Please prioritize immediately because operations are down. for our IT service team,Account,High
TKT-02028,2024-05-20,I cannot connect to the service from our office network. Please review within the next business day. for our customer success unit,Technical Issue,Medium
TKT-02029,2025-05-21,"Is there a tutorial for using custom dashboards? No rush, this is a general improvement request. for our support desk",General Query,Low
TKT-02030,2025-01-26,API endpoint returns a 500 error for valid requests. Please prioritize immediately because operations are down. for our startup operations,Technical Issue,High
TKT-02031,2024-04-15,Notifications are not being delivered to our users. We can continue working but this should be fixed quickly. for our IT service team,Technical Issue,Medium
TKT-02032,2025-01-12,Do you support integration with third-party CRM tools? Please review within the next business day. for our support desk,General Query,Medium
TKT-02033,2025-05-02,Notifications are not being delivered to our users. Critical issue affecting multiple paying customers. for our IT service team,Technical Issue,High
TKT-02034,2024-08-14,My account was suspended and I need reactivation support. Can be handled when the team has capacity. for our finance team,Account,Low
TKT-02035,2024-06-23,Dashboard is extremely slow and times out on login. Need immediate action before end of business today. for our enterprise workspace,Technical Issue,High
TKT-02036,2024-07-01,Dashboard is extremely slow and times out on login. Please prioritize immediately because operations are down. for our support desk,Technical Issue,High
TKT-02037,2024-04-21,Notifications are not being delivered to our users. Please review within the next business day. for our IT service team,Technical Issue,Medium
TKT-02038,2024-10-08,User permissions are wrong for our team workspace. Critical issue affecting multiple paying customers. for our enterprise workspace,Account,High
TKT-02039,2025-06-09,API endpoint returns a 500 error for valid requests. We can continue working but this should be fixed quickly. for our enterprise workspace,Technical Issue,Medium
TKT-02040,2024-07-05,Can someone share best practices for onboarding new users? This is impacting workflow and needs attention soon. for our enterprise workspace,General Query,Medium
TKT-02041,2024-04-30,API endpoint returns a 500 error for valid requests. This is impacting workflow and needs attention soon. for our enterprise workspace,Technical Issue,Medium
TKT-02042,2025-06-11,System reports an error when we try to export reports. We can continue working but this should be fixed quickly. for our customer success unit,Technical Issue,Medium
TKT-02043,2025-01-07,Billing portal shows overdue even though I paid yesterday. Requesting timely support to avoid escalation. for our support desk,Billing,Medium
TKT-02044,2025-04-27,API endpoint returns a 500 error for valid requests. This is impacting workflow and needs attention soon. for our IT service team,Technical Issue,Medium
TKT-02045,2024-07-30,My account was suspended and I need reactivation support. We can continue working but this should be fixed quickly. for our enterprise workspace,Account,Medium
TKT-02046,2024-01-19,Billing portal shows overdue even though I paid yesterday. This is informational and not blocking current work. for our enterprise workspace,Billing,Low
TKT-02047,2024-08-11,Notifications are not being delivered to our users. Can be handled when the team has capacity. for our support desk,Technical Issue,Low
TKT-02048,2025-04-04,Please help me reset my password for the admin account. This is informational and not blocking current work. for our IT service team,Account,Low
TKT-02049,2024-10-07,"Billing portal shows overdue even though I paid yesterday. Low urgency, just looking for guidance. for our finance team",Billing,Low
TKT-02050,2024-04-19,I need to update account ownership and billing contact. Please prioritize immediately because operations are down. for our IT service team,Account,High
TKT-02051,2024-11-16,Billing portal shows overdue even though I paid yesterday. Can be handled when the team has capacity. for our support desk,Billing,Low
TKT-02052,2024-06-29,System reports an error when we try to export reports. Please prioritize immediately because operations are down. for our support desk,Technical Issue,High
TKT-02053,2025-06-09,My account was suspended and I need reactivation support. Can be handled when the team has capacity. for our finance team,Account,Low
TKT-02054,2024-02-03,Please help me reset my password for the admin account. This is impacting workflow and needs attention soon. for our finance team,Account,Medium
TKT-02055,2025-03-14,How do I set up a recurring report for my team? Can be handled when the team has capacity. for our support desk,General Query,Low
TKT-02056,2025-05-12,Dashboard is extremely slow and times out on login. Please review within the next business day. for our finance team,Technical Issue,Medium
TKT-02057,2024-03-28,My discount code was not applied to the latest invoice. Critical issue affecting multiple paying customers. for our finance team,Billing,High
TKT-02058,2024-04-22,"How do I set up a recurring report for my team? No rush, this is a general improvement request. for our customer success unit",General Query,Low
TKT-02059,2024-02-29,"Is there a tutorial for using custom dashboards? Low urgency, just looking for guidance. for our finance team",General Query,Low
TKT-02060,2024-07-20,What is included in the business plan compared to basic? This is informational and not blocking current work. for our support desk,General Query,Low
TKT-02061,2024-07-15,"Invoice amount is incorrect for my last subscription renewal. Low urgency, just looking for guidance. for our enterprise workspace",Billing,Low
TKT-02062,2024-02-09,Do you support integration with third-party CRM tools? This is impacting workflow and needs attention soon. for our support desk,General Query,Medium
TKT-02063,2024-03-15,I cannot connect to the service from our office network. Please prioritize immediately because operations are down. for our finance team,Technical Issue,High
TKT-02064,2024-04-18,I am locked out after enabling two factor authentication. This is informational and not blocking current work. for our support desk,Account,Low
TKT-02065,2024-11-02,User permissions are wrong for our team workspace. Need immediate action before end of business today. for our finance team,Account,High
TKT-02066,2025-05-22,System reports an error when we try to export reports. Need immediate action before end of business today. for our startup operations,Technical Issue,High
TKT-02067,2024-04-15,"User permissions are wrong for our team workspace. Low urgency, just looking for guidance. for our IT service team",Account,Low
TKT-02068,2024-03-25,I cannot verify my email so onboarding is blocked. Please review within the next business day. for our startup operations,Account,Medium
TKT-02069,2024-07-19,Is there a tutorial for using custom dashboards? Can be handled when the team has capacity. for our customer success unit,General Query,Low
TKT-02070,2024-06-22,System reports an error when we try to export reports. Requesting timely support to avoid escalation. for our support desk,Technical Issue,Medium
TKT-02071,2024-09-29,Dashboard is extremely slow and times out on login. Please review within the next business day. for our finance team,Technical Issue,Medium
TKT-02072,2025-05-09,I was charged twice for my monthly plan and need a refund. Please prioritize immediately because operations are down. for our startup operations,Billing,High
TKT-02073,2025-05-27,Notifications are not being delivered to our users. Critical issue affecting multiple paying customers. for our IT service team,Technical Issue,High
TKT-02074,2024-08-12,Dashboard is extremely slow and times out on login. Critical issue affecting multiple paying customers. for our support desk,Technical Issue,High
TKT-02075,2024-07-05,I cannot verify my email so onboarding is blocked. This is impacting workflow and needs attention soon. for our finance team,Account,Medium
TKT-02076,2024-09-07,I cannot verify my email so onboarding is blocked. This is impacting workflow and needs attention soon. for our customer success unit,Account,Medium
TKT-02077,2024-12-26,I need to update account ownership and billing contact. Critical issue affecting multiple paying customers. for our startup operations,Account,High
TKT-02078,2024-06-19,"System reports an error when we try to export reports. Low urgency, just looking for guidance. for our enterprise workspace",Technical Issue,Low
TKT-02079,2024-10-22,Billing portal shows overdue even though I paid yesterday. This is impacting workflow and needs attention soon. for our customer success unit,Billing,Medium
TKT-02080,2024-08-19,Can someone share best practices for onboarding new users? Can be handled when the team has capacity. for our support desk,General Query,Low
TKT-02081,2025-05-21,Billing portal shows overdue even though I paid yesterday. This is impacting workflow and needs attention soon. for our support desk,Billing,Medium
TKT-02082,2024-11-02,Is there a tutorial for using custom dashboards? We can continue working but this should be fixed quickly. for our finance team,General Query,Medium
TKT-02083,2024-12-11,Please help me reset my password for the admin account. This is impacting workflow and needs attention soon. for our finance team,Account,Medium
TKT-02084,2025-01-04,Invoice amount is incorrect for my last subscription renewal. This is impacting workflow and needs attention soon. for our enterprise workspace,Billing,Medium
TKT-02085,2025-01-31,I am locked out after enabling two factor authentication. Please prioritize immediately because operations are down. for our startup operations,Account,High
TKT-02086,2024-07-10,Payment failed but my bank statement shows the amount deducted. We can continue working but this should be fixed quickly. for our IT service team,Billing,Medium
TKT-02087,2024-03-17,Please help me reset my password for the admin account. We can continue working but this should be fixed quickly. for our support desk,Account,Medium
TKT-02088,2025-04-21,My discount code was not applied to the latest invoice. Need immediate action before end of business today. for our startup operations,Billing,High
TKT-02089,2025-03-05,User permissions are wrong for our team workspace. Critical issue affecting multiple paying customers. for our customer success unit,Account,High
TKT-02090,2024-03-27,I need to update account ownership and billing contact. Need immediate action before end of business today. for our finance team,Account,High
TKT-02091,2024-07-20,Payment failed but my bank statement shows the amount deducted. Can be handled when the team has capacity. for our startup operations,Billing,Low
TKT-02092,2025-02-12,"Notifications are not being delivered to our users. No rush, this is a general improvement request. for our enterprise workspace",Technical Issue,Low
TKT-02093,2024-10-23,API endpoint returns a 500 error for valid requests. Please prioritize immediately because operations are down. for our startup operations,Technical Issue,High
TKT-02094,2024-11-07,Invoice amount is incorrect for my last subscription renewal. We can continue working but this should be fixed quickly. for our customer success unit,Billing,Medium
TKT-02095,2024-08-16,I need to update account ownership and billing contact. Can be handled when the team has capacity. for our startup operations,Account,Low
TKT-02096,2024-06-17,API endpoint returns a 500 error for valid requests. This is impacting workflow and needs attention soon. for our IT service team,Technical Issue,Medium
TKT-02097,2024-11-10,I was charged twice for my monthly plan and need a refund. Requesting timely support to avoid escalation. for our enterprise workspace,Billing,Medium
TKT-02098,2024-08-22,The app crashes whenever I upload a file larger than 10MB. We can continue working but this should be fixed quickly. for our finance team,Technical Issue,Medium
TKT-02099,2024-10-18,Dashboard is extremely slow and times out on login. This is impacting workflow and needs attention soon. for our finance team,Technical Issue,Medium
TKT-02100,2025-03-05,Notifications are not being delivered to our users. Requesting timely support to avoid escalation. for our IT service team,Technical Issue,Medium
TKT-02101,2025-03-26,System reports an error when we try to export reports. Critical issue affecting multiple paying customers. for our customer success unit,Technical Issue,High
TKT-02102,2025-01-19,"Where can I find documentation for the analytics module? No rush, this is a general improvement request. for our enterprise workspace",General Query,Low
TKT-02103,2024-09-27,Is there a tutorial for using custom dashboards? This is informational and not blocking current work. for our finance team,General Query,Low
TKT-02104,2025-03-22,Please help me reset my password for the admin account. This is impacting workflow and needs attention soon. for our enterprise workspace,Account,Medium
TKT-02105,2024-02-20,Where can I find documentation for the analytics module? Can be handled when the team has capacity. for our finance team,General Query,Low
TKT-02106,2025-06-06,I cannot connect to the service from our office network. We can continue working but this should be fixed quickly. for our customer success unit,Technical Issue,Medium
TKT-02107,2024-05-06,I cannot connect to the service from our office network. Requesting timely support to avoid escalation. for our customer success unit,Technical Issue,Medium
TKT-02108,2024-01-14,"Where can I find documentation for the analytics module? No rush, this is a general improvement request. for our enterprise workspace",General Query,Low
TKT-02109,2025-02-27,"Is there a tutorial for using custom dashboards? Low urgency, just looking for guidance. for our customer success unit",General Query,Low
TKT-02110,2024-04-02,Dashboard is extremely slow and times out on login. Requesting timely support to avoid escalation. for our enterprise workspace,Technical Issue,Medium
TKT-02111,2024-08-10,I am locked out after enabling two factor authentication. Please review within the next business day. for our startup operations,Account,Medium
TKT-02112,2025-01-02,How do I set up a recurring report for my team? Please prioritize immediately because operations are down. for our customer success unit,General Query,High
TKT-02113,2024-02-19,"Billing portal shows overdue even though I paid yesterday. Low urgency, just looking for guidance. for our customer success unit",Billing,Low
TKT-02114,2024-02-12,"Can you explain this unexpected charge on my account? No rush, this is a general improvement request. for our customer success unit",Billing,Low
TKT-02115,2024-10-24,What is included in the business plan compared to basic? This is informational and not blocking current work. for our support desk,General Query,Low
TKT-02116,2025-03-31,What is included in the business plan compared to basic? This is informational and not blocking current work. for our startup operations,General Query,Low
TKT-02117,2024-09-28,I am locked out after enabling two factor authentication. Please review within the next business day. for our finance team,Account,Medium
TKT-02118,2025-03-09,API endpoint returns a 500 error for valid requests. Please prioritize immediately because operations are down. for our enterprise workspace,Technical Issue,High
TKT-02119,2024-05-05,The app crashes whenever I upload a file larger than 10MB. Please prioritize immediately because operations are down. for our startup operations,Technical Issue,High
TKT-02120,2025-03-13,I am locked out after enabling two factor authentication. Please review within the next business day. for our support desk,Account,Medium
TKT-02121,2024-10-24,Can you explain this unexpected charge on my account? Need immediate action before end of business today. for our support desk,Billing,High
TKT-02122,2024-02-04,"User permissions are wrong for our team workspace. Low urgency, just looking for guidance. for our support desk",Account,Low
TKT-02123,2025-05-18,"I need to update account ownership and billing contact. No rush, this is a general improvement request. for our customer success unit",Account,Low
TKT-02124,2024-10-11,Notifications are not being delivered to our users. We can continue working but this should be fixed quickly. for our customer success unit,Technical Issue,Medium
TKT-02125,2024-01-04,I was charged twice for my monthly plan and need a refund. This is informational and not blocking current work. for our startup operations,Billing,Low
TKT-02126,2024-11-19,"My discount code was not applied to the latest invoice. No rush, this is a general improvement request. for our IT service team",Billing,Low
TKT-02127,2024-05-09,Please help me reset my password for the admin account. We can continue working but this should be fixed quickly. for our customer success unit,Account,Medium
TKT-02128,2024-10-12,Where can I find documentation for the analytics module? Can be handled when the team has capacity. for our enterprise workspace,General Query,Low
TKT-02129,2024-10-30,I cannot connect to the service from our office network. Can be handled when the team has capacity. for our finance team,Technical Issue,Low
TKT-02130,2024-02-27,Is there a tutorial for using custom dashboards? We can continue working but this should be fixed quickly. for our finance team,General Query,Medium
TKT-02131,2024-08-12,System reports an error when we try to export reports. Need immediate action before end of business today. for our startup operations,Technical Issue,High
TKT-02132,2025-01-10,"I was charged twice for my monthly plan and need a refund. Low urgency, just looking for guidance. for our enterprise workspace",Billing,Low
TKT-02133,2024-01-21,User permissions are wrong for our team workspace. We can continue working but this should be fixed quickly. for our startup operations,Account,Medium
TKT-02134,2024-05-04,I was charged twice for my monthly plan and need a refund. This is informational and not blocking current work. for our customer success unit,Billing,Low
TKT-02135,2024-05-18,"My discount code was not applied to the latest invoice. No rush, this is a general improvement request. for our finance team",Billing,Low
TKT-02136,2025-06-10,Invoice amount is incorrect for my last subscription renewal. Please prioritize immediately because operations are down. for our IT service team,Billing,High
TKT-02137,2024-10-24,Notifications are not being delivered to our users. We can continue working but this should be fixed quickly. for our IT service team,Technical Issue,Medium
TKT-02138,2024-12-16,I need to update account ownership and billing contact. We can continue working but this should be fixed quickly. for our startup operations,Account,Medium
TKT-02139,2024-03-19,"Please help me reset my password for the admin account. Low urgency, just looking for guidance. for our support desk",Account,Low
TKT-02140,2025-04-17,I need to update account ownership and billing contact. Can be handled when the team has capacity. for our IT service team,Account,Low
TKT-02141,2024-05-13,Notifications are not being delivered to our users. Need immediate action before end of business today. for our enterprise workspace,Technical Issue,High
TKT-02142,2024-09-02,System reports an error when we try to export reports. Need immediate action before end of business today. for our IT service team,Technical Issue,High
TKT-02143,2025-05-24,I need to update account ownership and billing contact. This is informational and not blocking current work. for our support desk,Account,Low
TKT-02144,2024-10-10,I need to update account ownership and billing contact. Requesting timely support to avoid escalation. for our enterprise workspace,Account,Medium
TKT-02145,2024-03-25,Invoice amount is incorrect for my last subscription renewal. We can continue working but this should be fixed quickly. for our finance team,Billing,Medium
TKT-02146,2024-01-02,API endpoint returns a 500 error for valid requests. Critical issue affecting multiple paying customers. for our enterprise workspace,Technical Issue,High
TKT-02147,2024-08-24,Do you support integration with third-party CRM tools? This is impacting workflow and needs attention soon. for our enterprise workspace,General Query,Medium
TKT-02148,2024-01-24,The app crashes whenever I upload a file larger than 10MB. We can continue working but this should be fixed quickly. for our customer success unit,Technical Issue,Medium
TKT-02149,2025-02-21,"Where can I find documentation for the analytics module? No rush, this is a general improvement request. for our enterprise workspace",General Query,Low
TKT-02150,2024-08-09,User permissions are wrong for our team workspace. Please review within the next business day. for our finance team,Account,Medium
TKT-02151,2025-06-17,API endpoint returns a 500 error for valid requests. Please prioritize immediately because operations are down. for our startup operations,Technical Issue,High
TKT-02152,2025-02-06,I cannot verify my email so onboarding is blocked. This is impacting workflow and needs attention soon. for our finance team,Account,Medium
TKT-02153,2025-01-28,Invoice amount is incorrect for my last subscription renewal. This is urgent and blocking production. for our enterprise workspace,Billing,High
TKT-02154,2024-12-08,User permissions are wrong for our team workspace. This is urgent and blocking production. for our IT service team,Account,High
TKT-02155,2025-01-27,Notifications are not being delivered to our users. This is impacting workflow and needs attention soon. for our IT service team,Technical Issue,Medium
TKT-02156,2025-01-01,"How do I set up a recurring report for my team? No rush, this is a general improvement request. for our customer success unit",General Query,Low
TKT-02157,2025-05-04,Notifications are not being delivered to our users. Please prioritize immediately because operations are down. for our customer success unit,Technical Issue,High
TKT-02158,2024-10-06,API endpoint returns a 500 error for valid requests. We can continue working but this should be fixed quickly. for our enterprise workspace,Technical Issue,Medium
TKT-02159,2024-09-15,Payment failed but my bank statement shows the amount deducted. This is impacting workflow and needs attention soon. for our finance team,Billing,Medium
TKT-02160,2024-01-08,I was charged twice for my monthly plan and need a refund. We can continue working but this should be fixed quickly. for our enterprise workspace,Billing,Medium
TKT-02161,2024-06-21,"API endpoint returns a 500 error for valid requests. No rush, this is a general improvement request. for our enterprise workspace",Technical Issue,Low
TKT-02162,2024-05-13,I cannot connect to the service from our office network. Critical issue affecting multiple paying customers. for our finance team,Technical Issue,High
TKT-02163,2025-05-27,API endpoint returns a 500 error for valid requests. Please review within the next business day. for our customer success unit,Technical Issue,Medium
TKT-02164,2024-04-22,Where can I find documentation for the analytics module? Please review within the next business day. for our enterprise workspace,General Query,Medium
TKT-02165,2024-08-17,I was charged twice for my monthly plan and need a refund. We can continue working but this should be fixed quickly. for our IT service team,Billing,Medium
TKT-02166,2025-05-13,Billing portal shows overdue even though I paid yesterday. Requesting timely support to avoid escalation. for our startup operations,Billing,Medium
TKT-02167,2025-01-06,Payment failed but my bank statement shows the amount deducted. Please review within the next business day. for our startup operations,Billing,Medium
TKT-02168,2024-07-07,The app crashes whenever I upload a file larger than 10MB. This is impacting workflow and needs attention soon. for our finance team,Technical Issue,Medium
TKT-02169,2025-01-28,Do you support integration with third-party CRM tools? This is impacting workflow and needs attention soon. for our startup operations,General Query,Medium
TKT-02170,2025-01-09,My account was suspended and I need reactivation support. Requesting timely support to avoid escalation. for our support desk,Account,Medium
TKT-02171,2025-04-12,Can you explain this unexpected charge on my account? Requesting timely support to avoid escalation. for our enterprise workspace,Billing,Medium
TKT-02172,2024-05-18,Payment failed but my bank statement shows the amount deducted. Need immediate action before end of business today. for our support desk,Billing,High
TKT-02173,2024-06-25,My discount code was not applied to the latest invoice. This is informational and not blocking current work. for our customer success unit,Billing,Low
TKT-02174,2024-09-21,I was charged twice for my monthly plan and need a refund. Need immediate action before end of business today. for our customer success unit,Billing,High
TKT-02175,2024-03-01,Can you explain this unexpected charge on my account? This is impacting workflow and needs attention soon. for our enterprise workspace,Billing,Medium
TKT-02176,2024-07-04,Payment failed but my bank statement shows the amount deducted. This is impacting workflow and needs attention soon. for our support desk,Billing,Medium
TKT-02177,2024-01-21,I cannot connect to the service from our office network. This is urgent and blocking production. for our customer success unit,Technical Issue,High
TKT-02178,2024-03-11,Can you explain this unexpected charge on my account? We can continue working but this should be fixed quickly. for our startup operations,Billing,Medium
TKT-02179,2024-01-15,"I need to update account ownership and billing contact. No rush, this is a general improvement request. for our support desk",Account,Low
TKT-02180,2024-01-22,I was charged twice for my monthly plan and need a refund. Critical issue affecting multiple paying customers. for our IT service team,Billing,High
TKT-02181,2025-02-09,I cannot verify my email so onboarding is blocked. We can continue working but this should be fixed quickly. for our enterprise workspace,Account,Medium
TKT-02182,2024-07-12,"Notifications are not being delivered to our users. Low urgency, just looking for guidance. for our support desk",Technical Issue,Low
TKT-02183,2024-10-13,I was charged twice for my monthly plan and need a refund. This is impacting workflow and needs attention soon. for our finance team,Billing,Medium
TKT-02184,2024-05-27,Notifications are not being delivered to our users. Need immediate action before end of business today. for our finance team,Technical Issue,High
TKT-02185,2024-12-11,The app crashes whenever I upload a file larger than 10MB. Need immediate action before end of business today. for our support desk,Technical Issue,High
TKT-02186,2025-01-26,My discount code was not applied to the latest invoice. This is impacting workflow and needs attention soon. for our support desk,Billing,Medium
TKT-02187,2025-04-07,System reports an error when we try to export reports. Critical issue affecting multiple paying customers. for our support desk,Technical Issue,High
TKT-02188,2024-08-11,User permissions are wrong for our team workspace. We can continue working but this should be fixed quickly. for our startup operations,Account,Medium
TKT-02189,2024-05-08,"Please help me reset my password for the admin account. No rush, this is a general improvement request. for our IT service team",Account,Low
TKT-02190,2024-04-14,I was charged twice for my monthly plan and need a refund. Please prioritize immediately because operations are down. for our enterprise workspace,Billing,High
TKT-02191,2024-12-25,System reports an error when we try to export reports. Please prioritize immediately because operations are down. for our finance team,Technical Issue,High
TKT-02192,2025-06-15,The app crashes whenever I upload a file larger than 10MB. Need immediate action before end of business today. for our IT service team,Technical Issue,High
TKT-02193,2025-06-06,Notifications are not being delivered to our users. This is urgent and blocking production. for our enterprise workspace,Technical Issue,High
TKT-02194,2024-04-06,I am locked out after enabling two factor authentication. This is informational and not blocking current work. for our finance team,Account,Low
TKT-02195,2024-05-08,API endpoint returns a 500 error for valid requests. Requesting timely support to avoid escalation. for our finance team,Technical Issue,Medium
TKT-02196,2024-05-16,I cannot connect to the service from our office network. Need immediate action before end of business today. for our finance team,Technical Issue,High
TKT-02197,2024-12-22,Please help me reset my password for the admin account. Critical issue affecting multiple paying customers. for our finance team,Account,High
TKT-02198,2025-04-06,System reports an error when we try to export reports. Requesting timely support to avoid escalation. for our enterprise workspace,Technical Issue,Medium
TKT-02199,2024-11-16,I cannot connect to the service from our office network. We can continue working but this should be fixed quickly. for our startup operations,Technical Issue,Medium
TKT-02200,2024-08-08,API endpoint returns a 500 error for valid requests. This is impacting workflow and needs attention soon. for our enterprise workspace,Technical Issue,Medium
TKT-02201,2024-04-24,My discount code was not applied to the latest invoice. This is impacting workflow and needs attention soon. for our IT service team,Billing,Medium
TKT-02202,2025-03-01,My account was suspended and I need reactivation support. This is impacting workflow and needs attention soon. for our finance team,Account,Medium
TKT-02203,2025-06-19,"Is there a tutorial for using custom dashboards? Low urgency, just looking for guidance. for our startup operations",General Query,Low
TKT-02204,2024-06-18,"I cannot connect to the service from our office network. Low urgency, just looking for guidance. for our startup operations",Technical Issue,Low
TKT-02205,2025-04-28,"Where can I find documentation for the analytics module? Low urgency, just looking for guidance. for our support desk",General Query,Low
TKT-02206,2025-02-02,System reports an error when we try to export reports. Critical issue affecting multiple paying customers. for our support desk,Technical Issue,High
TKT-02207,2025-05-31,How do I set up a recurring report for my team? This is informational and not blocking current work. for our customer success unit,General Query,Low
TKT-02208,2024-10-27,"I was charged twice for my monthly plan and need a refund. No rush, this is a general improvement request. for our customer success unit",Billing,Low
TKT-02209,2024-02-14,Billing portal shows overdue even though I paid yesterday. Please review within the next business day. for our startup operations,Billing,Medium
TKT-02210,2025-01-09,"I cannot verify my email so onboarding is blocked. No rush, this is a general improvement request. for our customer success unit",Account,Low
TKT-02211,2024-11-19,Payment failed but my bank statement shows the amount deducted. This is urgent and blocking production. for our IT service team,Billing,High
TKT-02212,2024-11-15,My account was suspended and I need reactivation support. Requesting timely support to avoid escalation. for our enterprise workspace,Account,Medium
TKT-02213,2024-03-21,Please help me reset my password for the admin account. Can be handled when the team has capacity. for our enterprise workspace,Account,Low
TKT-02214,2024-04-09,Payment failed but my bank statement shows the amount deducted. We can continue working but this should be fixed quickly. for our customer success unit,Billing,Medium
TKT-02215,2024-04-21,Is there a tutorial for using custom dashboards? Can be handled when the team has capacity. for our enterprise workspace,General Query,Low
TKT-02216,2024-11-17,Billing portal shows overdue even though I paid yesterday. Requesting timely support to avoid escalation. for our startup operations,Billing,Medium
TKT-02217,2024-08-07,Payment failed but my bank statement shows the amount deducted. This is impacting workflow and needs attention soon. for our IT service team,Billing,Medium
TKT-02218,2025-04-17,System reports an error when we try to export reports. We can continue working but this should be fixed quickly. for our finance team,Technical Issue,Medium
TKT-02219,2024-06-13,"Payment failed but my bank statement shows the amount deducted. No rush, this is a general improvement request. for our support desk",Billing,Low
TKT-02220,2024-09-22,"What is included in the business plan compared to basic? No rush, this is a general improvement request. for our startup operations",General Query,Low
TKT-02221,2024-01-14,My account was suspended and I need reactivation support. This is informational and not blocking current work. for our finance team,Account,Low
TKT-02222,2024-11-19,System reports an error when we try to export reports. This is urgent and blocking production. for our enterprise workspace,Technical Issue,High
TKT-02223,2025-01-16,Please help me reset my password for the admin account. Need immediate action before end of business today. for our finance team,Account,High
TKT-02224,2024-03-05,Please help me reset my password for the admin account. Please prioritize immediately because operations are down. for our customer success unit,Account,High
TKT-02225,2024-04-04,Billing portal shows overdue even though I paid yesterday. Please review within the next business day. for our IT service team,Billing,Medium
TKT-02226,2024-07-05,"Invoice amount is incorrect for my last subscription renewal. Low urgency, just looking for guidance. for our support desk",Billing,Low
TKT-02227,2025-03-15,Is there a tutorial for using custom dashboards? Please review within the next business day. for our finance team,General Query,Medium
TKT-02228,2024-09-27,Notifications are not being delivered to our users. Please prioritize immediately because operations are down. for our enterprise workspace,Technical Issue,High
TKT-02229,2024-05-22,My account was suspended and I need reactivation support. Please review within the next business day. for our IT service team,Account,Medium
TKT-02230,2025-02-07,API endpoint returns a 500 error for valid requests. Need immediate action before end of business today. for our IT service team,Technical Issue,High
TKT-02231,2024-07-05,API endpoint returns a 500 error for valid requests. This is impacting workflow and needs attention soon. for our finance team,Technical Issue,Medium
TKT-02232,2025-06-03,API endpoint returns a 500 error for valid requests. Critical issue affecting multiple paying customers. for our support desk,Technical Issue,High
TKT-02233,2024-05-31,Notifications are not being delivered to our users. Critical issue affecting multiple paying customers. for our IT service team,Technical Issue,High
TKT-02234,2025-06-01,"Can you explain this unexpected charge on my account? Low urgency, just looking for guidance. for our startup operations",Billing,Low
TKT-02235,2025-05-19,Can you explain this unexpected charge on my account? Please prioritize immediately because operations are down. for our enterprise workspace,Billing,High
TKT-02236,2025-02-17,Invoice amount is incorrect for my last subscription renewal. This is urgent and blocking production. for our enterprise workspace,Billing,High
TKT-02237,2025-01-25,I cannot verify my email so onboarding is blocked. This is impacting workflow and needs attention soon. for our IT service team,Account,Medium
TKT-02238,2024-09-27,API endpoint returns a 500 error for valid requests. Please prioritize immediately because operations are down. for our finance team,Technical Issue,High
TKT-02239,2024-07-19,System reports an error when we try to export reports. Can be handled when the team has capacity. for our support desk,Technical Issue,Low
TKT-02240,2024-11-29,User permissions are wrong for our team workspace. This is impacting workflow and needs attention soon. for our customer success unit,Account,Medium
TKT-02241,2024-10-27,Invoice amount is incorrect for my last subscription renewal. We can continue working but this should be fixed quickly. for our startup operations,Billing,Medium
TKT-02242,2024-06-21,Notifications are not being delivered to our users. Critical issue affecting multiple paying customers. for our startup operations,Technical Issue,High
TKT-02243,2024-07-29,"Do you support integration with third-party CRM tools? Low urgency, just looking for guidance. for our IT service team",General Query,Low
TKT-02244,2024-02-12,I am locked out after enabling two factor authentication. Please prioritize immediately because operations are down. for our support desk,Account,High
TKT-02245,2024-12-03,My discount code was not applied to the latest invoice. This is informational and not blocking current work. for our enterprise workspace,Billing,Low
TKT-02246,2025-03-22,API endpoint returns a 500 error for valid requests. We can continue working but this should be fixed quickly. for our IT service team,Technical Issue,Medium
TKT-02247,2025-06-11,I cannot connect to the service from our office network. Please review within the next business day. for our IT service team,Technical Issue,Medium
TKT-02248,2024-04-07,I was charged twice for my monthly plan and need a refund. Requesting timely support to avoid escalation. for our IT service team,Billing,Medium
TKT-02249,2025-05-19,I was charged twice for my monthly plan and need a refund. Please review within the next business day. for our support desk,Billing,Medium
TKT-02250,2024-12-12,I am locked out after enabling two factor authentication. Requesting timely support to avoid escalation. for our support desk,Account,Medium
TKT-02251,2024-01-17,How do I set up a recurring report for my team? Please review within the next business day. for our startup operations,General Query,Medium
TKT-02252,2024-10-22,My discount code was not applied to the latest invoice. This is impacting workflow and needs attention soon. for our IT service team,Billing,Medium
TKT-02253,2025-01-04,My account was suspended and I need reactivation support. Please prioritize immediately because operations are down. for our IT service team,Account,High
TKT-02254,2025-04-01,Where can I find documentation for the analytics module? Requesting timely support to avoid escalation. for our finance team,General Query,Medium
TKT-02255,2025-03-16,User permissions are wrong for our team workspace. We can continue working but this should be fixed quickly. for our IT service team,Account,Medium
TKT-02256,2024-09-19,"I cannot connect to the service from our office network. Low urgency, just looking for guidance. for our startup operations",Technical Issue,Low
TKT-02257,2025-03-22,Please help me reset my password for the admin account. Requesting timely support to avoid escalation. for our finance team,Account,Medium
TKT-02258,2025-05-10,Payment failed but my bank statement shows the amount deducted. Please prioritize immediately because operations are down. for our customer success unit,Billing,High
TKT-02259,2024-06-04,API endpoint returns a 500 error for valid requests. Please review within the next business day. for our finance team,Technical Issue,Medium
TKT-02260,2024-01-24,Is there a tutorial for using custom dashboards? Can be handled when the team has capacity. for our enterprise workspace,General Query,Low
TKT-02261,2024-11-23,My discount code was not applied to the latest invoice. Please prioritize immediately because operations are down. for our support desk,Billing,High
TKT-02262,2024-08-08,Dashboard is extremely slow and times out on login. Please prioritize immediately because operations are down. for our finance team,Technical Issue,High
TKT-02263,2024-11-09,Do you support integration with third-party CRM tools? This is impacting workflow and needs attention soon. for our startup operations,General Query,Medium
TKT-02264,2025-05-16,"Where can I find documentation for the analytics module? Low urgency, just looking for guidance. for our startup operations",General Query,Low
TKT-02265,2025-03-26,"Please help me reset my password for the admin account. No rush, this is a general improvement request. for our startup operations",Account,Low
TKT-02266,2025-03-01,Do you support integration with third-party CRM tools? Can be handled when the team has capacity. for our enterprise workspace,General Query,Low
TKT-02267,2024-11-17,Invoice amount is incorrect for my last subscription renewal. Please review within the next business day. for our enterprise workspace,Billing,Medium
TKT-02268,2024-06-22,User permissions are wrong for our team workspace. This is impacting workflow and needs attention soon. for our finance team,Account,Medium
TKT-02269,2024-03-09,Please help me reset my password for the admin account. We can continue working but this should be fixed quickly. for our customer success unit,Account,Medium
TKT-02270,2024-06-30,My account was suspended and I need reactivation support. This is impacting workflow and needs attention soon. for our IT service team,Account,Medium
TKT-02271,2024-04-21,Notifications are not being delivered to our users. This is urgent and blocking production. for our IT service team,Technical Issue,High
TKT-02272,2025-03-18,Can you explain this unexpected charge on my account? Please prioritize immediately because operations are down. for our customer success unit,Billing,High
TKT-02273,2024-10-19,Notifications are not being delivered to our users. Critical issue affecting multiple paying customers. for our finance team,Technical Issue,High
TKT-02274,2024-11-19,I was charged twice for my monthly plan and need a refund. This is urgent and blocking production. for our support desk,Billing,High
TKT-02275,2025-06-07,API endpoint returns a 500 error for valid requests. Critical issue affecting multiple paying customers. for our enterprise workspace,Technical Issue,High
TKT-02276,2025-01-21,API endpoint returns a 500 error for valid requests. Please review within the next business day. for our enterprise workspace,Technical Issue,Medium
TKT-02277,2024-08-30,"I need to update account ownership and billing contact. No rush, this is a general improvement request. for our customer success unit",Account,Low
TKT-02278,2024-07-15,My account was suspended and I need reactivation support. Requesting timely support to avoid escalation. for our finance team,Account,Medium
TKT-02279,2025-04-01,The app crashes whenever I upload a file larger than 10MB. Please prioritize immediately because operations are down. for our startup operations,Technical Issue,High
TKT-02280,2025-04-04,Billing portal shows overdue even though I paid yesterday. We can continue working but this should be fixed quickly. for our support desk,Billing,Medium
TKT-02281,2024-07-07,"System reports an error when we try to export reports. Low urgency, just looking for guidance. for our IT service team",Technical Issue,Low
TKT-02282,2024-11-25,Can someone share best practices for onboarding new users? Can be handled when the team has capacity. for our startup operations,General Query,Low
TKT-02283,2025-01-31,The app crashes whenever I upload a file larger than 10MB. This is impacting workflow and needs attention soon. for our finance team,Technical Issue,Medium
TKT-02284,2025-01-10,The app crashes whenever I upload a file larger than 10MB. This is impacting workflow and needs attention soon. for our startup operations,Technical Issue,Medium
TKT-02285,2024-03-19,System reports an error when we try to export reports. Please review within the next business day. for our IT service team,Technical Issue,Medium
TKT-02286,2024-12-30,"System reports an error when we try to export reports. No rush, this is a general improvement request. for our finance team",Technical Issue,Low
TKT-02287,2024-08-31,Payment failed but my bank statement shows the amount deducted. This is impacting workflow and needs attention soon. for our enterprise workspace,Billing,Medium
TKT-02288,2024-07-08,The app crashes whenever I upload a file larger than 10MB. Please prioritize immediately because operations are down. for our startup operations,Technical Issue,High
TKT-02289,2025-05-08,System reports an error when we try to export reports. Can be handled when the team has capacity. for our finance team,Technical Issue,Low
TKT-02290,2024-08-08,API endpoint returns a 500 error for valid requests. This is urgent and blocking production. for our enterprise workspace,Technical Issue,High
TKT-02291,2024-11-08,The app crashes whenever I upload a file larger than 10MB. We can continue working but this should be fixed quickly. for our IT service team,Technical Issue,Medium
TKT-02292,2024-03-08,Notifications are not being delivered to our users. Critical issue affecting multiple paying customers. for our startup operations,Technical Issue,High
TKT-02293,2024-12-31,Invoice amount is incorrect for my last subscription renewal. This is impacting workflow and needs attention soon. for our startup operations,Billing,Medium
TKT-02294,2025-06-22,Payment failed but my bank statement shows the amount deducted. Need immediate action before end of business today. for our IT service team,Billing,High
TKT-02295,2024-01-20,I cannot connect to the service from our office network. Need immediate action before end of business today. for our startup operations,Technical Issue,High
TKT-02296,2025-06-15,I cannot connect to the service from our office network. Please prioritize immediately because operations are down. for our support desk,Technical Issue,High
TKT-02297,2024-11-24,I need to update account ownership and billing contact. This is informational and not blocking current work. for our support desk,Account,Low
TKT-02298,2024-06-06,User permissions are wrong for our team workspace. Please review within the next business day. for our finance team,Account,Medium
TKT-02299,2024-03-19,System reports an error when we try to export reports. Please prioritize immediately because operations are down. for our enterprise workspace,Technical Issue,High
TKT-02300,2024-09-26,API endpoint returns a 500 error for valid requests. Please prioritize immediately because operations are down. for our support desk,Technical Issue,High
TKT-02301,2024-07-09,My discount code was not applied to the latest invoice. Can be handled when the team has capacity. for our enterprise workspace,Billing,Low
TKT-02302,2024-08-12,Billing portal shows overdue even though I paid yesterday. This is informational and not blocking current work. for our IT service team,Billing,Low
TKT-02303,2024-07-24,I was charged twice for my monthly plan and need a refund. Requesting timely support to avoid escalation. for our support desk,Billing,Medium
TKT-02304,2025-02-05,I was charged twice for my monthly plan and need a refund. This is urgent and blocking production. for our support desk,Billing,High
TKT-02305,2024-03-28,"How do I set up a recurring report for my team? Low urgency, just looking for guidance. for our support desk",General Query,Low
TKT-02306,2025-01-06,How do I set up a recurring report for my team? Please review within the next business day. for our finance team,General Query,Medium
TKT-02307,2025-02-22,"Billing portal shows overdue even though I paid yesterday. Low urgency, just looking for guidance. for our finance team",Billing,Low
TKT-02308,2025-03-04,I cannot verify my email so onboarding is blocked. This is impacting workflow and needs attention soon. for our customer success unit,Account,Medium
TKT-02309,2024-06-13,"System reports an error when we try to export reports. No rush, this is a general improvement request. for our enterprise workspace",Technical Issue,Low
TKT-02310,2025-06-02,The app crashes whenever I upload a file larger than 10MB. Requesting timely support to avoid escalation. for our customer success unit,Technical Issue,Medium
TKT-02311,2024-05-16,I cannot connect to the service from our office network. This is urgent and blocking production. for our support desk,Technical Issue,High
TKT-02312,2024-07-15,Dashboard is extremely slow and times out on login. Please review within the next business day. for our IT service team,Technical Issue,Medium
TKT-02313,2024-07-04,"Please help me reset my password for the admin account. No rush, this is a general improvement request. for our finance team",Account,Low
TKT-02314,2024-04-23,"Please help me reset my password for the admin account. Low urgency, just looking for guidance. for our enterprise workspace",Account,Low
TKT-02315,2024-08-20,API endpoint returns a 500 error for valid requests. Can be handled when the team has capacity. for our customer success unit,Technical Issue,Low
TKT-02316,2025-04-04,Can someone share best practices for onboarding new users? We can continue working but this should be fixed quickly. for our enterprise workspace,General Query,Medium
TKT-02317,2025-04-05,Invoice amount is incorrect for my last subscription renewal. Please review within the next business day. for our support desk,Billing,Medium
TKT-02318,2025-02-12,"Where can I find documentation for the analytics module? No rush, this is a general improvement request. for our support desk",General Query,Low
TKT-02319,2024-01-25,Can someone share best practices for onboarding new users? This is informational and not blocking current work. for our finance team,General Query,Low
TKT-02320,2025-05-14,Do you support integration with third-party CRM tools? Please prioritize immediately because operations are down. for our IT service team,General Query,High
TKT-02321,2024-04-05,Do you support integration with third-party CRM tools? Can be handled when the team has capacity. for our finance team,General Query,Low
TKT-02322,2024-10-29,I cannot connect to the service from our office network. Need immediate action before end of business today. for our finance team,Technical Issue,High
TKT-02323,2025-04-12,Notifications are not being delivered to our users. Please prioritize immediately because operations are down. for our finance team,Technical Issue,High
TKT-02324,2024-07-30,Please help me reset my password for the admin account. This is urgent and blocking production. for our customer success unit,Account,High
TKT-02325,2024-02-21,I was charged twice for my monthly plan and need a refund. This is informational and not blocking current work. for our customer success unit,Billing,Low
TKT-02326,2024-11-03,I am locked out after enabling two factor authentication. This is impacting workflow and needs attention soon. for our IT service team,Account,Medium
TKT-02327,2025-05-16,Can you explain this unexpected charge on my account? Requesting timely support to avoid escalation. for our customer success unit,Billing,Medium
TKT-02328,2024-10-29,System reports an error when we try to export reports. This is impacting workflow and needs attention soon. for our support desk,Technical Issue,Medium
TKT-02329,2025-05-23,My discount code was not applied to the latest invoice. This is impacting workflow and needs attention soon. for our enterprise workspace,Billing,Medium
TKT-02330,2024-02-21,Is there a tutorial for using custom dashboards? Requesting timely support to avoid escalation. for our finance team,General Query,Medium
TKT-02331,2025-01-01,I need to update account ownership and billing contact. This is impacting workflow and needs attention soon. for our enterprise workspace,Account,Medium
TKT-02332,2024-02-02,Dashboard is extremely slow and times out on login. We can continue working but this should be fixed quickly. for our IT service team,Technical Issue,Medium
TKT-02333,2024-01-26,I was charged twice for my monthly plan and need a refund. We can continue working but this should be fixed quickly. for our startup operations,Billing,Medium
TKT-02334,2025-03-23,Dashboard is extremely slow and times out on login. We can continue working but this should be fixed quickly. for our finance team,Technical Issue,Medium
TKT-02335,2024-06-17,The app crashes whenever I upload a file larger than 10MB. We can continue working but this should be fixed quickly. for our customer success unit,Technical Issue,Medium
TKT-02336,2024-04-18,Can you explain this unexpected charge on my account? Need immediate action before end of business today. for our startup operations,Billing,High
TKT-02337,2025-03-26,I am locked out after enabling two factor authentication. Please review within the next business day. for our enterprise workspace,Account,Medium
TKT-02338,2024-09-30,I am locked out after enabling two factor authentication. Need immediate action before end of business today. for our startup operations,Account,High
TKT-02339,2024-06-16,API endpoint returns a 500 error for valid requests. We can continue working but this should be fixed quickly. for our enterprise workspace,Technical Issue,Medium
TKT-02340,2024-02-07,What is included in the business plan compared to basic? This is informational and not blocking current work. for our support desk,General Query,Low
TKT-02341,2024-10-03,I was charged twice for my monthly plan and need a refund. We can continue working but this should be fixed quickly. for our customer success unit,Billing,Medium
TKT-02342,2025-03-16,I need to update account ownership and billing contact. We can continue working but this should be fixed quickly. for our startup operations,Account,Medium
TKT-02343,2024-02-15,"Please help me reset my password for the admin account. Low urgency, just looking for guidance. for our IT service team",Account,Low
TKT-02344,2024-04-27,User permissions are wrong for our team workspace. This is informational and not blocking current work. for our IT service team,Account,Low
TKT-02345,2024-04-02,How do I set up a recurring report for my team? Please review within the next business day. for our finance team,General Query,Medium
TKT-02346,2025-05-16,Notifications are not being delivered to our users. Please prioritize immediately because operations are down. for our startup operations,Technical Issue,High
TKT-02347,2025-03-17,Notifications are not being delivered to our users. Requesting timely support to avoid escalation. for our startup operations,Technical Issue,Medium
TKT-02348,2025-04-01,Payment failed but my bank statement shows the amount deducted. Critical issue affecting multiple paying customers. for our startup operations,Billing,High
TKT-02349,2024-12-27,API endpoint returns a 500 error for valid requests. Critical issue affecting multiple paying customers. for our enterprise workspace,Technical Issue,High
TKT-02350,2024-12-26,The app crashes whenever I upload a file larger than 10MB. Requesting timely support to avoid escalation. for our IT service team,Technical Issue,Medium
TKT-02351,2024-09-07,I need to update account ownership and billing contact. We can continue working but this should be fixed quickly. for our customer success unit,Account,Medium
TKT-02352,2024-03-09,My account was suspended and I need reactivation support. Please review within the next business day. for our support desk,Account,Medium
TKT-02353,2024-07-11,User permissions are wrong for our team workspace. Please review within the next business day. for our support desk,Account,Medium
TKT-02354,2024-10-29,"Payment failed but my bank statement shows the amount deducted. Low urgency, just looking for guidance. for our support desk",Billing,Low
TKT-02355,2025-06-10,I cannot connect to the service from our office network. We can continue working but this should be fixed quickly. for our startup operations,Technical Issue,Medium
TKT-02356,2024-04-19,Payment failed but my bank statement shows the amount deducted. Critical issue affecting multiple paying customers. for our startup operations,Billing,High
TKT-02357,2024-08-25,I cannot connect to the service from our office network. This is impacting workflow and needs attention soon. for our enterprise workspace,Technical Issue,Medium
TKT-02358,2024-04-21,Please help me reset my password for the admin account. Can be handled when the team has capacity. for our support desk,Account,Low
TKT-02359,2024-10-27,Notifications are not being delivered to our users. Need immediate action before end of business today. for our enterprise workspace,Technical Issue,High
TKT-02360,2024-04-05,Invoice amount is incorrect for my last subscription renewal. This is informational and not blocking current work. for our customer success unit,Billing,Low
TKT-02361,2024-06-10,I cannot connect to the service from our office network. This is informational and not blocking current work. for our startup operations,Technical Issue,Low
TKT-02362,2024-10-11,I am locked out after enabling two factor authentication. We can continue working but this should be fixed quickly. for our support desk,Account,Medium
TKT-02363,2024-05-15,Invoice amount is incorrect for my last subscription renewal. Requesting timely support to avoid escalation. for our enterprise workspace,Billing,Medium
TKT-02364,2024-03-15,I am locked out after enabling two factor authentication. We can continue working but this should be fixed quickly. for our finance team,Account,Medium
TKT-02365,2025-06-09,My discount code was not applied to the latest invoice. Critical issue affecting multiple paying customers. for our startup operations,Billing,High
TKT-02366,2024-03-25,How do I set up a recurring report for my team? Please prioritize immediately because operations are down. for our enterprise workspace,General Query,High
TKT-02367,2024-12-01,Is there a tutorial for using custom dashboards? This is impacting workflow and needs attention soon. for our support desk,General Query,Medium
TKT-02368,2024-02-22,I cannot connect to the service from our office network. Critical issue affecting multiple paying customers. for our IT service team,Technical Issue,High
TKT-02369,2025-06-10,Billing portal shows overdue even though I paid yesterday. Please prioritize immediately because operations are down. for our enterprise workspace,Billing,High
TKT-02370,2025-01-23,I cannot connect to the service from our office network. Please review within the next business day. for our IT service team,Technical Issue,Medium
TKT-02371,2024-12-10,Is there a tutorial for using custom dashboards? Requesting timely support to avoid escalation. for our finance team,General Query,Medium
TKT-02372,2024-10-02,I cannot verify my email so onboarding is blocked. We can continue working but this should be fixed quickly. for our finance team,Account,Medium
TKT-02373,2025-05-26,What is included in the business plan compared to basic? Can be handled when the team has capacity. for our startup operations,General Query,Low
TKT-02374,2024-03-27,"Can someone share best practices for onboarding new users? No rush, this is a general improvement request. for our finance team",General Query,Low
TKT-02375,2024-04-24,My discount code was not applied to the latest invoice. Need immediate action before end of business today. for our startup operations,Billing,High
TKT-02376,2024-04-21,User permissions are wrong for our team workspace. We can continue working but this should be fixed quickly. for our enterprise workspace,Account,Medium
TKT-02377,2024-04-10,Dashboard is extremely slow and times out on login. We can continue working but this should be fixed quickly. for our support desk,Technical Issue,Medium
TKT-02378,2024-08-23,I am locked out after enabling two factor authentication. Critical issue affecting multiple paying customers. for our enterprise workspace,Account,High
TKT-02379,2025-05-18,"Payment failed but my bank statement shows the amount deducted. No rush, this is a general improvement request. for our customer success unit",Billing,Low
TKT-02380,2024-03-15,Where can I find documentation for the analytics module? Please review within the next business day. for our IT service team,General Query,Medium
TKT-02381,2024-10-02,"Is there a tutorial for using custom dashboards? No rush, this is a general improvement request. for our support desk",General Query,Low
TKT-02382,2024-02-14,I was charged twice for my monthly plan and need a refund. We can continue working but this should be fixed quickly. for our finance team,Billing,Medium
TKT-02383,2024-12-11,I need to update account ownership and billing contact. We can continue working but this should be fixed quickly. for our finance team,Account,Medium
TKT-02384,2024-07-10,"How do I set up a recurring report for my team? Low urgency, just looking for guidance. for our IT service team",General Query,Low
TKT-02385,2024-02-17,Where can I find documentation for the analytics module? We can continue working but this should be fixed quickly. for our enterprise workspace,General Query,Medium
TKT-02386,2024-10-09,Where can I find documentation for the analytics module? Can be handled when the team has capacity. for our startup operations,General Query,Low
TKT-02387,2025-01-12,API endpoint returns a 500 error for valid requests. Critical issue affecting multiple paying customers. for our IT service team,Technical Issue,High
TKT-02388,2024-03-03,Notifications are not being delivered to our users. Need immediate action before end of business today. for our enterprise workspace,Technical Issue,High
TKT-02389,2024-01-12,User permissions are wrong for our team workspace. This is urgent and blocking production. for our finance team,Account,High
TKT-02390,2024-12-30,API endpoint returns a 500 error for valid requests. We can continue working but this should be fixed quickly. for our startup operations,Technical Issue,Medium
TKT-02391,2024-12-03,User permissions are wrong for our team workspace. This is urgent and blocking production. for our startup operations,Account,High
TKT-02392,2025-03-13,I need to update account ownership and billing contact. This is impacting workflow and needs attention soon. for our support desk,Account,Medium
TKT-02393,2024-12-19,Can you explain this unexpected charge on my account? This is impacting workflow and needs attention soon. for our finance team,Billing,Medium
TKT-02394,2024-10-26,System reports an error when we try to export reports. This is impacting workflow and needs attention soon. for our finance team,Technical Issue,Medium
TKT-02395,2024-02-09,Payment failed but my bank statement shows the amount deducted. This is impacting workflow and needs attention soon. for our customer success unit,Billing,Medium
TKT-02396,2025-03-21,I cannot verify my email so onboarding is blocked. This is urgent and blocking production. for our customer success unit,Account,High
TKT-02397,2024-10-12,I am locked out after enabling two factor authentication. Can be handled when the team has capacity. for our enterprise workspace,Account,Low
TKT-02398,2024-02-22,My account was suspended and I need reactivation support. Critical issue affecting multiple paying customers. for our startup operations,Account,High
TKT-02399,2024-09-18,Is there a tutorial for using custom dashboards? Can be handled when the team has capacity. for our enterprise workspace,General Query,Low
TKT-02400,2024-10-19,My discount code was not applied to the latest invoice. We can continue working but this should be fixed quickly. for our customer success unit,Billing,Medium
TKT-02401,2024-07-30,API endpoint returns a 500 error for valid requests. Critical issue affecting multiple paying customers. for our IT service team,Technical Issue,High
TKT-02402,2024-10-12,Payment failed but my bank statement shows the amount deducted. This is informational and not blocking current work. for our finance team,Billing,Low
TKT-02403,2025-01-10,What is included in the business plan compared to basic? Requesting timely support to avoid escalation. for our enterprise workspace,General Query,Medium
TKT-02404,2024-08-24,Please help me reset my password for the admin account. This is urgent and blocking production. for our finance team,Account,High
TKT-02405,2025-01-26,I was charged twice for my monthly plan and need a refund. Critical issue affecting multiple paying customers. for our IT service team,Billing,High
TKT-02406,2025-02-05,Payment failed but my bank statement shows the amount deducted. Requesting timely support to avoid escalation. for our IT service team,Billing,Medium
TKT-02407,2024-07-13,"I cannot verify my email so onboarding is blocked. No rush, this is a general improvement request. for our finance team",Account,Low
TKT-02408,2025-06-07,"Is there a tutorial for using custom dashboards? Low urgency, just looking for guidance. for our support desk",General Query,Low
TKT-02409,2024-01-14,Invoice amount is incorrect for my last subscription renewal. We can continue working but this should be fixed quickly. for our enterprise workspace,Billing,Medium
TKT-02410,2024-06-08,I cannot connect to the service from our office network. We can continue working but this should be fixed quickly. for our support desk,Technical Issue,Medium
TKT-02411,2024-02-24,I cannot verify my email so onboarding is blocked. Need immediate action before end of business today. for our IT service team,Account,High
TKT-02412,2024-09-27,What is included in the business plan compared to basic? Can be handled when the team has capacity. for our finance team,General Query,Low
TKT-02413,2025-03-08,I was charged twice for my monthly plan and need a refund. Requesting timely support to avoid escalation. for our IT service team,Billing,Medium
TKT-02414,2025-03-18,I was charged twice for my monthly plan and need a refund. Requesting timely support to avoid escalation. for our startup operations,Billing,Medium
TKT-02415,2024-08-01,System reports an error when we try to export reports. Need immediate action before end of business today. for our customer success unit,Technical Issue,High
TKT-02416,2025-03-26,I cannot connect to the service from our office network. Please review within the next business day. for our startup operations,Technical Issue,Medium
TKT-02417,2025-06-21,Invoice amount is incorrect for my last subscription renewal. Requesting timely support to avoid escalation. for our IT service team,Billing,Medium
TKT-02418,2025-06-05,What is included in the business plan compared to basic? Can be handled when the team has capacity. for our enterprise workspace,General Query,Low
TKT-02419,2024-02-29,How do I set up a recurring report for my team? Can be handled when the team has capacity. for our customer success unit,General Query,Low
TKT-02420,2024-08-07,Dashboard is extremely slow and times out on login. Please review within the next business day. for our finance team,Technical Issue,Medium
TKT-02421,2024-06-05,Notifications are not being delivered to our users. Need immediate action before end of business today. for our IT service team,Technical Issue,High
TKT-02422,2025-04-11,Payment failed but my bank statement shows the amount deducted. Need immediate action before end of business today. for our support desk,Billing,High
TKT-02423,2024-04-10,I was charged twice for my monthly plan and need a refund. Please prioritize immediately because operations are down. for our finance team,Billing,High
TKT-02424,2024-07-25,I cannot verify my email so onboarding is blocked. Critical issue affecting multiple paying customers. for our startup operations,Account,High
TKT-02425,2024-04-28,The app crashes whenever I upload a file larger than 10MB. This is urgent and blocking production. for our enterprise workspace,Technical Issue,High
TKT-02426,2024-05-31,Invoice amount is incorrect for my last subscription renewal. Need immediate action before end of business today. for our finance team,Billing,High
TKT-02427,2025-05-14,Dashboard is extremely slow and times out on login. Need immediate action before end of business today. for our customer success unit,Technical Issue,High
TKT-02428,2024-08-06,User permissions are wrong for our team workspace. Requesting timely support to avoid escalation. for our customer success unit,Account,Medium
TKT-02429,2024-09-20,"Can someone share best practices for onboarding new users? No rush, this is a general improvement request. for our customer success unit",General Query,Low
TKT-02430,2024-01-05,Can you explain this unexpected charge on my account? Need immediate action before end of business today. for our finance team,Billing,High
TKT-02431,2024-07-19,I am locked out after enabling two factor authentication. Can be handled when the team has capacity. for our finance team,Account,Low
TKT-02432,2024-05-15,The app crashes whenever I upload a file larger than 10MB. This is impacting workflow and needs attention soon. for our enterprise workspace,Technical Issue,Medium
TKT-02433,2024-07-22,System reports an error when we try to export reports. Can be handled when the team has capacity. for our enterprise workspace,Technical Issue,Low
TKT-02434,2024-11-14,How do I set up a recurring report for my team? This is impacting workflow and needs attention soon. for our customer success unit,General Query,Medium
TKT-02435,2024-12-22,Payment failed but my bank statement shows the amount deducted. Critical issue affecting multiple paying customers. for our enterprise workspace,Billing,High
TKT-02436,2024-12-13,The app crashes whenever I upload a file larger than 10MB. Critical issue affecting multiple paying customers. for our IT service team,Technical Issue,High
TKT-02437,2025-04-27,Please help me reset my password for the admin account. This is informational and not blocking current work. for our IT service team,Account,Low
TKT-02438,2025-04-26,Please help me reset my password for the admin account. Need immediate action before end of business today. for our IT service team,Account,High
TKT-02439,2024-08-24,Notifications are not being delivered to our users. Critical issue affecting multiple paying customers. for our customer success unit,Technical Issue,High
TKT-02440,2024-05-12,I cannot verify my email so onboarding is blocked. This is impacting workflow and needs attention soon. for our support desk,Account,Medium
TKT-02441,2024-06-06,How do I set up a recurring report for my team? Critical issue affecting multiple paying customers. for our IT service team,General Query,High
TKT-02442,2024-12-18,Notifications are not being delivered to our users. Please review within the next business day. for our IT service team,Technical Issue,Medium
TKT-02443,2025-02-05,I cannot verify my email so onboarding is blocked. Please prioritize immediately because operations are down. for our customer success unit,Account,High
TKT-02444,2024-02-28,I need to update account ownership and billing contact. Requesting timely support to avoid escalation. for our enterprise workspace,Account,Medium
TKT-02445,2025-03-15,My discount code was not applied to the latest invoice. We can continue working but this should be fixed quickly. for our enterprise workspace,Billing,Medium
TKT-02446,2024-04-30,Payment failed but my bank statement shows the amount deducted. We can continue working but this should be fixed quickly. for our support desk,Billing,Medium
TKT-02447,2024-07-21,Dashboard is extremely slow and times out on login. This is impacting workflow and needs attention soon. for our customer success unit,Technical Issue,Medium
TKT-02448,2024-03-06,"Can you explain this unexpected charge on my account? No rush, this is a general improvement request. for our IT service team",Billing,Low
TKT-02449,2024-11-24,Can you explain this unexpected charge on my account? This is urgent and blocking production. for our enterprise workspace,Billing,High
TKT-02450,2024-08-05,Billing portal shows overdue even though I paid yesterday. This is impacting workflow and needs attention soon. for our enterprise workspace,Billing,Medium
TKT-02451,2025-01-29,Invoice amount is incorrect for my last subscription renewal. We can continue working but this should be fixed quickly. for our finance team,Billing,Medium
TKT-02452,2024-01-31,Can you explain this unexpected charge on my account? This is informational and not blocking current work. for our enterprise workspace,Billing,Low
TKT-02453,2024-07-25,System reports an error when we try to export reports. Please review within the next business day. for our startup operations,Technical Issue,Medium
TKT-02454,2024-04-04,I need to update account ownership and billing contact. Need immediate action before end of business today. for our startup operations,Account,High
TKT-02455,2025-04-22,Can you explain this unexpected charge on my account? Please prioritize immediately because operations are down. for our finance team,Billing,High
TKT-02456,2024-08-30,My account was suspended and I need reactivation support. This is informational and not blocking current work. for our support desk,Account,Low
TKT-02457,2024-09-24,Notifications are not being delivered to our users. Need immediate action before end of business today. for our startup operations,Technical Issue,High
TKT-02458,2024-05-01,API endpoint returns a 500 error for valid requests. Requesting timely support to avoid escalation. for our enterprise workspace,Technical Issue,Medium
TKT-02459,2024-01-05,"I am locked out after enabling two factor authentication. Low urgency, just looking for guidance. for our startup operations",Account,Low
TKT-02460,2025-06-05,I was charged twice for my monthly plan and need a refund. Requesting timely support to avoid escalation. for our customer success unit,Billing,Medium
TKT-02461,2024-12-11,Notifications are not being delivered to our users. This is urgent and blocking production. for our IT service team,Technical Issue,High
TKT-02462,2024-07-29,Billing portal shows overdue even though I paid yesterday. Requesting timely support to avoid escalation. for our startup operations,Billing,Medium
TKT-02463,2025-01-12,System reports an error when we try to export reports. Please prioritize immediately because operations are down. for our startup operations,Technical Issue,High
TKT-02464,2024-02-21,Dashboard is extremely slow and times out on login. This is urgent and blocking production. for our customer success unit,Technical Issue,High
TKT-02465,2024-09-27,I need to update account ownership and billing contact. We can continue working but this should be fixed quickly. for our enterprise workspace,Account,Medium
TKT-02466,2025-05-14,Invoice amount is incorrect for my last subscription renewal. This is impacting workflow and needs attention soon. for our startup operations,Billing,Medium
TKT-02467,2025-02-28,Can you explain this unexpected charge on my account? This is impacting workflow and needs attention soon. for our enterprise workspace,Billing,Medium
TKT-02468,2025-03-19,"My discount code was not applied to the latest invoice. No rush, this is a general improvement request. for our IT service team",Billing,Low
TKT-02469,2024-07-12,My account was suspended and I need reactivation support. This is urgent and blocking production. for our startup operations,Account,High
TKT-02470,2024-07-09,"User permissions are wrong for our team workspace. No rush, this is a general improvement request. for our enterprise workspace",Account,Low
TKT-02471,2024-07-05,Billing portal shows overdue even though I paid yesterday. Critical issue affecting multiple paying customers. for our startup operations,Billing,High
TKT-02472,2025-02-21,Invoice amount is incorrect for my last subscription renewal. This is informational and not blocking current work. for our customer success unit,Billing,Low
TKT-02473,2024-09-29,I was charged twice for my monthly plan and need a refund. This is informational and not blocking current work. for our support desk,Billing,Low
TKT-02474,2025-03-21,Payment failed but my bank statement shows the amount deducted. This is informational and not blocking current work. for our IT service team,Billing,Low
TKT-02475,2025-05-12,I need to update account ownership and billing contact. This is informational and not blocking current work. for our enterprise workspace,Account,Low
TKT-02476,2024-09-27,Can you explain this unexpected charge on my account? Critical issue affecting multiple paying customers. for our IT service team,Billing,High
TKT-02477,2025-03-01,The app crashes whenever I upload a file larger than 10MB. We can continue working but this should be fixed quickly. for our IT service team,Technical Issue,Medium
TKT-02478,2024-12-08,Dashboard is extremely slow and times out on login. This is impacting workflow and needs attention soon. for our customer success unit,Technical Issue,Medium
TKT-02479,2024-06-13,Is there a tutorial for using custom dashboards? Please review within the next business day. for our startup operations,General Query,Medium
TKT-02480,2025-04-26,Dashboard is extremely slow and times out on login. This is urgent and blocking production. for our support desk,Technical Issue,High
TKT-02481,2024-01-23,Can you explain this unexpected charge on my account? We can continue working but this should be fixed quickly. for our support desk,Billing,Medium
TKT-02482,2024-01-19,My discount code was not applied to the latest invoice. This is informational and not blocking current work. for our support desk,Billing,Low
TKT-02483,2025-01-02,My account was suspended and I need reactivation support. This is impacting workflow and needs attention soon. for our support desk,Account,Medium
TKT-02484,2024-06-06,API endpoint returns a 500 error for valid requests. Need immediate action before end of business today. for our finance team,Technical Issue,High
TKT-02485,2025-01-16,System reports an error when we try to export reports. Need immediate action before end of business today. for our startup operations,Technical Issue,High
TKT-02486,2024-11-05,What is included in the business plan compared to basic? Requesting timely support to avoid escalation. for our enterprise workspace,General Query,Medium
TKT-02487,2024-05-10,System reports an error when we try to export reports. Need immediate action before end of business today. for our customer success unit,Technical Issue,High
TKT-02488,2025-06-20,I cannot verify my email so onboarding is blocked. This is impacting workflow and needs attention soon. for our customer success unit,Account,Medium
TKT-02489,2024-09-14,Please help me reset my password for the admin account. We can continue working but this should be fixed quickly. for our customer success unit,Account,Medium
TKT-02490,2024-06-30,I am locked out after enabling two factor authentication. Please prioritize immediately because operations are down. for our finance team,Account,High
TKT-02491,2025-06-11,I cannot connect to the service from our office network. This is urgent and blocking production. for our finance team,Technical Issue,High
TKT-02492,2024-12-01,I was charged twice for my monthly plan and need a refund. Please prioritize immediately because operations are down. for our customer success unit,Billing,High
TKT-02493,2024-02-20,Billing portal shows overdue even though I paid yesterday. We can continue working but this should be fixed quickly. for our support desk,Billing,Medium
TKT-02494,2024-02-29,What is included in the business plan compared to basic? We can continue working but this should be fixed quickly. for our IT service team,General Query,Medium
TKT-02495,2024-03-08,"I am locked out after enabling two factor authentication. No rush, this is a general improvement request. for our support desk",Account,Low
TKT-02496,2024-11-19,Dashboard is extremely slow and times out on login. Need immediate action before end of business today. for our startup operations,Technical Issue,High
TKT-02497,2025-03-15,"I cannot connect to the service from our office network. Low urgency, just looking for guidance. for our customer success unit",Technical Issue,Low
TKT-02498,2024-07-06,Dashboard is extremely slow and times out on login. Please prioritize immediately because operations are down. for our startup operations,Technical Issue,High
TKT-02499,2024-08-29,Dashboard is extremely slow and times out on login. Please prioritize immediately because operations are down. for our IT service team,Technical Issue,High
TKT-02500,2024-09-16,The app crashes whenever I upload a file larger than 10MB. Please prioritize immediately because operations are down. for our startup operations,Technical Issue,High
TKT-02501,2024-01-20,"User permissions are wrong for our team workspace. No rush, this is a general improvement request. for our startup operations",Account,Low
TKT-02502,2025-06-12,Dashboard is extremely slow and times out on login. Please prioritize immediately because operations are down. for our enterprise workspace,Technical Issue,High
TKT-02503,2024-10-01,Payment failed but my bank statement shows the amount deducted. We can continue working but this should be fixed quickly. for our finance team,Billing,Medium
TKT-02504,2024-02-25,Payment failed but my bank statement shows the amount deducted. Need immediate action before end of business today. for our IT service team,Billing,High
TKT-02505,2025-01-26,I need to update account ownership and billing contact. Can be handled when the team has capacity. for our customer success unit,Account,Low
TKT-02506,2025-06-22,My discount code was not applied to the latest invoice. Please review within the next business day. for our finance team,Billing,Medium
TKT-02507,2024-03-28,Invoice amount is incorrect for my last subscription renewal. Need immediate action before end of business today. for our enterprise workspace,Billing,High
TKT-02508,2025-02-09,What is included in the business plan compared to basic? This is informational and not blocking current work. for our enterprise workspace,General Query,Low
TKT-02509,2025-05-23,User permissions are wrong for our team workspace. Need immediate action before end of business today. for our customer success unit,Account,High
TKT-02510,2024-10-16,Can someone share best practices for onboarding new users? This is informational and not blocking current work. for our enterprise workspace,General Query,Low
TKT-02511,2024-12-21,Payment failed but my bank statement shows the amount deducted. We can continue working but this should be fixed quickly. for our startup operations,Billing,Medium
TKT-02512,2024-08-19,System reports an error when we try to export reports. Critical issue affecting multiple paying customers. for our enterprise workspace,Technical Issue,High
TKT-02513,2024-01-13,"Do you support integration with third-party CRM tools? No rush, this is a general improvement request. for our customer success unit",General Query,Low
TKT-02514,2024-04-03,My account was suspended and I need reactivation support. Requesting timely support to avoid escalation. for our startup operations,Account,Medium
TKT-02515,2025-06-08,My discount code was not applied to the latest invoice. We can continue working but this should be fixed quickly. for our startup operations,Billing,Medium
TKT-02516,2024-02-07,"Is there a tutorial for using custom dashboards? Low urgency, just looking for guidance. for our startup operations",General Query,Low
TKT-02517,2025-06-02,The app crashes whenever I upload a file larger than 10MB. Can be handled when the team has capacity. for our enterprise workspace,Technical Issue,Low
TKT-02518,2025-05-04,Can you explain this unexpected charge on my account? Critical issue affecting multiple paying customers. for our customer success unit,Billing,High
TKT-02519,2025-02-06,I cannot connect to the service from our office network. This is impacting workflow and needs attention soon. for our support desk,Technical Issue,Medium
TKT-02520,2025-01-20,The app crashes whenever I upload a file larger than 10MB. Critical issue affecting multiple paying customers. for our customer success unit,Technical Issue,High
TKT-02521,2025-05-31,I cannot connect to the service from our office network. This is urgent and blocking production. for our finance team,Technical Issue,High
TKT-02522,2025-03-23,User permissions are wrong for our team workspace. This is informational and not blocking current work. for our IT service team,Account,Low
TKT-02523,2024-02-25,Can you explain this unexpected charge on my account? We can continue working but this should be fixed quickly. for our support desk,Billing,Medium
TKT-02524,2024-12-22,I was charged twice for my monthly plan and need a refund. Requesting timely support to avoid escalation. for our enterprise workspace,Billing,Medium
TKT-02525,2024-05-05,"Billing portal shows overdue even though I paid yesterday. No rush, this is a general improvement request. for our startup operations",Billing,Low
TKT-02526,2025-03-11,"Do you support integration with third-party CRM tools? Low urgency, just looking for guidance. for our IT service team",General Query,Low
TKT-02527,2025-05-26,My account was suspended and I need reactivation support. Please review within the next business day. for our enterprise workspace,Account,Medium
TKT-02528,2024-06-09,Do you support integration with third-party CRM tools? Please review within the next business day. for our startup operations,General Query,Medium
TKT-02529,2024-08-23,Dashboard is extremely slow and times out on login. This is impacting workflow and needs attention soon. for our finance team,Technical Issue,Medium
TKT-02530,2024-06-17,Where can I find documentation for the analytics module? Can be handled when the team has capacity. for our startup operations,General Query,Low
TKT-02531,2024-03-09,Invoice amount is incorrect for my last subscription renewal. This is urgent and blocking production. for our finance team,Billing,High
TKT-02532,2025-05-28,Invoice amount is incorrect for my last subscription renewal. This is impacting workflow and needs attention soon. for our finance team,Billing,Medium
TKT-02533,2024-02-27,Billing portal shows overdue even though I paid yesterday. Requesting timely support to avoid escalation. for our support desk,Billing,Medium
TKT-02534,2024-04-23,API endpoint returns a 500 error for valid requests. We can continue working but this should be fixed quickly. for our enterprise workspace,Technical Issue,Medium
TKT-02535,2024-01-25,My account was suspended and I need reactivation support. Please review within the next business day. for our IT service team,Account,Medium
TKT-02536,2024-03-15,My discount code was not applied to the latest invoice. Can be handled when the team has capacity. for our IT service team,Billing,Low
TKT-02537,2024-01-31,"System reports an error when we try to export reports. No rush, this is a general improvement request. for our finance team",Technical Issue,Low
TKT-02538,2025-04-29,The app crashes whenever I upload a file larger than 10MB. Please review within the next business day. for our support desk,Technical Issue,Medium
TKT-02539,2024-07-02,Payment failed but my bank statement shows the amount deducted. Please review within the next business day. for our finance team,Billing,Medium
TKT-02540,2025-02-06,Dashboard is extremely slow and times out on login. Please review within the next business day. for our IT service team,Technical Issue,Medium
TKT-02541,2024-10-18,Payment failed but my bank statement shows the amount deducted. Please review within the next business day. for our customer success unit,Billing,Medium
TKT-02542,2025-03-22,"Billing portal shows overdue even though I paid yesterday. Low urgency, just looking for guidance. for our startup operations",Billing,Low
TKT-02543,2024-06-20,Do you support integration with third-party CRM tools? We can continue working but this should be fixed quickly. for our IT service team,General Query,Medium
TKT-02544,2025-01-05,Where can I find documentation for the analytics module? This is impacting workflow and needs attention soon. for our support desk,General Query,Medium
TKT-02545,2024-12-22,Payment failed but my bank statement shows the amount deducted. Please review within the next business day. for our customer success unit,Billing,Medium
TKT-02546,2024-01-27,"Is there a tutorial for using custom dashboards? No rush, this is a general improvement request. for our enterprise workspace",General Query,Low
TKT-02547,2024-07-07,My discount code was not applied to the latest invoice. Critical issue affecting multiple paying customers. for our IT service team,Billing,High
TKT-02548,2024-03-05,I was charged twice for my monthly plan and need a refund. Need immediate action before end of business today. for our support desk,Billing,High
TKT-02549,2025-05-12,System reports an error when we try to export reports. This is urgent and blocking production. for our startup operations,Technical Issue,High
TKT-02550,2025-03-12,Billing portal shows overdue even though I paid yesterday. We can continue working but this should be fixed quickly. for our finance team,Billing,Medium
TKT-02551,2024-09-20,Please help me reset my password for the admin account. Can be handled when the team has capacity. for our customer success unit,Account,Low
TKT-02552,2024-04-21,I am locked out after enabling two factor authentication. We can continue working but this should be fixed quickly. for our startup operations,Account,Medium
TKT-02553,2024-08-13,My discount code was not applied to the latest invoice. This is impacting workflow and needs attention soon. for our startup operations,Billing,Medium
TKT-02554,2024-10-30,Invoice amount is incorrect for my last subscription renewal. We can continue working but this should be fixed quickly. for our enterprise workspace,Billing,Medium
TKT-02555,2025-01-12,Please help me reset my password for the admin account. This is urgent and blocking production. for our finance team,Account,High
TKT-02556,2025-01-16,User permissions are wrong for our team workspace. This is informational and not blocking current work. for our support desk,Account,Low
TKT-02557,2024-02-09,I cannot verify my email so onboarding is blocked. This is informational and not blocking current work. for our customer success unit,Account,Low
TKT-02558,2025-02-15,Payment failed but my bank statement shows the amount deducted. We can continue working but this should be fixed quickly. for our IT service team,Billing,Medium
TKT-02559,2024-05-14,Notifications are not being delivered to our users. Need immediate action before end of business today. for our support desk,Technical Issue,High
TKT-02560,2024-08-04,User permissions are wrong for our team workspace. Please prioritize immediately because operations are down. for our support desk,Account,High
TKT-02561,2024-07-01,API endpoint returns a 500 error for valid requests. This is urgent and blocking production. for our support desk,Technical Issue,High
TKT-02562,2024-07-29,Notifications are not being delivered to our users. This is impacting workflow and needs attention soon. for our IT service team,Technical Issue,Medium
TKT-02563,2025-06-14,"I was charged twice for my monthly plan and need a refund. Low urgency, just looking for guidance. for our finance team",Billing,Low
TKT-02564,2024-06-14,Do you support integration with third-party CRM tools? We can continue working but this should be fixed quickly. for our enterprise workspace,General Query,Medium
TKT-02565,2025-05-08,Do you support integration with third-party CRM tools? Can be handled when the team has capacity. for our support desk,General Query,Low
TKT-02566,2024-05-11,"I am locked out after enabling two factor authentication. No rush, this is a general improvement request. for our finance team",Account,Low
TKT-02567,2024-06-06,The app crashes whenever I upload a file larger than 10MB. Please prioritize immediately because operations are down. for our enterprise workspace,Technical Issue,High
TKT-02568,2025-04-04,My account was suspended and I need reactivation support. Critical issue affecting multiple paying customers. for our enterprise workspace,Account,High
TKT-02569,2024-03-13,Dashboard is extremely slow and times out on login. This is urgent and blocking production. for our enterprise workspace,Technical Issue,High
TKT-02570,2025-06-15,I need to update account ownership and billing contact. This is impacting workflow and needs attention soon. for our support desk,Account,Medium
TKT-02571,2025-05-30,My account was suspended and I need reactivation support. Can be handled when the team has capacity. for our support desk,Account,Low
TKT-02572,2025-04-26,Invoice amount is incorrect for my last subscription renewal. Need immediate action before end of business today. for our enterprise workspace,Billing,High
TKT-02573,2025-02-11,API endpoint returns a 500 error for valid requests. Please prioritize immediately because operations are down. for our finance team,Technical Issue,High
TKT-02574,2024-12-25,Can someone share best practices for onboarding new users? This is impacting workflow and needs attention soon. for our startup operations,General Query,Medium
TKT-02575,2025-06-17,Please help me reset my password for the admin account. We can continue working but this should be fixed quickly. for our IT service team,Account,Medium
TKT-02576,2024-10-23,Payment failed but my bank statement shows the amount deducted. We can continue working but this should be fixed quickly. for our IT service team,Billing,Medium
TKT-02577,2024-03-07,How do I set up a recurring report for my team? This is informational and not blocking current work. for our startup operations,General Query,Low
TKT-02578,2024-09-20,I am locked out after enabling two factor authentication. This is urgent and blocking production. for our startup operations,Account,High
TKT-02579,2025-04-03,API endpoint returns a 500 error for valid requests. This is informational and not blocking current work. for our finance team,Technical Issue,Low
TKT-02580,2024-08-13,Dashboard is extremely slow and times out on login. Requesting timely support to avoid escalation. for our enterprise workspace,Technical Issue,Medium
TKT-02581,2024-11-09,I cannot verify my email so onboarding is blocked. This is impacting workflow and needs attention soon. for our support desk,Account,Medium
TKT-02582,2024-04-14,My discount code was not applied to the latest invoice. This is urgent and blocking production. for our startup operations,Billing,High
TKT-02583,2025-04-01,System reports an error when we try to export reports. Please review within the next business day. for our finance team,Technical Issue,Medium
TKT-02584,2025-05-17,Dashboard is extremely slow and times out on login. This is urgent and blocking production. for our customer success unit,Technical Issue,High
TKT-02585,2025-01-21,The app crashes whenever I upload a file larger than 10MB. Can be handled when the team has capacity. for our enterprise workspace,Technical Issue,Low
TKT-02586,2025-05-29,"My account was suspended and I need reactivation support. No rush, this is a general improvement request. for our IT service team",Account,Low
TKT-02587,2024-10-31,Dashboard is extremely slow and times out on login. We can continue working but this should be fixed quickly. for our finance team,Technical Issue,Medium
TKT-02588,2024-09-22,Dashboard is extremely slow and times out on login. Please review within the next business day. for our startup operations,Technical Issue,Medium
TKT-02589,2025-01-02,API endpoint returns a 500 error for valid requests. Please review within the next business day. for our customer success unit,Technical Issue,Medium
TKT-02590,2025-01-18,The app crashes whenever I upload a file larger than 10MB. We can continue working but this should be fixed quickly. for our IT service team,Technical Issue,Medium
TKT-02591,2025-01-02,I cannot verify my email so onboarding is blocked. This is impacting workflow and needs attention soon. for our support desk,Account,Medium
TKT-02592,2024-08-22,Billing portal shows overdue even though I paid yesterday. Need immediate action before end of business today. for our startup operations,Billing,High
TKT-02593,2024-01-11,"I cannot connect to the service from our office network. No rush, this is a general improvement request. for our support desk",Technical Issue,Low
TKT-02594,2025-02-22,Invoice amount is incorrect for my last subscription renewal. Critical issue affecting multiple paying customers. for our IT service team,Billing,High
TKT-02595,2024-01-09,Notifications are not being delivered to our users. Critical issue affecting multiple paying customers. for our customer success unit,Technical Issue,High
TKT-02596,2025-03-17,My account was suspended and I need reactivation support. This is impacting workflow and needs attention soon. for our IT service team,Account,Medium
TKT-02597,2024-11-20,I am locked out after enabling two factor authentication. We can continue working but this should be fixed quickly. for our IT service team,Account,Medium
TKT-02598,2025-05-19,Can you explain this unexpected charge on my account? Critical issue affecting multiple paying customers. for our IT service team,Billing,High
TKT-02599,2024-08-25,System reports an error when we try to export reports. We can continue working but this should be fixed quickly. for our customer success unit,Technical Issue,Medium
TKT-02600,2025-03-10,Can you explain this unexpected charge on my account? Requesting timely support to avoid escalation. for our support desk,Billing,Medium
TKT-02601,2024-11-11,What is included in the business plan compared to basic? We can continue working but this should be fixed quickly. for our IT service team,General Query,Medium
TKT-02602,2024-12-28,I was charged twice for my monthly plan and need a refund. Need immediate action before end of business today. for our startup operations,Billing,High
TKT-02603,2024-01-13,My account was suspended and I need reactivation support. We can continue working but this should be fixed quickly. for our support desk,Account,Medium
TKT-02604,2025-06-05,Invoice amount is incorrect for my last subscription renewal. Please review within the next business day. for our customer success unit,Billing,Medium
TKT-02605,2025-01-26,Notifications are not being delivered to our users. This is urgent and blocking production. for our startup operations,Technical Issue,High
TKT-02606,2024-05-22,I was charged twice for my monthly plan and need a refund. Please prioritize immediately because operations are down. for our customer success unit,Billing,High
TKT-02607,2025-02-27,Dashboard is extremely slow and times out on login. This is urgent and blocking production. for our customer success unit,Technical Issue,High
TKT-02608,2024-12-04,API endpoint returns a 500 error for valid requests. This is impacting workflow and needs attention soon. for our support desk,Technical Issue,Medium
TKT-02609,2025-06-21,System reports an error when we try to export reports. Please prioritize immediately because operations are down. for our customer success unit,Technical Issue,High
TKT-02610,2024-08-15,"Can you explain this unexpected charge on my account? Low urgency, just looking for guidance. for our IT service team",Billing,Low
TKT-02611,2024-11-30,The app crashes whenever I upload a file larger than 10MB. Need immediate action before end of business today. for our enterprise workspace,Technical Issue,High
TKT-02612,2024-02-15,System reports an error when we try to export reports. Need immediate action before end of business today. for our IT service team,Technical Issue,High
TKT-02613,2025-04-28,Can you explain this unexpected charge on my account? Please review within the next business day. for our support desk,Billing,Medium
TKT-02614,2025-02-25,I am locked out after enabling two factor authentication. Please prioritize immediately because operations are down. for our customer success unit,Account,High
TKT-02615,2024-12-04,Notifications are not being delivered to our users. Please prioritize immediately because operations are down. for our support desk,Technical Issue,High
TKT-02616,2025-01-15,"How do I set up a recurring report for my team? No rush, this is a general improvement request. for our customer success unit",General Query,Low
TKT-02617,2024-04-17,I was charged twice for my monthly plan and need a refund. Can be handled when the team has capacity. for our IT service team,Billing,Low
TKT-02618,2024-11-05,System reports an error when we try to export reports. This is urgent and blocking production. for our startup operations,Technical Issue,High
TKT-02619,2024-02-06,Please help me reset my password for the admin account. Can be handled when the team has capacity. for our IT service team,Account,Low
TKT-02620,2025-04-28,System reports an error when we try to export reports. This is urgent and blocking production. for our IT service team,Technical Issue,High
TKT-02621,2024-12-14,Do you support integration with third-party CRM tools? Need immediate action before end of business today. for our IT service team,General Query,High
TKT-02622,2024-02-07,I was charged twice for my monthly plan and need a refund. This is impacting workflow and needs attention soon. for our enterprise workspace,Billing,Medium
TKT-02623,2024-08-31,Is there a tutorial for using custom dashboards? Can be handled when the team has capacity. for our support desk,General Query,Low
TKT-02624,2025-04-14,"Can someone share best practices for onboarding new users? Low urgency, just looking for guidance. for our support desk",General Query,Low
TKT-02625,2025-02-20,System reports an error when we try to export reports. We can continue working but this should be fixed quickly. for our customer success unit,Technical Issue,Medium
TKT-02626,2024-11-28,Notifications are not being delivered to our users. This is urgent and blocking production. for our support desk,Technical Issue,High
TKT-02627,2024-02-15,I need to update account ownership and billing contact. This is informational and not blocking current work. for our IT service team,Account,Low
TKT-02628,2025-02-26,I was charged twice for my monthly plan and need a refund. This is informational and not blocking current work. for our startup operations,Billing,Low
TKT-02629,2024-04-02,Payment failed but my bank statement shows the amount deducted. Requesting timely support to avoid escalation. for our startup operations,Billing,Medium
TKT-02630,2025-05-29,Invoice amount is incorrect for my last subscription renewal. We can continue working but this should be fixed quickly. for our startup operations,Billing,Medium
TKT-02631,2024-09-16,"Where can I find documentation for the analytics module? No rush, this is a general improvement request. for our support desk",General Query,Low
TKT-02632,2024-12-18,"Can someone share best practices for onboarding new users? Low urgency, just looking for guidance. for our IT service team",General Query,Low
TKT-02633,2024-02-05,I was charged twice for my monthly plan and need a refund. We can continue working but this should be fixed quickly. for our IT service team,Billing,Medium
TKT-02634,2024-07-07,API endpoint returns a 500 error for valid requests. This is impacting workflow and needs attention soon. for our IT service team,Technical Issue,Medium
TKT-02635,2025-05-31,I am locked out after enabling two factor authentication. This is informational and not blocking current work. for our startup operations,Account,Low
TKT-02636,2025-02-21,"Can someone share best practices for onboarding new users? No rush, this is a general improvement request. for our IT service team",General Query,Low
TKT-02637,2024-07-31,Invoice amount is incorrect for my last subscription renewal. This is informational and not blocking current work. for our finance team,Billing,Low
TKT-02638,2024-04-25,System reports an error when we try to export reports. Requesting timely support to avoid escalation. for our enterprise workspace,Technical Issue,Medium
TKT-02639,2025-05-11,How do I set up a recurring report for my team? Need immediate action before end of business today. for our customer success unit,General Query,High
TKT-02640,2025-03-31,Notifications are not being delivered to our users. Need immediate action before end of business today. for our finance team,Technical Issue,High
TKT-02641,2024-04-13,API endpoint returns a 500 error for valid requests. Requesting timely support to avoid escalation. for our support desk,Technical Issue,Medium
TKT-02642,2025-03-24,I cannot verify my email so onboarding is blocked. This is impacting workflow and needs attention soon. for our support desk,Account,Medium
TKT-02643,2024-10-04,Dashboard is extremely slow and times out on login. This is informational and not blocking current work. for our customer success unit,Technical Issue,Low
TKT-02644,2024-12-31,I cannot connect to the service from our office network. Need immediate action before end of business today. for our customer success unit,Technical Issue,High
TKT-02645,2024-02-16,I am locked out after enabling two factor authentication. Please review within the next business day. for our support desk,Account,Medium
TKT-02646,2024-09-10,I need to update account ownership and billing contact. We can continue working but this should be fixed quickly. for our support desk,Account,Medium
TKT-02647,2025-06-08,The app crashes whenever I upload a file larger than 10MB. We can continue working but this should be fixed quickly. for our finance team,Technical Issue,Medium
TKT-02648,2025-03-12,Can you explain this unexpected charge on my account? This is impacting workflow and needs attention soon. for our enterprise workspace,Billing,Medium
TKT-02649,2024-09-02,Dashboard is extremely slow and times out on login. Need immediate action before end of business today. for our finance team,Technical Issue,High
TKT-02650,2025-04-29,I was charged twice for my monthly plan and need a refund. This is impacting workflow and needs attention soon. for our enterprise workspace,Billing,Medium
TKT-02651,2025-03-03,"Please help me reset my password for the admin account. Low urgency, just looking for guidance. for our startup operations",Account,Low
TKT-02652,2025-05-19,Dashboard is extremely slow and times out on login. Please prioritize immediately because operations are down. for our IT service team,Technical Issue,High
TKT-02653,2024-04-15,"What is included in the business plan compared to basic? No rush, this is a general improvement request. for our support desk",General Query,Low
TKT-02654,2024-07-23,What is included in the business plan compared to basic? We can continue working but this should be fixed quickly. for our finance team,General Query,Medium
TKT-02655,2025-02-23,Dashboard is extremely slow and times out on login. Requesting timely support to avoid escalation. for our finance team,Technical Issue,Medium
TKT-02656,2024-11-08,I cannot connect to the service from our office network. Need immediate action before end of business today. for our customer success unit,Technical Issue,High
TKT-02657,2024-02-04,System reports an error when we try to export reports. This is impacting workflow and needs attention soon. for our support desk,Technical Issue,Medium
TKT-02658,2024-06-09,"What is included in the business plan compared to basic? No rush, this is a general improvement request. for our IT service team",General Query,Low
TKT-02659,2024-02-08,How do I set up a recurring report for my team? This is informational and not blocking current work. for our startup operations,General Query,Low
TKT-02660,2024-06-16,Is there a tutorial for using custom dashboards? This is informational and not blocking current work. for our IT service team,General Query,Low
TKT-02661,2025-06-11,"I cannot verify my email so onboarding is blocked. Low urgency, just looking for guidance. for our customer success unit",Account,Low
TKT-02662,2025-03-16,I cannot verify my email so onboarding is blocked. Please review within the next business day. for our customer success unit,Account,Medium
TKT-02663,2024-08-27,Can you explain this unexpected charge on my account? Critical issue affecting multiple paying customers. for our enterprise workspace,Billing,High
TKT-02664,2024-05-24,User permissions are wrong for our team workspace. Please prioritize immediately because operations are down. for our IT service team,Account,High
TKT-02665,2024-09-15,My account was suspended and I need reactivation support. Can be handled when the team has capacity. for our finance team,Account,Low
TKT-02666,2025-02-24,Can you explain this unexpected charge on my account? Requesting timely support to avoid escalation. for our enterprise workspace,Billing,Medium
TKT-02667,2024-01-17,Can you explain this unexpected charge on my account? Please review within the next business day. for our IT service team,Billing,Medium
TKT-02668,2025-03-05,My discount code was not applied to the latest invoice. This is urgent and blocking production. for our support desk,Billing,High
TKT-02669,2024-11-06,Dashboard is extremely slow and times out on login. Requesting timely support to avoid escalation. for our enterprise workspace,Technical Issue,Medium
TKT-02670,2024-08-19,I cannot connect to the service from our office network. This is impacting workflow and needs attention soon. for our startup operations,Technical Issue,Medium
TKT-02671,2025-04-03,I cannot connect to the service from our office network. Requesting timely support to avoid escalation. for our IT service team,Technical Issue,Medium
TKT-02672,2025-04-16,Please help me reset my password for the admin account. Requesting timely support to avoid escalation. for our support desk,Account,Medium
TKT-02673,2024-10-02,"System reports an error when we try to export reports. Low urgency, just looking for guidance. for our customer success unit",Technical Issue,Low
TKT-02674,2024-03-01,I was charged twice for my monthly plan and need a refund. Need immediate action before end of business today. for our customer success unit,Billing,High
TKT-02675,2025-04-02,Dashboard is extremely slow and times out on login. Requesting timely support to avoid escalation. for our finance team,Technical Issue,Medium
TKT-02676,2024-12-27,Please help me reset my password for the admin account. This is impacting workflow and needs attention soon. for our startup operations,Account,Medium
TKT-02677,2024-10-24,Can you explain this unexpected charge on my account? Requesting timely support to avoid escalation. for our support desk,Billing,Medium
TKT-02678,2024-08-22,Please help me reset my password for the admin account. Requesting timely support to avoid escalation. for our IT service team,Account,Medium
TKT-02679,2024-06-08,Dashboard is extremely slow and times out on login. Critical issue affecting multiple paying customers. for our support desk,Technical Issue,High
TKT-02680,2024-10-31,The app crashes whenever I upload a file larger than 10MB. This is impacting workflow and needs attention soon. for our startup operations,Technical Issue,Medium
TKT-02681,2024-04-01,My discount code was not applied to the latest invoice. This is impacting workflow and needs attention soon. for our IT service team,Billing,Medium
TKT-02682,2024-11-26,How do I set up a recurring report for my team? This is informational and not blocking current work. for our finance team,General Query,Low
TKT-02683,2024-01-20,I need to update account ownership and billing contact. This is informational and not blocking current work. for our customer success unit,Account,Low
TKT-02684,2024-09-07,User permissions are wrong for our team workspace. Can be handled when the team has capacity. for our startup operations,Account,Low
TKT-02685,2024-07-23,The app crashes whenever I upload a file larger than 10MB. Critical issue affecting multiple paying customers. for our customer success unit,Technical Issue,High
TKT-02686,2025-03-18,"What is included in the business plan compared to basic? No rush, this is a general improvement request. for our customer success unit",General Query,Low
TKT-02687,2025-03-27,I am locked out after enabling two factor authentication. Please review within the next business day. for our enterprise workspace,Account,Medium
TKT-02688,2024-05-23,The app crashes whenever I upload a file larger than 10MB. Please prioritize immediately because operations are down. for our enterprise workspace,Technical Issue,High
TKT-02689,2024-09-08,I cannot verify my email so onboarding is blocked. Critical issue affecting multiple paying customers. for our customer success unit,Account,High
TKT-02690,2025-05-01,My account was suspended and I need reactivation support. Requesting timely support to avoid escalation. for our enterprise workspace,Account,Medium
TKT-02691,2025-03-20,Payment failed but my bank statement shows the amount deducted. This is impacting workflow and needs attention soon. for our IT service team,Billing,Medium
TKT-02692,2024-08-19,User permissions are wrong for our team workspace. This is impacting workflow and needs attention soon. for our customer success unit,Account,Medium
TKT-02693,2024-06-12,"Please help me reset my password for the admin account. No rush, this is a general improvement request. for our startup operations",Account,Low
TKT-02694,2024-06-30,System reports an error when we try to export reports. This is impacting workflow and needs attention soon. for our finance team,Technical Issue,Medium
TKT-02695,2024-09-18,Do you support integration with third-party CRM tools? This is informational and not blocking current work. for our enterprise workspace,General Query,Low
TKT-02696,2024-05-14,I cannot connect to the service from our office network. Please review within the next business day. for our IT service team,Technical Issue,Medium
TKT-02697,2024-03-15,Can someone share best practices for onboarding new users? This is informational and not blocking current work. for our finance team,General Query,Low
TKT-02698,2025-03-16,I was charged twice for my monthly plan and need a refund. Need immediate action before end of business today. for our enterprise workspace,Billing,High
TKT-02699,2024-10-28,"The app crashes whenever I upload a file larger than 10MB. No rush, this is a general improvement request. for our startup operations",Technical Issue,Low
TKT-02700,2025-04-13,Invoice amount is incorrect for my last subscription renewal. Requesting timely support to avoid escalation. for our startup operations,Billing,Medium
TKT-02701,2024-02-03,I was charged twice for my monthly plan and need a refund. Critical issue affecting multiple paying customers. for our finance team,Billing,High
TKT-02702,2024-06-07,The app crashes whenever I upload a file larger than 10MB. Please review within the next business day. for our startup operations,Technical Issue,Medium
TKT-02703,2024-11-12,Can you explain this unexpected charge on my account? Can be handled when the team has capacity. for our startup operations,Billing,Low
TKT-02704,2024-02-08,I cannot connect to the service from our office network. This is impacting workflow and needs attention soon. for our customer success unit,Technical Issue,Medium
TKT-02705,2024-07-10,I am locked out after enabling two factor authentication. Can be handled when the team has capacity. for our support desk,Account,Low
TKT-02706,2024-08-20,Where can I find documentation for the analytics module? This is impacting workflow and needs attention soon. for our customer success unit,General Query,Medium
TKT-02707,2024-10-11,I cannot connect to the service from our office network. We can continue working but this should be fixed quickly. for our enterprise workspace,Technical Issue,Medium
TKT-02708,2024-01-23,The app crashes whenever I upload a file larger than 10MB. Need immediate action before end of business today. for our startup operations,Technical Issue,High
TKT-02709,2024-02-12,I cannot connect to the service from our office network. Please review within the next business day. for our finance team,Technical Issue,Medium
TKT-02710,2025-01-26,Notifications are not being delivered to our users. This is impacting workflow and needs attention soon. for our IT service team,Technical Issue,Medium
TKT-02711,2025-03-10,I am locked out after enabling two factor authentication. This is impacting workflow and needs attention soon. for our support desk,Account,Medium
TKT-02712,2024-01-30,My discount code was not applied to the latest invoice. This is informational and not blocking current work. for our startup operations,Billing,Low
TKT-02713,2024-08-15,Please help me reset my password for the admin account. Please review within the next business day. for our enterprise workspace,Account,Medium
TKT-02714,2024-05-27,I cannot connect to the service from our office network. Requesting timely support to avoid escalation. for our enterprise workspace,Technical Issue,Medium
TKT-02715,2024-09-23,My account was suspended and I need reactivation support. We can continue working but this should be fixed quickly. for our finance team,Account,Medium
TKT-02716,2024-04-22,Notifications are not being delivered to our users. Please review within the next business day. for our enterprise workspace,Technical Issue,Medium
TKT-02717,2024-01-28,API endpoint returns a 500 error for valid requests. This is urgent and blocking production. for our finance team,Technical Issue,High
TKT-02718,2024-03-20,User permissions are wrong for our team workspace. Can be handled when the team has capacity. for our IT service team,Account,Low
TKT-02719,2024-10-31,User permissions are wrong for our team workspace. Requesting timely support to avoid escalation. for our enterprise workspace,Account,Medium
TKT-02720,2025-02-24,Invoice amount is incorrect for my last subscription renewal. Please review within the next business day. for our finance team,Billing,Medium
TKT-02721,2025-04-10,"Billing portal shows overdue even though I paid yesterday. Low urgency, just looking for guidance. for our support desk",Billing,Low
TKT-02722,2025-04-03,How do I set up a recurring report for my team? We can continue working but this should be fixed quickly. for our support desk,General Query,Medium
TKT-02723,2024-05-10,System reports an error when we try to export reports. Please prioritize immediately because operations are down. for our finance team,Technical Issue,High
TKT-02724,2025-06-03,Where can I find documentation for the analytics module? This is informational and not blocking current work. for our support desk,General Query,Low
TKT-02725,2024-02-26,Dashboard is extremely slow and times out on login. This is impacting workflow and needs attention soon. for our IT service team,Technical Issue,Medium
TKT-02726,2024-09-14,My discount code was not applied to the latest invoice. Please review within the next business day. for our startup operations,Billing,Medium
TKT-02727,2024-01-13,My discount code was not applied to the latest invoice. Critical issue affecting multiple paying customers. for our customer success unit,Billing,High
TKT-02728,2024-11-17,Please help me reset my password for the admin account. This is informational and not blocking current work. for our startup operations,Account,Low
TKT-02729,2025-06-04,I cannot verify my email so onboarding is blocked. Requesting timely support to avoid escalation. for our finance team,Account,Medium
TKT-02730,2024-01-01,System reports an error when we try to export reports. Requesting timely support to avoid escalation. for our finance team,Technical Issue,Medium
TKT-02731,2024-07-18,The app crashes whenever I upload a file larger than 10MB. We can continue working but this should be fixed quickly. for our startup operations,Technical Issue,Medium
TKT-02732,2025-05-11,Dashboard is extremely slow and times out on login. Critical issue affecting multiple paying customers. for our customer success unit,Technical Issue,High
TKT-02733,2025-03-01,How do I set up a recurring report for my team? Please review within the next business day. for our customer success unit,General Query,Medium
TKT-02734,2024-03-07,I cannot verify my email so onboarding is blocked. Please review within the next business day. for our IT service team,Account,Medium
TKT-02735,2025-05-11,I cannot verify my email so onboarding is blocked. Please review within the next business day. for our finance team,Account,Medium
TKT-02736,2024-09-02,I cannot verify my email so onboarding is blocked. Can be handled when the team has capacity. for our customer success unit,Account,Low
TKT-02737,2025-03-18,"What is included in the business plan compared to basic? Low urgency, just looking for guidance. for our customer success unit",General Query,Low
TKT-02738,2025-05-21,The app crashes whenever I upload a file larger than 10MB. Please prioritize immediately because operations are down. for our IT service team,Technical Issue,High
TKT-02739,2025-06-08,The app crashes whenever I upload a file larger than 10MB. Requesting timely support to avoid escalation. for our IT service team,Technical Issue,Medium
TKT-02740,2025-06-17,Where can I find documentation for the analytics module? Can be handled when the team has capacity. for our startup operations,General Query,Low
TKT-02741,2025-01-07,Billing portal shows overdue even though I paid yesterday. Need immediate action before end of business today. for our enterprise workspace,Billing,High
TKT-02742,2025-05-24,I cannot connect to the service from our office network. Critical issue affecting multiple paying customers. for our customer success unit,Technical Issue,High
TKT-02743,2025-04-23,The app crashes whenever I upload a file larger than 10MB. Critical issue affecting multiple paying customers. for our enterprise workspace,Technical Issue,High
TKT-02744,2024-05-30,Do you support integration with third-party CRM tools? This is informational and not blocking current work. for our startup operations,General Query,Low
TKT-02745,2024-11-08,Dashboard is extremely slow and times out on login. Critical issue affecting multiple paying customers. for our IT service team,Technical Issue,High
TKT-02746,2024-03-16,Dashboard is extremely slow and times out on login. This is urgent and blocking production. for our support desk,Technical Issue,High
TKT-02747,2025-06-23,Please help me reset my password for the admin account. This is urgent and blocking production. for our startup operations,Account,High
TKT-02748,2025-01-21,Can you explain this unexpected charge on my account? This is informational and not blocking current work. for our support desk,Billing,Low
TKT-02749,2025-03-23,Dashboard is extremely slow and times out on login. Need immediate action before end of business today. for our finance team,Technical Issue,High
TKT-02750,2025-05-05,The app crashes whenever I upload a file larger than 10MB. We can continue working but this should be fixed quickly. for our finance team,Technical Issue,Medium
TKT-02751,2025-06-07,My account was suspended and I need reactivation support. Need immediate action before end of business today. for our enterprise workspace,Account,High
TKT-02752,2024-12-15,I need to update account ownership and billing contact. Need immediate action before end of business today. for our customer success unit,Account,High
TKT-02753,2025-04-05,I cannot connect to the service from our office network. We can continue working but this should be fixed quickly. for our customer success unit,Technical Issue,Medium
TKT-02754,2024-11-04,My account was suspended and I need reactivation support. Requesting timely support to avoid escalation. for our enterprise workspace,Account,Medium
TKT-02755,2025-01-05,API endpoint returns a 500 error for valid requests. This is urgent and blocking production. for our IT service team,Technical Issue,High
TKT-02756,2025-02-18,"System reports an error when we try to export reports. Low urgency, just looking for guidance. for our support desk",Technical Issue,Low
TKT-02757,2025-03-22,Can you explain this unexpected charge on my account? This is impacting workflow and needs attention soon. for our IT service team,Billing,Medium
TKT-02758,2024-05-22,API endpoint returns a 500 error for valid requests. Can be handled when the team has capacity. for our startup operations,Technical Issue,Low
TKT-02759,2025-05-06,"How do I set up a recurring report for my team? Low urgency, just looking for guidance. for our enterprise workspace",General Query,Low
TKT-02760,2025-04-02,The app crashes whenever I upload a file larger than 10MB. Critical issue affecting multiple paying customers. for our startup operations,Technical Issue,High
TKT-02761,2024-06-03,How do I set up a recurring report for my team? We can continue working but this should be fixed quickly. for our finance team,General Query,Medium
TKT-02762,2024-08-30,System reports an error when we try to export reports. Requesting timely support to avoid escalation. for our customer success unit,Technical Issue,Medium
TKT-02763,2024-07-16,System reports an error when we try to export reports. This is urgent and blocking production. for our finance team,Technical Issue,High
TKT-02764,2025-02-03,Do you support integration with third-party CRM tools? Can be handled when the team has capacity. for our IT service team,General Query,Low
TKT-02765,2024-02-14,Can you explain this unexpected charge on my account? Requesting timely support to avoid escalation. for our startup operations,Billing,Medium
TKT-02766,2024-05-31,The app crashes whenever I upload a file larger than 10MB. This is impacting workflow and needs attention soon. for our customer success unit,Technical Issue,Medium
TKT-02767,2024-08-21,Invoice amount is incorrect for my last subscription renewal. Requesting timely support to avoid escalation. for our IT service team,Billing,Medium
TKT-02768,2024-03-04,System reports an error when we try to export reports. Need immediate action before end of business today. for our startup operations,Technical Issue,High
TKT-02769,2024-06-19,What is included in the business plan compared to basic? Requesting timely support to avoid escalation. for our startup operations,General Query,Medium
TKT-02770,2025-02-10,I was charged twice for my monthly plan and need a refund. This is impacting workflow and needs attention soon. for our support desk,Billing,Medium
TKT-02771,2025-01-17,My account was suspended and I need reactivation support. This is impacting workflow and needs attention soon. for our customer success unit,Account,Medium
TKT-02772,2024-11-14,API endpoint returns a 500 error for valid requests. This is informational and not blocking current work. for our customer success unit,Technical Issue,Low
TKT-02773,2024-05-08,Can someone share best practices for onboarding new users? This is informational and not blocking current work. for our IT service team,General Query,Low
TKT-02774,2025-03-16,I need to update account ownership and billing contact. This is impacting workflow and needs attention soon. for our IT service team,Account,Medium
TKT-02775,2024-08-21,Can you explain this unexpected charge on my account? This is impacting workflow and needs attention soon. for our IT service team,Billing,Medium
TKT-02776,2024-11-26,Is there a tutorial for using custom dashboards? Critical issue affecting multiple paying customers. for our IT service team,General Query,High
TKT-02777,2024-08-31,How do I set up a recurring report for my team? Requesting timely support to avoid escalation. for our enterprise workspace,General Query,Medium
TKT-02778,2024-10-07,The app crashes whenever I upload a file larger than 10MB. Please prioritize immediately because operations are down. for our support desk,Technical Issue,High
TKT-02779,2024-09-26,Invoice amount is incorrect for my last subscription renewal. We can continue working but this should be fixed quickly. for our finance team,Billing,Medium
TKT-02780,2024-12-27,I was charged twice for my monthly plan and need a refund. Please review within the next business day. for our IT service team,Billing,Medium
TKT-02781,2024-02-11,Where can I find documentation for the analytics module? This is informational and not blocking current work. for our IT service team,General Query,Low
TKT-02782,2024-04-30,How do I set up a recurring report for my team? Please review within the next business day. for our finance team,General Query,Medium
TKT-02783,2024-06-01,"Billing portal shows overdue even though I paid yesterday. No rush, this is a general improvement request. for our enterprise workspace",Billing,Low
TKT-02784,2025-05-17,"Payment failed but my bank statement shows the amount deducted. Low urgency, just looking for guidance. for our enterprise workspace",Billing,Low
TKT-02785,2024-04-02,Do you support integration with third-party CRM tools? Can be handled when the team has capacity. for our finance team,General Query,Low
TKT-02786,2024-01-14,Dashboard is extremely slow and times out on login. Critical issue affecting multiple paying customers. for our finance team,Technical Issue,High
TKT-02787,2024-01-27,Can you explain this unexpected charge on my account? This is impacting workflow and needs attention soon. for our support desk,Billing,Medium
TKT-02788,2024-03-20,Can you explain this unexpected charge on my account? This is impacting workflow and needs attention soon. for our startup operations,Billing,Medium
TKT-02789,2024-01-20,"My discount code was not applied to the latest invoice. No rush, this is a general improvement request. for our finance team",Billing,Low
TKT-02790,2024-05-23,"What is included in the business plan compared to basic? No rush, this is a general improvement request. for our enterprise workspace",General Query,Low
TKT-02791,2025-05-17,Invoice amount is incorrect for my last subscription renewal. Please review within the next business day. for our support desk,Billing,Medium
TKT-02792,2025-04-22,My account was suspended and I need reactivation support. This is impacting workflow and needs attention soon. for our finance team,Account,Medium
TKT-02793,2025-01-17,"User permissions are wrong for our team workspace. No rush, this is a general improvement request. for our startup operations",Account,Low
TKT-02794,2024-10-01,I cannot verify my email so onboarding is blocked. This is informational and not blocking current work. for our startup operations,Account,Low
TKT-02795,2024-11-19,API endpoint returns a 500 error for valid requests. Requesting timely support to avoid escalation. for our IT service team,Technical Issue,Medium
TKT-02796,2025-04-11,Payment failed but my bank statement shows the amount deducted. Critical issue affecting multiple paying customers. for our enterprise workspace,Billing,High
TKT-02797,2024-09-27,Invoice amount is incorrect for my last subscription renewal. Requesting timely support to avoid escalation. for our startup operations,Billing,Medium
TKT-02798,2024-03-04,I was charged twice for my monthly plan and need a refund. Please review within the next business day. for our customer success unit,Billing,Medium
TKT-02799,2024-11-25,Please help me reset my password for the admin account. We can continue working but this should be fixed quickly. for our finance team,Account,Medium
TKT-02800,2024-02-22,Payment failed but my bank statement shows the amount deducted. This is urgent and blocking production. for our enterprise workspace,Billing,High
